{
    "abstract": "Large Language Models (LLMs) have demonstrated remarkable generation capabilities but often struggle to access up-to-date information, which can lead to hallucinations. Retrieval-Augmented Generation (RAG) addresses this issue by incorporating knowledge from external databases, enabling more accurate and relevant responses. Due to the context window constraints of LLMs, it is impractical to input the entire external database context directly into the model. Instead, only the most relevant information, referred to as chunks, is selectively retrieved. However, current RAG research faces three key challenges. First, existing solutions often select each chunk independently, overlooking potential correlations among them. Second, in practice the utility of chunks is non-monotonic, meaning that adding more chunks can decrease overall utility. Traditional methods emphasize maximizing the number of included chunks, which can inadvertently compromise performance. Third, each type of user query possesses unique characteristics that require tailored handling, an aspect that current approaches do not fully consider. To overcome these challenges, we propose a cost constrained retrieval optimization system CORAG for retrieval-augmented generation. We employ a Monte Carlo Tree Search (MCTS) based policy framework to find optimal chunk combinations sequentially, allowing for a comprehensive consideration of correlations among chunks. Additionally, rather than viewing budget exhaustion as a termination condition, we integrate budget constraints into the optimization of chunk combinations, effectively addressing the non-monotonicity of chunk utility.",
    "arxivId": "2411.00744",
    "authors": [
        {
            "authorId": "2180482496",
            "name": "Ziting Wang",
            "url": "https://www.semanticscholar.org/author/2180482496"
        },
        {
            "authorId": "2297739833",
            "name": "Haitao Yuan",
            "url": "https://www.semanticscholar.org/author/2297739833"
        },
        {
            "authorId": "2329166694",
            "name": "Wei Dong",
            "url": "https://www.semanticscholar.org/author/2329166694"
        },
        {
            "authorId": "2290121011",
            "name": "Gao Cong",
            "url": "https://www.semanticscholar.org/author/2290121011"
        },
        {
            "authorId": "2329058750",
            "name": "Feifei Li",
            "url": "https://www.semanticscholar.org/author/2329058750"
        }
    ],
    "citationVelocity": 0,
    "citations": [],
    "corpusId": 273798183,
    "doi": "10.48550/arXiv.2411.00744",
    "fieldsOfStudy": [
        "Computer Science"
    ],
    "influentialCitationCount": 0,
    "isOpenAccess": false,
    "isPublisherLicensed": true,
    "is_open_access": false,
    "is_publisher_licensed": true,
    "numCitedBy": 0,
    "numCiting": 44,
    "paperId": "12f848c4b631784dd5ec4be2b4d28bb5ab9bf3a3",
    "references": [
        {
            "arxivId": "2409.14924",
            "authors": [
                {
                    "authorId": "2268432582",
                    "name": "Siyun Zhao"
                },
                {
                    "authorId": "2125051198",
                    "name": "Yuqing Yang"
                },
                {
                    "authorId": "2294387070",
                    "name": "Zilong Wang"
                },
                {
                    "authorId": "2260609693",
                    "name": "Zhiyuan He"
                },
                {
                    "authorId": "2180993402",
                    "name": "Luna K. Qiu"
                },
                {
                    "authorId": "2259937079",
                    "name": "Lili Qiu"
                }
            ],
            "doi": "10.48550/arXiv.2409.14924",
            "intent": [],
            "isInfluential": false,
            "paperId": "339d2a56f0e5176b691c358a86891e2923045c8c",
            "title": "Retrieval Augmented Generation (RAG) and Beyond: A Comprehensive Survey on How to Make your LLMs use External Data More Wisely",
            "url": "https://www.semanticscholar.org/paper/339d2a56f0e5176b691c358a86891e2923045c8c",
            "venue": "ArXiv",
            "year": 2024
        },
        {
            "arxivId": "2409.01666",
            "authors": [
                {
                    "authorId": "2310671061",
                    "name": "Tan Yu"
                },
                {
                    "authorId": "2305675294",
                    "name": "Anbang Xu"
                },
                {
                    "authorId": "2305730480",
                    "name": "Rama Akkiraju"
                }
            ],
            "doi": "10.48550/arXiv.2409.01666",
            "intent": [],
            "isInfluential": false,
            "paperId": "ee6839535cf6b864d8b1110eea304f89d4bb3f4a",
            "title": "In Defense of RAG in the Era of Long-Context Language Models",
            "url": "https://www.semanticscholar.org/paper/ee6839535cf6b864d8b1110eea304f89d4bb3f4a",
            "venue": "ArXiv",
            "year": 2024
        },
        {
            "arxivId": null,
            "authors": [
                {
                    "authorId": "2123787551",
                    "name": "Xinyang Zhao"
                },
                {
                    "authorId": "50177381",
                    "name": "Xuanhe Zhou"
                },
                {
                    "authorId": "2108491595",
                    "name": "Guoliang Li"
                }
            ],
            "doi": "10.14778/3685800.3685905",
            "intent": [],
            "isInfluential": false,
            "paperId": "e970d243e9fb56100a0371733466ad887a038938",
            "title": "Chat2Data: An Interactive Data Analysis System with RAG, Vector Databases and LLMs",
            "url": "https://www.semanticscholar.org/paper/e970d243e9fb56100a0371733466ad887a038938",
            "venue": "Proc. VLDB Endow.",
            "year": 2024
        },
        {
            "arxivId": "2406.15319",
            "authors": [
                {
                    "authorId": "2112347577",
                    "name": "Ziyan Jiang"
                },
                {
                    "authorId": "2307982793",
                    "name": "Xueguang Ma"
                },
                {
                    "authorId": "2253811180",
                    "name": "Wenhu Chen"
                }
            ],
            "doi": "10.48550/arXiv.2406.15319",
            "intent": [],
            "isInfluential": false,
            "paperId": "9e015a8524261d4c040c10fa773ddbb02a49ee38",
            "title": "LongRAG: Enhancing Retrieval-Augmented Generation with Long-context LLMs",
            "url": "https://www.semanticscholar.org/paper/9e015a8524261d4c040c10fa773ddbb02a49ee38",
            "venue": "ArXiv",
            "year": 2024
        },
        {
            "arxivId": "2406.12566",
            "authors": [
                {
                    "authorId": "2109464614",
                    "name": "Shuting Wang"
                },
                {
                    "authorId": "2307268443",
                    "name": "Xin Xu"
                },
                {
                    "authorId": "2242171637",
                    "name": "Mang Wang"
                },
                {
                    "authorId": "2299165327",
                    "name": "Weipeng Chen"
                },
                {
                    "authorId": "1900406",
                    "name": "Yutao Zhu"
                },
                {
                    "authorId": "2257039188",
                    "name": "Zhicheng Dou"
                }
            ],
            "doi": "10.48550/arXiv.2406.12566",
            "intent": [],
            "isInfluential": false,
            "paperId": "3fb916e2d701680cca142167496aeca7b9ec3dd3",
            "title": "RichRAG: Crafting Rich Responses for Multi-faceted Queries in Retrieval-Augmented Generation",
            "url": "https://www.semanticscholar.org/paper/3fb916e2d701680cca142167496aeca7b9ec3dd3",
            "venue": "ArXiv",
            "year": 2024
        },
        {
            "arxivId": "2405.02816",
            "authors": [
                {
                    "authorId": "2293725953",
                    "name": "Hamed Zamani"
                },
                {
                    "authorId": "2240516450",
                    "name": "Michael Bendersky"
                }
            ],
            "doi": "10.48550/arXiv.2405.02816",
            "intent": [],
            "isInfluential": false,
            "paperId": "996dc8160751faf0175441cf2cca4fc36a2da84f",
            "title": "Stochastic RAG: End-to-End Retrieval-Augmented Generation through Expected Utility Maximization",
            "url": "https://www.semanticscholar.org/paper/996dc8160751faf0175441cf2cca4fc36a2da84f",
            "venue": "SIGIR",
            "year": 2024
        },
        {
            "arxivId": "2403.06840",
            "authors": [
                {
                    "authorId": null,
                    "name": "Yanming Liu"
                },
                {
                    "authorId": "2291082069",
                    "name": "Xinyue Peng"
                },
                {
                    "authorId": "2290975291",
                    "name": "Xuhong Zhang"
                },
                {
                    "authorId": "2290973054",
                    "name": "Weihao Liu"
                },
                {
                    "authorId": "2291142301",
                    "name": "Jianwei Yin"
                },
                {
                    "authorId": "2291056022",
                    "name": "Jiannan Cao"
                },
                {
                    "authorId": "2290912812",
                    "name": "Tianyu Du"
                }
            ],
            "doi": "10.48550/arXiv.2403.06840",
            "intent": [],
            "isInfluential": false,
            "paperId": "1778f1b36d07a6a0166de4c91f2f2e7a2a225f84",
            "title": "RA-ISF: Learning to Answer and Understand from Retrieval Augmentation via Iterative Self-Feedback",
            "url": "https://www.semanticscholar.org/paper/1778f1b36d07a6a0166de4c91f2f2e7a2a225f84",
            "venue": "ACL",
            "year": 2024
        },
        {
            "arxivId": "2402.19473",
            "authors": [
                {
                    "authorId": "2268718776",
                    "name": "Penghao Zhao"
                },
                {
                    "authorId": "2288557803",
                    "name": "Hailin Zhang"
                },
                {
                    "authorId": "2289597580",
                    "name": "Qinhan Yu"
                },
                {
                    "authorId": "2288675277",
                    "name": "Zhengren Wang"
                },
                {
                    "authorId": "2288532368",
                    "name": "Yunteng Geng"
                },
                {
                    "authorId": "46182701",
                    "name": "Fangcheng Fu"
                },
                {
                    "authorId": "2249513224",
                    "name": "Ling Yang"
                },
                {
                    "authorId": "2277807793",
                    "name": "Wentao Zhang"
                },
                {
                    "authorId": "2277742543",
                    "name": "Bin Cui"
                }
            ],
            "doi": "10.48550/arXiv.2402.19473",
            "intent": [],
            "isInfluential": false,
            "paperId": "ab15463babf98fffc6f683fe2026de0725b5e1a9",
            "title": "Retrieval-Augmented Generation for AI-Generated Content: A Survey",
            "url": "https://www.semanticscholar.org/paper/ab15463babf98fffc6f683fe2026de0725b5e1a9",
            "venue": "ArXiv",
            "year": 2024
        },
        {
            "arxivId": "2401.18059",
            "authors": [
                {
                    "authorId": "47157377",
                    "name": "Parth Sarthi"
                },
                {
                    "authorId": "2281944713",
                    "name": "Salman Abdullah"
                },
                {
                    "authorId": "2281943586",
                    "name": "Aditi Tuli"
                },
                {
                    "authorId": "2281944065",
                    "name": "Shubh Khanna"
                },
                {
                    "authorId": "2281943701",
                    "name": "Anna Goldie"
                },
                {
                    "authorId": "2262643057",
                    "name": "Christopher D. Manning"
                }
            ],
            "doi": "10.48550/arXiv.2401.18059",
            "intent": [],
            "isInfluential": false,
            "paperId": "1d40f07569482d24e3335ffb31394d4bf1567e6f",
            "title": "RAPTOR: Recursive Abstractive Processing for Tree-Organized Retrieval",
            "url": "https://www.semanticscholar.org/paper/1d40f07569482d24e3335ffb31394d4bf1567e6f",
            "venue": "ICLR",
            "year": 2024
        },
        {
            "arxivId": "2401.14887",
            "authors": [
                {
                    "authorId": "2281641042",
                    "name": "Florin Cuconasu"
                },
                {
                    "authorId": "120709579",
                    "name": "Giovanni Trappolini"
                },
                {
                    "authorId": "1752951302",
                    "name": "F. Siciliano"
                },
                {
                    "authorId": "2281640399",
                    "name": "Simone Filice"
                },
                {
                    "authorId": "2061745788",
                    "name": "Cesare Campagnano"
                },
                {
                    "authorId": "1781257",
                    "name": "Y. Maarek"
                },
                {
                    "authorId": "2281641625",
                    "name": "Nicola Tonellotto"
                },
                {
                    "authorId": "2276426254",
                    "name": "Fabrizio Silvestri"
                }
            ],
            "doi": "10.1145/3626772.3657834",
            "intent": [],
            "isInfluential": false,
            "paperId": "77179e5ff669452b9bea479a4236a6e2009ee422",
            "title": "The Power of Noise: Redefining Retrieval for RAG Systems",
            "url": "https://www.semanticscholar.org/paper/77179e5ff669452b9bea479a4236a6e2009ee422",
            "venue": "SIGIR",
            "year": 2024
        },
        {
            "arxivId": "2312.16098",
            "authors": [
                {
                    "authorId": "2124417361",
                    "name": "M. Tamber"
                },
                {
                    "authorId": "1816753042",
                    "name": "Ronak Pradeep"
                },
                {
                    "authorId": "145580839",
                    "name": "Jimmy J. Lin"
                }
            ],
            "doi": "10.48550/arXiv.2312.16098",
            "intent": [],
            "isInfluential": false,
            "paperId": "4267ba44ced8e2c6afa39547aa6657aef62502e1",
            "title": "Scaling Down, LiTting Up: Efficient Zero-Shot Listwise Reranking with Seq2seq Encoder-Decoder Models",
            "url": "https://www.semanticscholar.org/paper/4267ba44ced8e2c6afa39547aa6657aef62502e1",
            "venue": "ArXiv",
            "year": 2023
        },
        {
            "arxivId": "2310.13243",
            "authors": [
                {
                    "authorId": "1630489015",
                    "name": "Shengyao Zhuang"
                },
                {
                    "authorId": "143830418",
                    "name": "Bing Liu"
                },
                {
                    "authorId": "1783566",
                    "name": "B. Koopman"
                },
                {
                    "authorId": "1692855",
                    "name": "G. Zuccon"
                }
            ],
            "doi": "10.48550/arXiv.2310.13243",
            "intent": [],
            "isInfluential": false,
            "paperId": "955ffeebf843f15334c5902fc1f74af512e5e8b6",
            "title": "Open-source Large Language Models are Strong Zero-shot Query Likelihood Models for Document Ranking",
            "url": "https://www.semanticscholar.org/paper/955ffeebf843f15334c5902fc1f74af512e5e8b6",
            "venue": "EMNLP",
            "year": 2023
        },
        {
            "arxivId": "2310.11511",
            "authors": [
                {
                    "authorId": "35584853",
                    "name": "Akari Asai"
                },
                {
                    "authorId": "7806955",
                    "name": "Zeqiu Wu"
                },
                {
                    "authorId": "1705260",
                    "name": "Yizhong Wang"
                },
                {
                    "authorId": "2707234",
                    "name": "Avirup Sil"
                },
                {
                    "authorId": "2548384",
                    "name": "Hannaneh Hajishirzi"
                }
            ],
            "doi": "10.48550/arXiv.2310.11511",
            "intent": [],
            "isInfluential": false,
            "paperId": "ddbd8fe782ac98e9c64dd98710687a962195dd9b",
            "title": "Self-RAG: Learning to Retrieve, Generate, and Critique through Self-Reflection",
            "url": "https://www.semanticscholar.org/paper/ddbd8fe782ac98e9c64dd98710687a962195dd9b",
            "venue": "ICLR",
            "year": 2023
        },
        {
            "arxivId": "2306.17563",
            "authors": [
                {
                    "authorId": "2099586642",
                    "name": "Zhen Qin"
                },
                {
                    "authorId": "1886219",
                    "name": "R. Jagerman"
                },
                {
                    "authorId": "47214884",
                    "name": "Kai Hui"
                },
                {
                    "authorId": "39371343",
                    "name": "Honglei Zhuang"
                },
                {
                    "authorId": "14737712",
                    "name": "Junru Wu"
                },
                {
                    "authorId": "3363642",
                    "name": "Jiaming Shen"
                },
                {
                    "authorId": "2115346248",
                    "name": "Tianqi Liu"
                },
                {
                    "authorId": "2746747",
                    "name": "Jialu Liu"
                },
                {
                    "authorId": "1680617",
                    "name": "Donald Metzler"
                },
                {
                    "authorId": "1526973500",
                    "name": "Xuanhui Wang"
                },
                {
                    "authorId": "1815447",
                    "name": "Michael Bendersky"
                }
            ],
            "doi": "10.48550/arXiv.2306.17563",
            "intent": [],
            "isInfluential": false,
            "paperId": "2d3bc530d8f1ed36932a70bc362ea94d988adec9",
            "title": "Large Language Models are Effective Text Rankers with Pairwise Ranking Prompting",
            "url": "https://www.semanticscholar.org/paper/2d3bc530d8f1ed36932a70bc362ea94d988adec9",
            "venue": "NAACL-HLT",
            "year": 2023
        },
        {
            "arxivId": "2305.19912",
            "authors": [
                {
                    "authorId": "2109419838",
                    "name": "Xinze Li"
                },
                {
                    "authorId": "49047064",
                    "name": "Zhenghao Liu"
                },
                {
                    "authorId": "2139787803",
                    "name": "Chenyan Xiong"
                },
                {
                    "authorId": "12493038",
                    "name": "Shi Yu"
                },
                {
                    "authorId": "144955064",
                    "name": "Yu Gu"
                },
                {
                    "authorId": "2109232579",
                    "name": "Zhiyuan Liu"
                },
                {
                    "authorId": "2110954235",
                    "name": "Ge Yu"
                }
            ],
            "doi": "10.48550/arXiv.2305.19912",
            "intent": [],
            "isInfluential": false,
            "paperId": "a57b90cfc2eab46b773e65240d4ff910f05f989e",
            "title": "Structure-Aware Language Model Pretraining Improves Dense Retrieval on Structured Data",
            "url": "https://www.semanticscholar.org/paper/a57b90cfc2eab46b773e65240d4ff910f05f989e",
            "venue": "ACL",
            "year": 2023
        },
        {
            "arxivId": "2301.12652",
            "authors": [
                {
                    "authorId": "3040379",
                    "name": "Weijia Shi"
                },
                {
                    "authorId": "48872685",
                    "name": "Sewon Min"
                },
                {
                    "authorId": "19168196",
                    "name": "Michihiro Yasunaga"
                },
                {
                    "authorId": "4418074",
                    "name": "Minjoon Seo"
                },
                {
                    "authorId": "2191899140",
                    "name": "Rich James"
                },
                {
                    "authorId": "35084211",
                    "name": "M. Lewis"
                },
                {
                    "authorId": "1982950",
                    "name": "Luke Zettlemoyer"
                },
                {
                    "authorId": "2072801764",
                    "name": "Wen-tau Yih"
                }
            ],
            "doi": "10.48550/arXiv.2301.12652",
            "intent": [],
            "isInfluential": false,
            "paperId": "07b14c24833400b79978b0a5f084803337e30a15",
            "title": "REPLUG: Retrieval-Augmented Black-Box Language Models",
            "url": "https://www.semanticscholar.org/paper/07b14c24833400b79978b0a5f084803337e30a15",
            "venue": "NAACL",
            "year": 2023
        },
        {
            "arxivId": "2210.10634",
            "authors": [
                {
                    "authorId": "39371343",
                    "name": "Honglei Zhuang"
                },
                {
                    "authorId": "2099586642",
                    "name": "Zhen Qin"
                },
                {
                    "authorId": "1886219",
                    "name": "R. Jagerman"
                },
                {
                    "authorId": "47214884",
                    "name": "Kai Hui"
                },
                {
                    "authorId": "2109919783",
                    "name": "Ji Ma"
                },
                {
                    "authorId": "2115404379",
                    "name": "Jing Lu"
                },
                {
                    "authorId": "2148023",
                    "name": "Jianmo Ni"
                },
                {
                    "authorId": "1526973500",
                    "name": "Xuanhui Wang"
                },
                {
                    "authorId": "1815447",
                    "name": "Michael Bendersky"
                }
            ],
            "doi": "10.1145/3539618.3592047",
            "intent": [],
            "isInfluential": false,
            "paperId": "4f26132fe5a982f47bba8941dba84cc0d6aa4cbc",
            "title": "RankT5: Fine-Tuning T5 for Text Ranking with Ranking Losses",
            "url": "https://www.semanticscholar.org/paper/4f26132fe5a982f47bba8941dba84cc0d6aa4cbc",
            "venue": "SIGIR",
            "year": 2022
        },
        {
            "arxivId": "2204.07496",
            "authors": [
                {
                    "authorId": "39670454",
                    "name": "Devendra Singh Sachan"
                },
                {
                    "authorId": "35084211",
                    "name": "M. Lewis"
                },
                {
                    "authorId": "2052143361",
                    "name": "Mandar Joshi"
                },
                {
                    "authorId": "2201435",
                    "name": "Armen Aghajanyan"
                },
                {
                    "authorId": "2072801764",
                    "name": "Wen-tau Yih"
                },
                {
                    "authorId": "145134884",
                    "name": "J. Pineau"
                },
                {
                    "authorId": "1982950",
                    "name": "Luke Zettlemoyer"
                }
            ],
            "doi": "10.48550/arXiv.2204.07496",
            "intent": [],
            "isInfluential": false,
            "paperId": "5f8f992d84d5f8b5e8806dad6076bcc4dca11a34",
            "title": "Improving Passage Retrieval with Zero-Shot Question Generation",
            "url": "https://www.semanticscholar.org/paper/5f8f992d84d5f8b5e8806dad6076bcc4dca11a34",
            "venue": "EMNLP",
            "year": 2022
        },
        {
            "arxivId": "2203.05115",
            "authors": [
                {
                    "authorId": "2672644",
                    "name": "Angeliki Lazaridou"
                },
                {
                    "authorId": "1980809",
                    "name": "E. Gribovskaya"
                },
                {
                    "authorId": "3448463",
                    "name": "Wojciech Stokowiec"
                },
                {
                    "authorId": "2041774192",
                    "name": "N. Grigorev"
                }
            ],
            "doi": "10.48550/arXiv.2203.05115",
            "intent": [],
            "isInfluential": false,
            "paperId": "c70eb74e09c41e8fcc71dd59e3b4d631f657f7cd",
            "title": "Internet-augmented language models through few-shot prompting for open-domain question answering",
            "url": "https://www.semanticscholar.org/paper/c70eb74e09c41e8fcc71dd59e3b4d631f657f7cd",
            "venue": "ArXiv",
            "year": 2022
        },
        {
            "arxivId": "2112.09332",
            "authors": [
                {
                    "authorId": "7406311",
                    "name": "Reiichiro Nakano"
                },
                {
                    "authorId": "2052366271",
                    "name": "Jacob Hilton"
                },
                {
                    "authorId": "2054519183",
                    "name": "S. Balaji"
                },
                {
                    "authorId": "49387725",
                    "name": "Jeff Wu"
                },
                {
                    "authorId": "2228518120",
                    "name": "Ouyang Long"
                },
                {
                    "authorId": "2149054292",
                    "name": "Christina Kim"
                },
                {
                    "authorId": "144239765",
                    "name": "Christopher Hesse"
                },
                {
                    "authorId": "150298413",
                    "name": "Shantanu Jain"
                },
                {
                    "authorId": "13622184",
                    "name": "Vineet Kosaraju"
                },
                {
                    "authorId": "2058848938",
                    "name": "W. Saunders"
                },
                {
                    "authorId": "2115903168",
                    "name": "Xu Jiang"
                },
                {
                    "authorId": "6062736",
                    "name": "K. Cobbe"
                },
                {
                    "authorId": "2146257131",
                    "name": "Tyna Eloundou"
                },
                {
                    "authorId": "2064404342",
                    "name": "Gretchen Krueger"
                },
                {
                    "authorId": "2146257251",
                    "name": "Kevin Button"
                },
                {
                    "authorId": "2146257375",
                    "name": "Matthew Knight"
                },
                {
                    "authorId": "1490681878",
                    "name": "B. Chess"
                },
                {
                    "authorId": "47971768",
                    "name": "John Schulman"
                }
            ],
            "doi": null,
            "intent": [],
            "isInfluential": false,
            "paperId": "2f3efe44083af91cef562c1a3451eee2f8601d22",
            "title": "WebGPT: Browser-assisted question-answering with human feedback",
            "url": "https://www.semanticscholar.org/paper/2f3efe44083af91cef562c1a3451eee2f8601d22",
            "venue": "ArXiv",
            "year": 2021
        },
        {
            "arxivId": null,
            "authors": [
                {
                    "authorId": "50177381",
                    "name": "Xuanhe Zhou"
                },
                {
                    "authorId": "47949377",
                    "name": "Guoliang Li"
                },
                {
                    "authorId": "1720852203",
                    "name": "Chengliang Chai"
                },
                {
                    "authorId": "145556736",
                    "name": "Jianhua Feng"
                }
            ],
            "doi": "10.14778/3485450.3485456",
            "intent": [],
            "isInfluential": false,
            "paperId": "baa9d914ef9612cb1d61e6ac6bc6ed7269db4759",
            "title": "A Learned Query Rewrite System using Monte Carlo Tree Search",
            "url": "https://www.semanticscholar.org/paper/baa9d914ef9612cb1d61e6ac6bc6ed7269db4759",
            "venue": "Proc. VLDB Endow.",
            "year": 2021
        },
        {
            "arxivId": "2104.08786",
            "authors": [
                {
                    "authorId": "40282678",
                    "name": "Yao Lu"
                },
                {
                    "authorId": "153408953",
                    "name": "Max Bartolo"
                },
                {
                    "authorId": "51114267",
                    "name": "Alastair Moore"
                },
                {
                    "authorId": "48662861",
                    "name": "Sebastian Riedel"
                },
                {
                    "authorId": "1918552",
                    "name": "Pontus Stenetorp"
                }
            ],
            "doi": "10.18653/v1/2022.acl-long.556",
            "intent": [],
            "isInfluential": false,
            "paperId": "0adec918885dff698acf359988ed79a543157f80",
            "title": "Fantastically Ordered Prompts and Where to Find Them: Overcoming Few-Shot Prompt Order Sensitivity",
            "url": "https://www.semanticscholar.org/paper/0adec918885dff698acf359988ed79a543157f80",
            "venue": "ACL",
            "year": 2021
        },
        {
            "arxivId": "2005.11401",
            "authors": [
                {
                    "authorId": "145222654",
                    "name": "Patrick Lewis"
                },
                {
                    "authorId": "3439053",
                    "name": "Ethan Perez"
                },
                {
                    "authorId": "1716179427",
                    "name": "Aleksandara Piktus"
                },
                {
                    "authorId": "40052301",
                    "name": "F. Petroni"
                },
                {
                    "authorId": "2067091563",
                    "name": "Vladimir Karpukhin"
                },
                {
                    "authorId": "39589154",
                    "name": "Naman Goyal"
                },
                {
                    "authorId": "103131985",
                    "name": "Heinrich Kuttler"
                },
                {
                    "authorId": "35084211",
                    "name": "M. Lewis"
                },
                {
                    "authorId": "144105277",
                    "name": "Wen-tau Yih"
                },
                {
                    "authorId": "2620211",
                    "name": "Tim Rockt\u00e4schel"
                },
                {
                    "authorId": "48662861",
                    "name": "Sebastian Riedel"
                },
                {
                    "authorId": "1743722",
                    "name": "Douwe Kiela"
                }
            ],
            "doi": null,
            "intent": [],
            "isInfluential": false,
            "paperId": "58ed1fbaabe027345f7bb3a6312d41c5aac63e22",
            "title": "Retrieval-Augmented Generation for Knowledge-Intensive NLP Tasks",
            "url": "https://www.semanticscholar.org/paper/58ed1fbaabe027345f7bb3a6312d41c5aac63e22",
            "venue": "NeurIPS",
            "year": 2020
        },
        {
            "arxivId": "1611.09268",
            "authors": [
                {
                    "authorId": "144081089",
                    "name": "Daniel Fernando Campos"
                },
                {
                    "authorId": "2116109215",
                    "name": "Tri Nguyen"
                },
                {
                    "authorId": "40319105",
                    "name": "Mir Rosenberg"
                },
                {
                    "authorId": "50706785",
                    "name": "Xia Song"
                },
                {
                    "authorId": "1800422",
                    "name": "Jianfeng Gao"
                },
                {
                    "authorId": "40070335",
                    "name": "Saurabh Tiwary"
                },
                {
                    "authorId": "32431940",
                    "name": "Rangan Majumder"
                },
                {
                    "authorId": "144718788",
                    "name": "L. Deng"
                },
                {
                    "authorId": "116506812",
                    "name": "Bhaskar Mitra"
                }
            ],
            "doi": null,
            "intent": [],
            "isInfluential": false,
            "paperId": "dd95f96e3322dcaee9b1e3f7871ecc3ebcd51bfe",
            "title": "MS MARCO: A Human Generated MAchine Reading COmprehension Dataset",
            "url": "https://www.semanticscholar.org/paper/dd95f96e3322dcaee9b1e3f7871ecc3ebcd51bfe",
            "venue": "CoCo@NIPS",
            "year": 2016
        },
        {
            "arxivId": "1510.03055",
            "authors": [
                {
                    "authorId": "49298465",
                    "name": "Jiwei Li"
                },
                {
                    "authorId": "1947267",
                    "name": "Michel Galley"
                },
                {
                    "authorId": "3125776",
                    "name": "Chris Brockett"
                },
                {
                    "authorId": "1800422",
                    "name": "Jianfeng Gao"
                },
                {
                    "authorId": "83415753",
                    "name": "W. Dolan"
                }
            ],
            "doi": "10.18653/v1/N16-1014",
            "intent": [],
            "isInfluential": false,
            "paperId": "651e5bcc14f14605a879303e97572a27ea8c7956",
            "title": "A Diversity-Promoting Objective Function for Neural Conversation Models",
            "url": "https://www.semanticscholar.org/paper/651e5bcc14f14605a879303e97572a27ea8c7956",
            "venue": "NAACL",
            "year": 2015
        },
        {
            "arxivId": null,
            "authors": [
                {
                    "authorId": "145980720",
                    "name": "A. Trotman"
                },
                {
                    "authorId": "2006403",
                    "name": "Antti Puurula"
                },
                {
                    "authorId": "1785481",
                    "name": "Blake Burgess"
                }
            ],
            "doi": "10.1145/2682862.2682863",
            "intent": [],
            "isInfluential": false,
            "paperId": "52dec0b76c6fce7596fc3fee1c56907a26469c2b",
            "title": "Improvements to BM25 and Language Models Examined",
            "url": "https://www.semanticscholar.org/paper/52dec0b76c6fce7596fc3fee1c56907a26469c2b",
            "venue": "ADCS",
            "year": 2014
        },
        {
            "arxivId": null,
            "authors": [
                {
                    "authorId": "144430625",
                    "name": "S. Robertson"
                },
                {
                    "authorId": "2833561",
                    "name": "H. Zaragoza"
                },
                {
                    "authorId": "2116741026",
                    "name": "Michael J. Taylor"
                }
            ],
            "doi": "10.1145/1031171.1031181",
            "intent": [],
            "isInfluential": false,
            "paperId": "10b2752c9940e9c761a161a0fef7ae08cae66301",
            "title": "Simple BM25 extension to multiple weighted fields",
            "url": "https://www.semanticscholar.org/paper/10b2752c9940e9c761a161a0fef7ae08cae66301",
            "venue": "CIKM '04",
            "year": 2004
        },
        {
            "arxivId": null,
            "authors": [
                {
                    "authorId": "1799376",
                    "name": "G. Graefe"
                },
                {
                    "authorId": "70465984",
                    "name": "William J. McKenna"
                }
            ],
            "doi": "10.1109/ICDE.1993.344061",
            "intent": [],
            "isInfluential": false,
            "paperId": "3e60ef911adea3dbc771a07d8c388d47a2cf0d8d",
            "title": "The Volcano optimizer generator: extensibility and efficient search",
            "url": "https://www.semanticscholar.org/paper/3e60ef911adea3dbc771a07d8c388d47a2cf0d8d",
            "venue": "Proceedings of IEEE 9th International Conference on Data Engineering",
            "year": 1993
        }
    ],
    "s2FieldsOfStudy": [
        {
            "category": "Computer Science",
            "source": "external"
        },
        {
            "category": "Computer Science",
            "source": "s2-fos-model"
        }
    ],
    "title": "CORAG: A Cost-Constrained Retrieval Optimization System for Retrieval-Augmented Generation",
    "topics": [],
    "url": "https://www.semanticscholar.org/paper/12f848c4b631784dd5ec4be2b4d28bb5ab9bf3a3",
    "venue": "arXiv.org",
    "year": 2024
}