{
    "abstract": "The telecommunications industry's rapid evolution demands intelligent systems capable of managing complex networks and adapting to emerging technologies. While large language models (LLMs) show promise in addressing these challenges, their deployment in telecom environments faces significant constraints due to edge device limitations and inconsistent documentation. To bridge this gap, we present TeleOracle, a telecom-specialized retrieval-augmented generation (RAG) system built on the Phi-2 small language model (SLM). To improve context retrieval, TeleOracle employs a two-stage retriever that incorporates semantic chunking and hybrid keyword and semantic search. Additionally, we expand the context window during inference to enhance the model's performance on open-ended queries. We also employ low-rank adaption for efficient fine-tuning. A thorough analysis of the model's performance indicates that our RAG framework is effective in aligning Phi-2 to the telecom domain in a downstream question and answer (QnA) task, achieving a 30% improvement in accuracy over the base Phi-2 model, reaching an overall accuracy of 81.20%. Notably, we show that our model not only performs on par with the much larger LLMs but also achieves a higher faithfulness score, indicating higher adherence to the retrieved context.",
    "arxivId": "2411.02617",
    "authors": [
        {
            "authorId": "2203790348",
            "name": "Nouf Alabbasi",
            "url": "https://www.semanticscholar.org/author/2203790348"
        },
        {
            "authorId": "2303472475",
            "name": "Omar Erak",
            "url": "https://www.semanticscholar.org/author/2303472475"
        },
        {
            "authorId": "3175333",
            "name": "Omar Alhussein",
            "url": "https://www.semanticscholar.org/author/3175333"
        },
        {
            "authorId": "2316560411",
            "name": "Ismail Lotfi",
            "url": "https://www.semanticscholar.org/author/2316560411"
        },
        {
            "authorId": "2304951320",
            "name": "Sami Muhaidat",
            "url": "https://www.semanticscholar.org/author/2304951320"
        },
        {
            "authorId": "2065834880",
            "name": "M. Debbah",
            "url": "https://www.semanticscholar.org/author/2065834880"
        }
    ],
    "citationVelocity": 0,
    "citations": [],
    "corpusId": 273822168,
    "doi": null,
    "fieldsOfStudy": [
        "Computer Science"
    ],
    "influentialCitationCount": 0,
    "isOpenAccess": false,
    "isPublisherLicensed": true,
    "is_open_access": false,
    "is_publisher_licensed": true,
    "numCitedBy": 0,
    "numCiting": 45,
    "paperId": "4506cfefbcb96fe69ed478ae2b99c9b939c4adb4",
    "references": [
        {
            "arxivId": "2409.05314",
            "authors": [
                {
                    "authorId": "2257807986",
                    "name": "Ali Maatouk"
                },
                {
                    "authorId": "2320310303",
                    "name": "Kenny Chirino Ampudia"
                },
                {
                    "authorId": "2290490102",
                    "name": "Rex Ying"
                },
                {
                    "authorId": "2065219256",
                    "name": "L. Tassiulas"
                }
            ],
            "doi": "10.48550/arXiv.2409.05314",
            "intent": [],
            "isInfluential": false,
            "paperId": "579574a24bdc85f5305684f6be30c676707d433a",
            "title": "Tele-LLMs: A Series of Specialized Large Language Models for Telecommunications",
            "url": "https://www.semanticscholar.org/paper/579574a24bdc85f5305684f6be30c676707d433a",
            "venue": "ArXiv",
            "year": 2024
        },
        {
            "arxivId": "2408.09031",
            "authors": [
                {
                    "authorId": "2274176771",
                    "name": "Xingqin Lin"
                },
                {
                    "authorId": "2021935",
                    "name": "Lopamudra Kundu"
                },
                {
                    "authorId": "2184671643",
                    "name": "Chris Dick"
                },
                {
                    "authorId": "2316429359",
                    "name": "Maria Amparo Canaveras Galdon"
                },
                {
                    "authorId": "81406742",
                    "name": "Janaki Vamaraju"
                },
                {
                    "authorId": "2316407425",
                    "name": "Swastika Dutta"
                },
                {
                    "authorId": "2316413884",
                    "name": "Vinay Raman"
                }
            ],
            "doi": "10.48550/arXiv.2408.09031",
            "intent": [],
            "isInfluential": false,
            "paperId": "1f82090cfe21adb83f47f4e6435efa4c3ad6ee99",
            "title": "A Primer on Generative AI for Telecom: From Theory to Practice",
            "url": "https://www.semanticscholar.org/paper/1f82090cfe21adb83f47f4e6435efa4c3ad6ee99",
            "venue": "ArXiv",
            "year": 2024
        },
        {
            "arxivId": "2407.12873",
            "authors": [
                {
                    "authorId": "2284351918",
                    "name": "Sujoy Roychowdhury"
                },
                {
                    "authorId": "3336244",
                    "name": "Sumit Soman"
                },
                {
                    "authorId": "145229246",
                    "name": "H. G. Ranjani"
                },
                {
                    "authorId": "2307071525",
                    "name": "Neeraj Gunda"
                },
                {
                    "authorId": "2307072193",
                    "name": "Vansh Chhabra"
                },
                {
                    "authorId": "2307071756",
                    "name": "Sai Krishna Bala"
                }
            ],
            "doi": "10.48550/arXiv.2407.12873",
            "intent": [
                "background"
            ],
            "isInfluential": false,
            "paperId": "58549ff432aa1c176eec8a2c81e75af676cb4b10",
            "title": "Evaluation of RAG Metrics for Question Answering in the Telecom Domain",
            "url": "https://www.semanticscholar.org/paper/58549ff432aa1c176eec8a2c81e75af676cb4b10",
            "venue": "ArXiv",
            "year": 2024
        },
        {
            "arxivId": "2407.06245",
            "authors": [
                {
                    "authorId": "2139927372",
                    "name": "Pranshav Gajjar"
                },
                {
                    "authorId": "2310441213",
                    "name": "Vijay K. Shah"
                }
            ],
            "doi": "10.48550/arXiv.2407.06245",
            "intent": [
                "background"
            ],
            "isInfluential": false,
            "paperId": "27700c45a0a38d72a4e12b48853b16f94ef77107",
            "title": "ORAN-Bench-13K: An Open Source Benchmark for Assessing LLMs in Open Radio Access Networks",
            "url": "https://www.semanticscholar.org/paper/27700c45a0a38d72a4e12b48853b16f94ef77107",
            "venue": "ArXiv",
            "year": 2024
        },
        {
            "arxivId": "2406.07053",
            "authors": [
                {
                    "authorId": "117439155",
                    "name": "G. M. Yilma"
                },
                {
                    "authorId": "1403323183",
                    "name": "J. Ayala-Romero"
                },
                {
                    "authorId": "1401063403",
                    "name": "A. Garcia-Saavedra"
                },
                {
                    "authorId": "2256155708",
                    "name": "Xavier P\u00e9rez Costa"
                }
            ],
            "doi": "10.48550/arXiv.2406.07053",
            "intent": [
                "methodology",
                "background"
            ],
            "isInfluential": false,
            "paperId": "eea1b651b029f30f483ee35a7a42cbbbf79bcad6",
            "title": "TelecomRAG: Taming Telecom Standards with Retrieval Augmented Generation and LLMs",
            "url": "https://www.semanticscholar.org/paper/eea1b651b029f30f483ee35a7a42cbbbf79bcad6",
            "venue": "ArXiv",
            "year": 2024
        },
        {
            "arxivId": "2406.01768",
            "authors": [
                {
                    "authorId": "73775548",
                    "name": "Rasoul Nikbakht"
                },
                {
                    "authorId": "2005320281",
                    "name": "Mohamed Benzaghta"
                },
                {
                    "authorId": "2267728718",
                    "name": "Giovanni Geraci"
                }
            ],
            "doi": "10.48550/arXiv.2406.01768",
            "intent": [
                "background"
            ],
            "isInfluential": false,
            "paperId": "c3a989448a106db8005341400a22b75fae01f4b4",
            "title": "TSpec-LLM: An Open-source Dataset for LLM Understanding of 3GPP Specifications",
            "url": "https://www.semanticscholar.org/paper/c3a989448a106db8005341400a22b75fae01f4b4",
            "venue": "ArXiv",
            "year": 2024
        },
        {
            "arxivId": null,
            "authors": [
                {
                    "authorId": "2287016940",
                    "name": "Ningze Zhong"
                },
                {
                    "authorId": "2287877462",
                    "name": "Yi Wang"
                },
                {
                    "authorId": "2287188062",
                    "name": "Rui Xiong"
                },
                {
                    "authorId": "2287915725",
                    "name": "Yingyue Zheng"
                },
                {
                    "authorId": "2288114139",
                    "name": "Yang Li"
                },
                {
                    "authorId": "143762665",
                    "name": "Mingjun Ouyang"
                },
                {
                    "authorId": "2065251448",
                    "name": "D. Shen"
                },
                {
                    "authorId": "2117792715",
                    "name": "Xiangwei Zhu"
                }
            ],
            "doi": "10.1109/JIOT.2024.3366906",
            "intent": [
                "background"
            ],
            "isInfluential": false,
            "paperId": "4d6d97dae4bb22bd2617fe5776963038c6f5d718",
            "title": "CASIT: Collective Intelligent Agent System for Internet of Things",
            "url": "https://www.semanticscholar.org/paper/4d6d97dae4bb22bd2617fe5776963038c6f5d718",
            "venue": "IEEE Internet of Things Journal",
            "year": 2024
        },
        {
            "arxivId": "2405.18039",
            "authors": [
                {
                    "authorId": "2303472475",
                    "name": "Omar Erak"
                },
                {
                    "authorId": "3175333",
                    "name": "Omar Alhussein"
                },
                {
                    "authorId": "1493179044",
                    "name": "Shimaa A. Naser"
                },
                {
                    "authorId": "2203790348",
                    "name": "Nouf Alabbasi"
                },
                {
                    "authorId": "2303472574",
                    "name": "De Mi"
                },
                {
                    "authorId": "2244450860",
                    "name": "Sami Muhaidat"
                }
            ],
            "doi": "10.1109/ICCC62479.2024.10682015",
            "intent": [],
            "isInfluential": false,
            "paperId": "0043cfde2cf4f4c74154628ee054327fa6afa83d",
            "title": "Large Language Model-Driven Curriculum Design for Mobile Networks",
            "url": "https://www.semanticscholar.org/paper/0043cfde2cf4f4c74154628ee054327fa6afa83d",
            "venue": "2024 IEEE/CIC International Conference on Communications in China (ICCC)",
            "year": 2024
        },
        {
            "arxivId": "2405.10825",
            "authors": [
                {
                    "authorId": "2302316320",
                    "name": "Hao Zhou"
                },
                {
                    "authorId": "11577774",
                    "name": "Chengming Hu"
                },
                {
                    "authorId": "2283264350",
                    "name": "Ye Yuan"
                },
                {
                    "authorId": "2301404967",
                    "name": "Yufei Cui"
                },
                {
                    "authorId": "2302296620",
                    "name": "Yili Jin"
                },
                {
                    "authorId": "2243412535",
                    "name": "Can Chen"
                },
                {
                    "authorId": "107747459",
                    "name": "Haolun Wu"
                },
                {
                    "authorId": "2212193383",
                    "name": "Dun Yuan"
                },
                {
                    "authorId": "2302565436",
                    "name": "Li Jiang"
                },
                {
                    "authorId": "2302271437",
                    "name": "Di Wu"
                },
                {
                    "authorId": "2243903453",
                    "name": "Xue Liu"
                },
                {
                    "authorId": "2288317098",
                    "name": "Charlie Zhang"
                },
                {
                    "authorId": "2302210920",
                    "name": "Xianbin Wang"
                },
                {
                    "authorId": "2302284624",
                    "name": "Jiangchuan Liu"
                }
            ],
            "doi": "10.48550/arXiv.2405.10825",
            "intent": [
                "background"
            ],
            "isInfluential": false,
            "paperId": "1c66c41ff22adf66bb9b06d87d5a2ab7b8ee8de7",
            "title": "Large Language Model (LLM) for Telecommunications: A Comprehensive Survey on Principles, Key Techniques, and Opportunities",
            "url": "https://www.semanticscholar.org/paper/1c66c41ff22adf66bb9b06d87d5a2ab7b8ee8de7",
            "venue": "IEEE Communications Surveys &amp; Tutorials",
            "year": 2024
        },
        {
            "arxivId": "2405.06999",
            "authors": [
                {
                    "authorId": "2299327930",
                    "name": "Renyou Xie"
                },
                {
                    "authorId": "2301182087",
                    "name": "Xin Yin"
                },
                {
                    "authorId": "2299944379",
                    "name": "Chaojie Li"
                },
                {
                    "authorId": "2301181174",
                    "name": "Nian Liu"
                },
                {
                    "authorId": "2301410429",
                    "name": "Bo Zhao"
                },
                {
                    "authorId": "2266027470",
                    "name": "Z. Dong"
                }
            ],
            "doi": "10.48550/arXiv.2405.06999",
            "intent": [
                "background"
            ],
            "isInfluential": false,
            "paperId": "0f79dd44ac0d49aa234407ec25093c7f1033afce",
            "title": "Large Language Model-aided Edge Learning in Distribution System State Estimation",
            "url": "https://www.semanticscholar.org/paper/0f79dd44ac0d49aa234407ec25093c7f1033afce",
            "venue": "IEEE Internet of Things Journal",
            "year": 2024
        },
        {
            "arxivId": "2404.15939",
            "authors": [
                {
                    "authorId": "2298273471",
                    "name": "Andrei-Laurentiu Bornea"
                },
                {
                    "authorId": "70486867",
                    "name": "Fadhel Ayed"
                },
                {
                    "authorId": "2261362548",
                    "name": "Antonio De Domenico"
                },
                {
                    "authorId": "3393923",
                    "name": "Nicola Piovesan"
                },
                {
                    "authorId": "2257807974",
                    "name": "Ali Maatouk"
                }
            ],
            "doi": "10.48550/arXiv.2404.15939",
            "intent": [
                "methodology",
                "background"
            ],
            "isInfluential": false,
            "paperId": "aa32cce28aad1d04fea026860c3e2d4a218d9a57",
            "title": "Telco-RAG: Navigating the Challenges of Retrieval-Augmented Language Models for Telecommunications",
            "url": "https://www.semanticscholar.org/paper/aa32cce28aad1d04fea026860c3e2d4a218d9a57",
            "venue": "ArXiv",
            "year": 2024
        },
        {
            "arxivId": "2404.10198",
            "authors": [
                {
                    "authorId": "2266355762",
                    "name": "Kevin Wu"
                },
                {
                    "authorId": "2253396752",
                    "name": "Eric Wu"
                },
                {
                    "authorId": "2293663109",
                    "name": "James Zou"
                }
            ],
            "doi": null,
            "intent": [
                "result"
            ],
            "isInfluential": false,
            "paperId": "0a962d107e8fee1cc97ecca2ae777b2bb48a031f",
            "title": "ClashEval: Quantifying the tug-of-war between an LLM's internal prior and external evidence",
            "url": "https://www.semanticscholar.org/paper/0a962d107e8fee1cc97ecca2ae777b2bb48a031f",
            "venue": "",
            "year": 2024
        },
        {
            "arxivId": "2404.02929",
            "authors": [
                {
                    "authorId": "2860340",
                    "name": "Athanasios Karapantelakis"
                },
                {
                    "authorId": "2294878159",
                    "name": "Mukesh Shakur"
                },
                {
                    "authorId": "2035270",
                    "name": "Alexandros Nikou"
                },
                {
                    "authorId": "35125438",
                    "name": "Farnaz Moradi"
                },
                {
                    "authorId": "2294878114",
                    "name": "Christian Orlog"
                },
                {
                    "authorId": "2158641657",
                    "name": "Fitsum Gaim"
                },
                {
                    "authorId": "2294878154",
                    "name": "Henrik Holm"
                },
                {
                    "authorId": "2220159393",
                    "name": "Doumitrou Daniil Nimara"
                },
                {
                    "authorId": "2294878229",
                    "name": "Vincent Huang"
                }
            ],
            "doi": "10.1109/ICMLCN59089.2024.10624786",
            "intent": [
                "background"
            ],
            "isInfluential": false,
            "paperId": "0aec4100d6459690d69e5e36780479ff20030559",
            "title": "Using Large Language Models to Understand Telecom Standards",
            "url": "https://www.semanticscholar.org/paper/0aec4100d6459690d69e5e36780479ff20030559",
            "venue": "2024 IEEE International Conference on Machine Learning for Communication and Networking (ICMLCN)",
            "year": 2024
        },
        {
            "arxivId": "2403.04666",
            "authors": [
                {
                    "authorId": "3393923",
                    "name": "Nicola Piovesan"
                },
                {
                    "authorId": "2261362548",
                    "name": "Antonio De Domenico"
                },
                {
                    "authorId": "70486867",
                    "name": "Fadhel Ayed"
                }
            ],
            "doi": "10.48550/arXiv.2403.04666",
            "intent": [
                "background"
            ],
            "isInfluential": false,
            "paperId": "aa59536123b29599115cb28027d9ddb67fc1c613",
            "title": "Telecom Language Models: Must They Be Large?",
            "url": "https://www.semanticscholar.org/paper/aa59536123b29599115cb28027d9ddb67fc1c613",
            "venue": "ArXiv",
            "year": 2024
        },
        {
            "arxivId": "2402.15818",
            "authors": [
                {
                    "authorId": "2286873321",
                    "name": "Tasnim Ahmed"
                },
                {
                    "authorId": "3393923",
                    "name": "Nicola Piovesan"
                },
                {
                    "authorId": "2261362548",
                    "name": "Antonio De Domenico"
                },
                {
                    "authorId": "2282541195",
                    "name": "Salimur Choudhury"
                }
            ],
            "doi": "10.1109/ICCWorkshops59551.2024.10615609",
            "intent": [
                "background"
            ],
            "isInfluential": false,
            "paperId": "48a82f8a0b16c376cdf7e2062c1369f3678685e0",
            "title": "Linguistic Intelligence in Large Language Models for Telecommunications",
            "url": "https://www.semanticscholar.org/paper/48a82f8a0b16c376cdf7e2062c1369f3678685e0",
            "venue": "2024 IEEE International Conference on Communications Workshops (ICC Workshops)",
            "year": 2024
        },
        {
            "arxivId": "2401.11391",
            "authors": [
                {
                    "authorId": "2266463634",
                    "name": "Ruichen Zhang"
                },
                {
                    "authorId": "2175043468",
                    "name": "Hongyang Du"
                },
                {
                    "authorId": "2237948862",
                    "name": "Yinqiu Liu"
                },
                {
                    "authorId": "1713586",
                    "name": "D. Niyato"
                },
                {
                    "authorId": "2237507634",
                    "name": "Jiawen Kang"
                },
                {
                    "authorId": "2280290356",
                    "name": "Sumei Sun"
                },
                {
                    "authorId": "2256129286",
                    "name": "X. Shen"
                },
                {
                    "authorId": "2265928102",
                    "name": "H. V. Poor"
                }
            ],
            "doi": "10.1109/MNET.2024.3401159",
            "intent": [],
            "isInfluential": false,
            "paperId": "c81c7fb670ac0e27c9d2025d95d68f4752aed99d",
            "title": "Interactive AI With Retrieval-Augmented Generation for Next Generation Networking",
            "url": "https://www.semanticscholar.org/paper/c81c7fb670ac0e27c9d2025d95d68f4752aed99d",
            "venue": "IEEE Network",
            "year": 2024
        },
        {
            "arxivId": "2401.01325",
            "authors": [
                {
                    "authorId": "1791983892",
                    "name": "Hongye Jin"
                },
                {
                    "authorId": "2249766229",
                    "name": "Xiaotian Han"
                },
                {
                    "authorId": "2250031863",
                    "name": "Jingfeng Yang"
                },
                {
                    "authorId": "47653902",
                    "name": "Zhimeng Jiang"
                },
                {
                    "authorId": "47781070",
                    "name": "Zirui Liu"
                },
                {
                    "authorId": "2166879577",
                    "name": "Chia-yuan Chang"
                },
                {
                    "authorId": "2274061283",
                    "name": "Huiyuan Chen"
                },
                {
                    "authorId": "2249844820",
                    "name": "Xia Hu"
                }
            ],
            "doi": "10.48550/arXiv.2401.01325",
            "intent": [
                "methodology",
                "background"
            ],
            "isInfluential": true,
            "paperId": "a9468d8bfa6bd016dfd3128c4e8408e30eb8549b",
            "title": "LLM Maybe LongLM: Self-Extend LLM Context Window Without Tuning",
            "url": "https://www.semanticscholar.org/paper/a9468d8bfa6bd016dfd3128c4e8408e30eb8549b",
            "venue": "ICML",
            "year": 2024
        },
        {
            "arxivId": "2310.16450",
            "authors": [
                {
                    "authorId": "2155315840",
                    "name": "Guanzheng Chen"
                },
                {
                    "authorId": "40613621",
                    "name": "Xin Li"
                },
                {
                    "authorId": "3451645",
                    "name": "Zaiqiao Meng"
                },
                {
                    "authorId": "3279808",
                    "name": "Shangsong Liang"
                },
                {
                    "authorId": "2211459675",
                    "name": "Li Bing"
                }
            ],
            "doi": "10.48550/arXiv.2310.16450",
            "intent": [],
            "isInfluential": false,
            "paperId": "a54761081c2b001c057fb6e1ea9a48058d5aa5e0",
            "title": "CLEX: Continuous Length Extrapolation for Large Language Models",
            "url": "https://www.semanticscholar.org/paper/a54761081c2b001c057fb6e1ea9a48058d5aa5e0",
            "venue": "ICLR",
            "year": 2023
        },
        {
            "arxivId": "2310.15051",
            "authors": [
                {
                    "authorId": "2257807974",
                    "name": "Ali Maatouk"
                },
                {
                    "authorId": "70486867",
                    "name": "Fadhel Ayed"
                },
                {
                    "authorId": "3393923",
                    "name": "Nicola Piovesan"
                },
                {
                    "authorId": "2261362548",
                    "name": "Antonio De Domenico"
                },
                {
                    "authorId": "2065834880",
                    "name": "M. Debbah"
                },
                {
                    "authorId": "2261428726",
                    "name": "Zhi-Quan Luo"
                }
            ],
            "doi": "10.48550/arXiv.2310.15051",
            "intent": [
                "methodology"
            ],
            "isInfluential": false,
            "paperId": "5f86c548675f54299a0a1f7abe2b6ca9d3a3296c",
            "title": "TeleQnA: A Benchmark Dataset to Assess Large Language Models Telecommunications Knowledge",
            "url": "https://www.semanticscholar.org/paper/5f86c548675f54299a0a1f7abe2b6ca9d3a3296c",
            "venue": "ArXiv",
            "year": 2023
        },
        {
            "arxivId": "2310.10683",
            "authors": [
                {
                    "authorId": "2257134957",
                    "name": "Yuanshun Yao"
                },
                {
                    "authorId": "2259623067",
                    "name": "Xiaojun Xu"
                },
                {
                    "authorId": "2279671647",
                    "name": "Yang Liu"
                }
            ],
            "doi": "10.48550/arXiv.2310.10683",
            "intent": [
                "background"
            ],
            "isInfluential": false,
            "paperId": "8fd11c6f3eb1d0aeb915369f3c4f0b1bb24cab0c",
            "title": "Large Language Model Unlearning",
            "url": "https://www.semanticscholar.org/paper/8fd11c6f3eb1d0aeb915369f3c4f0b1bb24cab0c",
            "venue": "ArXiv",
            "year": 2023
        },
        {
            "arxivId": "2309.15217",
            "authors": [
                {
                    "authorId": "2214583051",
                    "name": "ES Shahul"
                },
                {
                    "authorId": "2248138289",
                    "name": "Jithin James"
                },
                {
                    "authorId": "2258950306",
                    "name": "Luis Espinosa Anke"
                },
                {
                    "authorId": "2265382",
                    "name": "Steven Schockaert"
                }
            ],
            "doi": "10.48550/arXiv.2309.15217",
            "intent": [
                "methodology",
                "background"
            ],
            "isInfluential": false,
            "paperId": "f5e9e5bbe22f0263be1f1ce88c66978a2b927772",
            "title": "RAGAs: Automated Evaluation of Retrieval Augmented Generation",
            "url": "https://www.semanticscholar.org/paper/f5e9e5bbe22f0263be1f1ce88c66978a2b927772",
            "venue": "EACL",
            "year": 2023
        },
        {
            "arxivId": "2309.00071",
            "authors": [
                {
                    "authorId": "2237425757",
                    "name": "Bowen Peng"
                },
                {
                    "authorId": "31964220",
                    "name": "Jeffrey Quesnelle"
                },
                {
                    "authorId": "2237558988",
                    "name": "Honglu Fan"
                },
                {
                    "authorId": "2237424515",
                    "name": "Enrico Shippole"
                }
            ],
            "doi": "10.48550/arXiv.2309.00071",
            "intent": [
                "background"
            ],
            "isInfluential": false,
            "paperId": "819bbdc2dac9e13d9ca3e2508a6e063186ce5e40",
            "title": "YaRN: Efficient Context Window Extension of Large Language Models",
            "url": "https://www.semanticscholar.org/paper/819bbdc2dac9e13d9ca3e2508a6e063186ce5e40",
            "venue": "ICLR",
            "year": 2023
        },
        {
            "arxivId": "2308.06013",
            "authors": [
                {
                    "authorId": "2257807974",
                    "name": "Ali Maatouk"
                },
                {
                    "authorId": "3393923",
                    "name": "Nicola Piovesan"
                },
                {
                    "authorId": "70486867",
                    "name": "Fadhel Ayed"
                },
                {
                    "authorId": "2989109",
                    "name": "A. Domenico"
                },
                {
                    "authorId": "2065834880",
                    "name": "M. Debbah"
                }
            ],
            "doi": "10.48550/arXiv.2308.06013",
            "intent": [],
            "isInfluential": false,
            "paperId": "3b767e987eec329c8e886263efed8611ca21718f",
            "title": "Large Language Models for Telecom: Forthcoming Impact on the Industry",
            "url": "https://www.semanticscholar.org/paper/3b767e987eec329c8e886263efed8611ca21718f",
            "venue": "IEEE Communications Magazine",
            "year": 2023
        },
        {
            "arxivId": "2307.03172",
            "authors": [
                {
                    "authorId": "22243769",
                    "name": "Nelson F. Liu"
                },
                {
                    "authorId": "48085802",
                    "name": "Kevin Lin"
                },
                {
                    "authorId": "145430120",
                    "name": "John Hewitt"
                },
                {
                    "authorId": "40404493",
                    "name": "Ashwin Paranjape"
                },
                {
                    "authorId": "143802044",
                    "name": "Michele Bevilacqua"
                },
                {
                    "authorId": "40052301",
                    "name": "F. Petroni"
                },
                {
                    "authorId": "145419642",
                    "name": "Percy Liang"
                }
            ],
            "doi": "10.1162/tacl_a_00638",
            "intent": [
                "background"
            ],
            "isInfluential": false,
            "paperId": "1733eb7792f7a43dd21f51f4d1017a1bffd217b5",
            "title": "Lost in the Middle: How Language Models Use Long Contexts",
            "url": "https://www.semanticscholar.org/paper/1733eb7792f7a43dd21f51f4d1017a1bffd217b5",
            "venue": "TACL",
            "year": 2023
        },
        {
            "arxivId": "2306.15595",
            "authors": [
                {
                    "authorId": "2107977873",
                    "name": "Shouyuan Chen"
                },
                {
                    "authorId": "2125872141",
                    "name": "Sherman Wong"
                },
                {
                    "authorId": "49330599",
                    "name": "Liangjian Chen"
                },
                {
                    "authorId": "1932187449",
                    "name": "Yuandong Tian"
                }
            ],
            "doi": "10.48550/arXiv.2306.15595",
            "intent": [
                "background"
            ],
            "isInfluential": false,
            "paperId": "f5afaccfe90268485a9961c5771ec5e71e9b806c",
            "title": "Extending Context Window of Large Language Models via Positional Interpolation",
            "url": "https://www.semanticscholar.org/paper/f5afaccfe90268485a9961c5771ec5e71e9b806c",
            "venue": "ArXiv",
            "year": 2023
        },
        {
            "arxivId": "2306.07933",
            "authors": [
                {
                    "authorId": "2286880550",
                    "name": "Lina Bariah"
                },
                {
                    "authorId": "2180261014",
                    "name": "Han Zou"
                },
                {
                    "authorId": "40538512",
                    "name": "Qiyang Zhao"
                },
                {
                    "authorId": "1968720",
                    "name": "B. Mouhouche"
                },
                {
                    "authorId": "1691061",
                    "name": "F. Bader"
                },
                {
                    "authorId": "145118318",
                    "name": "M. Debbah"
                }
            ],
            "doi": "10.1109/GLOBECOM54140.2023.10437725",
            "intent": [
                "background"
            ],
            "isInfluential": false,
            "paperId": "6a3ed569d47b4ea08aca4f69ec7da5e8d87734b0",
            "title": "Understanding Telecom Language Through Large Language Models",
            "url": "https://www.semanticscholar.org/paper/6a3ed569d47b4ea08aca4f69ec7da5e8d87734b0",
            "venue": "GLOBECOM 2023 - 2023 IEEE Global Communications Conference",
            "year": 2023
        },
        {
            "arxivId": "2305.14314",
            "authors": [
                {
                    "authorId": "3239480",
                    "name": "Tim Dettmers"
                },
                {
                    "authorId": "51152502",
                    "name": "Artidoro Pagnoni"
                },
                {
                    "authorId": "14487640",
                    "name": "Ari Holtzman"
                },
                {
                    "authorId": "1982950",
                    "name": "Luke Zettlemoyer"
                }
            ],
            "doi": "10.48550/arXiv.2305.14314",
            "intent": [
                "background"
            ],
            "isInfluential": false,
            "paperId": "32ac52069e562d4f900afee70bdca63f53461481",
            "title": "QLoRA: Efficient Finetuning of Quantized LLMs",
            "url": "https://www.semanticscholar.org/paper/32ac52069e562d4f900afee70bdca63f53461481",
            "venue": "NeurIPS",
            "year": 2023
        },
        {
            "arxivId": "2305.13102",
            "authors": [
                {
                    "authorId": "3336244",
                    "name": "Sumit Soman"
                },
                {
                    "authorId": "1410704775",
                    "name": "G. RanjaniH"
                }
            ],
            "doi": "10.1145/3639856.3639892",
            "intent": [
                "background"
            ],
            "isInfluential": false,
            "paperId": "506f571f4c3ef3c5c52761cd6b99400acd22ebd6",
            "title": "Observations on LLMs for Telecom Domain: Capabilities and Limitations",
            "url": "https://www.semanticscholar.org/paper/506f571f4c3ef3c5c52761cd6b99400acd22ebd6",
            "venue": "AIMLSystems",
            "year": 2023
        },
        {
            "arxivId": "2304.09513",
            "authors": [
                {
                    "authorId": "3134123",
                    "name": "Xuying Meng"
                },
                {
                    "authorId": "51087548",
                    "name": "Chun-Chen Lin"
                },
                {
                    "authorId": "2119256294",
                    "name": "Yequan Wang"
                },
                {
                    "authorId": "2198357154",
                    "name": "Yujun Zhang"
                }
            ],
            "doi": "10.48550/arXiv.2304.09513",
            "intent": [
                "background"
            ],
            "isInfluential": false,
            "paperId": "5c40e387373ad2c750f0c7dd01442ee5a6ee3468",
            "title": "NetGPT: Generative Pretrained Transformer for Network Traffic",
            "url": "https://www.semanticscholar.org/paper/5c40e387373ad2c750f0c7dd01442ee5a6ee3468",
            "venue": "ArXiv",
            "year": 2023
        },
        {
            "arxivId": "2301.09728",
            "authors": [
                {
                    "authorId": "77879474",
                    "name": "Arian Askari"
                },
                {
                    "authorId": "2065022402",
                    "name": "Amin Abolghasemi"
                },
                {
                    "authorId": "2065794132",
                    "name": "G. Pasi"
                },
                {
                    "authorId": "134866426",
                    "name": "Wessel Kraaij"
                },
                {
                    "authorId": "1702730",
                    "name": "S. Verberne"
                }
            ],
            "doi": "10.48550/arXiv.2301.09728",
            "intent": [
                "methodology"
            ],
            "isInfluential": false,
            "paperId": "763f47b73d0273a93a52a8ee8a63cf19009df6e1",
            "title": "Injecting the BM25 Score as Text Improves BERT-Based Re-rankers",
            "url": "https://www.semanticscholar.org/paper/763f47b73d0273a93a52a8ee8a63cf19009df6e1",
            "venue": "ECIR",
            "year": 2023
        },
        {
            "arxivId": "2301.09201",
            "authors": [
                {
                    "authorId": "51922439",
                    "name": "Imtiaz Karim"
                },
                {
                    "authorId": "1955443619",
                    "name": "Kazi Samin Mubasshir"
                },
                {
                    "authorId": "2310394024",
                    "name": "Mirza Masfiqur Rahman"
                },
                {
                    "authorId": "2188744231",
                    "name": "Elisa Bertino"
                }
            ],
            "doi": "10.48550/arXiv.2301.09201",
            "intent": [
                "methodology"
            ],
            "isInfluential": false,
            "paperId": "216f281e37fe48dbbaa99bb3e08bd8c47783156a",
            "title": "SPEC5G: A Dataset for 5G Cellular Network Protocol Analysis",
            "url": "https://www.semanticscholar.org/paper/216f281e37fe48dbbaa99bb3e08bd8c47783156a",
            "venue": "IJCNLP",
            "year": 2023
        },
        {
            "arxivId": "2210.11934",
            "authors": [
                {
                    "authorId": "151202007",
                    "name": "Sebastian Bruch"
                },
                {
                    "authorId": "148046695",
                    "name": "Siyu Gai"
                },
                {
                    "authorId": "34766724",
                    "name": "A. Ingber"
                }
            ],
            "doi": "10.1145/3596512",
            "intent": [
                "methodology"
            ],
            "isInfluential": false,
            "paperId": "e7260add8f44fc59a11e64df6fdf074957674100",
            "title": "An Analysis of Fusion Functions for Hybrid Retrieval",
            "url": "https://www.semanticscholar.org/paper/e7260add8f44fc59a11e64df6fdf074957674100",
            "venue": "ACM Trans. Inf. Syst.",
            "year": 2022
        },
        {
            "arxivId": "2106.09685",
            "authors": [
                {
                    "authorId": "2157840220",
                    "name": "J. E. Hu"
                },
                {
                    "authorId": "1752875",
                    "name": "Yelong Shen"
                },
                {
                    "authorId": "104100507",
                    "name": "Phillip Wallis"
                },
                {
                    "authorId": "1388725932",
                    "name": "Zeyuan Allen-Zhu"
                },
                {
                    "authorId": "2110486765",
                    "name": "Yuanzhi Li"
                },
                {
                    "authorId": "2135571585",
                    "name": "Shean Wang"
                },
                {
                    "authorId": "2109136147",
                    "name": "Weizhu Chen"
                }
            ],
            "doi": null,
            "intent": [
                "methodology"
            ],
            "isInfluential": false,
            "paperId": "a8ca46b171467ceb2d7652fbfb67fe701ad86092",
            "title": "LoRA: Low-Rank Adaptation of Large Language Models",
            "url": "https://www.semanticscholar.org/paper/a8ca46b171467ceb2d7652fbfb67fe701ad86092",
            "venue": "ICLR",
            "year": 2021
        },
        {
            "arxivId": "2104.09864",
            "authors": [
                {
                    "authorId": "51111230",
                    "name": "Jianlin Su"
                },
                {
                    "authorId": "2140045110",
                    "name": "Yu Lu"
                },
                {
                    "authorId": "1382633722",
                    "name": "Shengfeng Pan"
                },
                {
                    "authorId": "2079396269",
                    "name": "Bo Wen"
                },
                {
                    "authorId": "1807486863",
                    "name": "Yunfeng Liu"
                }
            ],
            "doi": "10.1016/j.neucom.2023.127063",
            "intent": [
                "methodology"
            ],
            "isInfluential": false,
            "paperId": "66c10bf1f11bc1b2d92204d8f8391d087f6de1c4",
            "title": "RoFormer: Enhanced Transformer with Rotary Position Embedding",
            "url": "https://www.semanticscholar.org/paper/66c10bf1f11bc1b2d92204d8f8391d087f6de1c4",
            "venue": "Neurocomputing",
            "year": 2021
        },
        {
            "arxivId": "2012.13255",
            "authors": [
                {
                    "authorId": "2201435",
                    "name": "Armen Aghajanyan"
                },
                {
                    "authorId": "1982950",
                    "name": "Luke Zettlemoyer"
                },
                {
                    "authorId": "2118343423",
                    "name": "Sonal Gupta"
                }
            ],
            "doi": "10.18653/v1/2021.acl-long.568",
            "intent": [
                "background"
            ],
            "isInfluential": false,
            "paperId": "e54ffc76d805c48660bb0fd20019ca82ac94ba0d",
            "title": "Intrinsic Dimensionality Explains the Effectiveness of Language Model Fine-Tuning",
            "url": "https://www.semanticscholar.org/paper/e54ffc76d805c48660bb0fd20019ca82ac94ba0d",
            "venue": "ACL",
            "year": 2020
        },
        {
            "arxivId": "2002.05709",
            "authors": [
                {
                    "authorId": "145358498",
                    "name": "Ting Chen"
                },
                {
                    "authorId": "40464924",
                    "name": "Simon Kornblith"
                },
                {
                    "authorId": "144739074",
                    "name": "Mohammad Norouzi"
                },
                {
                    "authorId": "1695689",
                    "name": "Geoffrey E. Hinton"
                }
            ],
            "doi": null,
            "intent": [
                "methodology"
            ],
            "isInfluential": false,
            "paperId": "7af72a461ed7cda180e7eab878efd5f35d79bbf4",
            "title": "A Simple Framework for Contrastive Learning of Visual Representations",
            "url": "https://www.semanticscholar.org/paper/7af72a461ed7cda180e7eab878efd5f35d79bbf4",
            "venue": "ICML",
            "year": 2020
        },
        {
            "arxivId": "1902.00751",
            "authors": [
                {
                    "authorId": "2815290",
                    "name": "N. Houlsby"
                },
                {
                    "authorId": "1911881",
                    "name": "A. Giurgiu"
                },
                {
                    "authorId": "40569328",
                    "name": "Stanislaw Jastrzebski"
                },
                {
                    "authorId": "68973833",
                    "name": "Bruna Morrone"
                },
                {
                    "authorId": "51985388",
                    "name": "Quentin de Laroussilhe"
                },
                {
                    "authorId": "2813347",
                    "name": "Andrea Gesmundo"
                },
                {
                    "authorId": "2809991",
                    "name": "Mona Attariyan"
                },
                {
                    "authorId": "1802148",
                    "name": "S. Gelly"
                }
            ],
            "doi": null,
            "intent": [],
            "isInfluential": false,
            "paperId": "29ddc1f43f28af7c846515e32cc167bc66886d0c",
            "title": "Parameter-Efficient Transfer Learning for NLP",
            "url": "https://www.semanticscholar.org/paper/29ddc1f43f28af7c846515e32cc167bc66886d0c",
            "venue": "ICML",
            "year": 2019
        },
        {
            "arxivId": null,
            "authors": [
                {
                    "authorId": "2051175765",
                    "name": "Shitao Xiao"
                },
                {
                    "authorId": "2240687341",
                    "name": "Zheng Liu"
                },
                {
                    "authorId": "2153419738",
                    "name": "Peitian Zhang"
                },
                {
                    "authorId": "2037383772",
                    "name": "Niklas Muennighoff"
                }
            ],
            "doi": "10.48550/arXiv.2309.07597",
            "intent": [
                "background"
            ],
            "isInfluential": false,
            "paperId": "2ff694e20f492a7acf7fd0646c5e1576f0b3c901",
            "title": "C-Pack: Packaged Resources To Advance General Chinese Embedding",
            "url": "https://www.semanticscholar.org/paper/2ff694e20f492a7acf7fd0646c5e1576f0b3c901",
            "venue": "ArXiv",
            "year": 2023
        },
        {
            "arxivId": null,
            "authors": [
                {
                    "authorId": "4504907",
                    "name": "Yimeng Sun"
                }
            ],
            "doi": "10.1587/BPLUS.15.156",
            "intent": [
                "methodology"
            ],
            "isInfluential": false,
            "paperId": "5cde7b924296afd8d1dd860467d7089c8c79ee8d",
            "title": "ITU AI/ML in 5G Challenge",
            "url": "https://www.semanticscholar.org/paper/5cde7b924296afd8d1dd860467d7089c8c79ee8d",
            "venue": "",
            "year": 2021
        }
    ],
    "s2FieldsOfStudy": [
        {
            "category": "Computer Science",
            "source": "external"
        },
        {
            "category": "Computer Science",
            "source": "s2-fos-model"
        },
        {
            "category": "Engineering",
            "source": "s2-fos-model"
        }
    ],
    "title": "TeleOracle: Fine-Tuned Retrieval-Augmented Generation with Long-Context Support for Network",
    "topics": [],
    "url": "https://www.semanticscholar.org/paper/4506cfefbcb96fe69ed478ae2b99c9b939c4adb4",
    "venue": "",
    "year": 2024
}