{
    "abstract": "Cloth manipulation is common in domestic and service tasks, and most studies use fixed-base manipulators to manipulate objects whose sizes are relatively small with respect to the manipulators' workspace, such as towels, shirts, and rags. In contrast, manipulation of large-scale cloth, such as bed making and tablecloth spreading, poses additional challenges of reachability and manipulation control. To address them, this paper presents a novel framework to spread large-scale cloth, with a single-arm mobile manipulator that can solve the reachability issue, for an initial feasibility study. On the manipulation control side, without modeling highly deformable cloth, a vision-based manipulation control scheme is applied and based on an online-update Jacobian matrix mapping from selected feature points to the end-effector motion. To coordinate the control of the manipulator and mobile platform, Behavior Trees (BTs) are used because of their modularity. Finally, experiments are conducted, including validation of the model-free manipulation control for cloth spreading in different conditions and the large-scale cloth spreading framework. The experimental results demonstrate the large-scale cloth spreading task feasibility with a single-arm mobile manipulator and the model-free deformation controller.",
    "arxivId": "2308.10401",
    "authors": [
        {
            "authorId": "50375168",
            "name": "X. Chu",
            "url": "https://www.semanticscholar.org/author/50375168"
        },
        {
            "authorId": "2186748215",
            "name": "Shengzhi Wang",
            "url": "https://www.semanticscholar.org/author/2186748215"
        },
        {
            "authorId": "2209789359",
            "name": "Minjian Feng",
            "url": "https://www.semanticscholar.org/author/2209789359"
        },
        {
            "authorId": "46998624",
            "name": "Jiaxi Zheng",
            "url": "https://www.semanticscholar.org/author/46998624"
        },
        {
            "authorId": "2232227557",
            "name": "Yuxuan Zhao",
            "url": "https://www.semanticscholar.org/author/2232227557"
        },
        {
            "authorId": "2145740968",
            "name": "Jing Huang",
            "url": "https://www.semanticscholar.org/author/2145740968"
        },
        {
            "authorId": "27524147",
            "name": "K. W. S. Au",
            "url": "https://www.semanticscholar.org/author/27524147"
        }
    ],
    "citationVelocity": 0,
    "citations": [
        {
            "arxivId": "2403.18197",
            "authors": [
                {
                    "authorId": "2293625960",
                    "name": "Changyi Lin"
                },
                {
                    "authorId": "2255221570",
                    "name": "Xingyu Liu"
                },
                {
                    "authorId": "2293653872",
                    "name": "Yuxiang Yang"
                },
                {
                    "authorId": "2253400416",
                    "name": "Yaru Niu"
                },
                {
                    "authorId": "2255778992",
                    "name": "Wenhao Yu"
                },
                {
                    "authorId": "2240715659",
                    "name": "Tingnan Zhang"
                },
                {
                    "authorId": "2299926830",
                    "name": "Jie Tan"
                },
                {
                    "authorId": "2293613496",
                    "name": "Byron Boots"
                },
                {
                    "authorId": "2261094763",
                    "name": "Ding Zhao"
                }
            ],
            "doi": "10.48550/arXiv.2403.18197",
            "intent": [
                "background"
            ],
            "isInfluential": false,
            "paperId": "56f208c0398978fb59f10e3ec8640ec38271b9dd",
            "title": "LocoMan: Advancing Versatile Quadrupedal Dexterity with Lightweight Loco-Manipulators",
            "url": "https://www.semanticscholar.org/paper/56f208c0398978fb59f10e3ec8640ec38271b9dd",
            "venue": "ArXiv",
            "year": 2024
        },
        {
            "arxivId": "2310.08873",
            "authors": [
                {
                    "authorId": "2258610266",
                    "name": "Zhen Zhang"
                },
                {
                    "authorId": "2258551075",
                    "name": "Anran Lin"
                },
                {
                    "authorId": "2258664863",
                    "name": "Chun Wai Wong"
                },
                {
                    "authorId": "50375168",
                    "name": "X. Chu"
                },
                {
                    "authorId": "2282909543",
                    "name": "Qi Dou"
                },
                {
                    "authorId": "27524147",
                    "name": "K. W. S. Au"
                }
            ],
            "doi": "10.1109/ICRA57147.2024.10610751",
            "intent": [],
            "isInfluential": false,
            "paperId": "9c7014c288db335df17cc19f31f7a67cc86aae3f",
            "title": "Interactive Navigation in Environments with Traversable Obstacles Using Large Language and Vision-Language Models",
            "url": "https://www.semanticscholar.org/paper/9c7014c288db335df17cc19f31f7a67cc86aae3f",
            "venue": "2024 IEEE International Conference on Robotics and Automation (ICRA)",
            "year": 2023
        }
    ],
    "corpusId": 260976874,
    "doi": "10.1109/CASE56687.2023.10260538",
    "fieldsOfStudy": [
        "Computer Science",
        "Engineering"
    ],
    "influentialCitationCount": 0,
    "isOpenAccess": true,
    "isPublisherLicensed": true,
    "is_open_access": true,
    "is_publisher_licensed": true,
    "numCitedBy": 2,
    "numCiting": 28,
    "paperId": "16f528a286403b2aaf75929bf65d7587c4a33f87",
    "references": [
        {
            "arxivId": null,
            "authors": [
                {
                    "authorId": "50375168",
                    "name": "X. Chu"
                },
                {
                    "authorId": "2165722758",
                    "name": "Chun Ho David Lo"
                },
                {
                    "authorId": "1654099742",
                    "name": "Tommaso Proietti"
                },
                {
                    "authorId": "2184037",
                    "name": "C. Walsh"
                },
                {
                    "authorId": "27524147",
                    "name": "K. W. S. Au"
                }
            ],
            "doi": "10.1109/TCST.2022.3171914",
            "intent": [
                "background"
            ],
            "isInfluential": false,
            "paperId": "e239f54aad27a44cc2bac4632504e31d5790c58d",
            "title": "Opposite Treatment on Null Space: A Unified Control Framework for a Class of Underactuated Robotic Systems With Null Space Avoidance",
            "url": "https://www.semanticscholar.org/paper/e239f54aad27a44cc2bac4632504e31d5790c58d",
            "venue": "IEEE Transactions on Control Systems Technology",
            "year": 2023
        },
        {
            "arxivId": "2212.14199",
            "authors": [
                {
                    "authorId": "1713616371",
                    "name": "Qiayuan Liao"
                },
                {
                    "authorId": "1491078398",
                    "name": "Zhongyu Li"
                },
                {
                    "authorId": "48108714",
                    "name": "A. Thirugnanam"
                },
                {
                    "authorId": "2072982832",
                    "name": "Jun Zeng"
                },
                {
                    "authorId": "144116765",
                    "name": "K. Sreenath"
                }
            ],
            "doi": "10.1109/IROS55552.2023.10341896",
            "intent": [
                "background"
            ],
            "isInfluential": true,
            "paperId": "e1b9ebb9794d5beebf101934a28ce11586f848e9",
            "title": "Walking in Narrow Spaces: Safety-Critical Locomotion Control for Quadrupedal Robots with Duality-Based Optimization",
            "url": "https://www.semanticscholar.org/paper/e1b9ebb9794d5beebf101934a28ce11586f848e9",
            "venue": "2023 IEEE/RSJ International Conference on Intelligent Robots and Systems (IROS)",
            "year": 2022
        },
        {
            "arxivId": "2209.08619",
            "authors": [
                {
                    "authorId": "2182739415",
                    "name": "David Dom\u00ednguez"
                },
                {
                    "authorId": "1768753544",
                    "name": "M. Iannotta"
                },
                {
                    "authorId": "3128110",
                    "name": "J. A. Stork"
                },
                {
                    "authorId": "3136766",
                    "name": "E. Schaffernicht"
                },
                {
                    "authorId": "144504646",
                    "name": "Todor Stoyanov"
                }
            ],
            "doi": "10.1109/LRA.2022.3211481",
            "intent": [
                "background"
            ],
            "isInfluential": false,
            "paperId": "475c60e244fc85365523b00c72b7d4bcda3c3124",
            "title": "A Stack-of-Tasks Approach Combined With Behavior Trees: A New Framework for Robot Control",
            "url": "https://www.semanticscholar.org/paper/475c60e244fc85365523b00c72b7d4bcda3c3124",
            "venue": "IEEE Robotics and Automation Letters",
            "year": 2022
        },
        {
            "arxivId": "2207.00911",
            "authors": [
                {
                    "authorId": "2116532955",
                    "name": "Satvik Sharma"
                },
                {
                    "authorId": "151479011",
                    "name": "Ellen R. Novoseller"
                },
                {
                    "authorId": "2008161925",
                    "name": "Vainavi Viswanath"
                },
                {
                    "authorId": "2057629294",
                    "name": "Zaynah Javed"
                },
                {
                    "authorId": "48019591",
                    "name": "R. Parikh"
                },
                {
                    "authorId": "1387872831",
                    "name": "Ryan Hoque"
                },
                {
                    "authorId": "3117588",
                    "name": "A. Balakrishna"
                },
                {
                    "authorId": "2115445928",
                    "name": "Daniel S. Brown"
                },
                {
                    "authorId": "144344283",
                    "name": "Ken Goldberg"
                }
            ],
            "doi": "10.1109/CASE49997.2022.9926556",
            "intent": [
                "background"
            ],
            "isInfluential": false,
            "paperId": "6524ca4e2be7678dfb7b6563787bc3c3913f732b",
            "title": "Learning Switching Criteria for Sim2Real Transfer of Robotic Fabric Manipulation Policies",
            "url": "https://www.semanticscholar.org/paper/6524ca4e2be7678dfb7b6563787bc3c3913f732b",
            "venue": "2022 IEEE 18th International Conference on Automation Science and Engineering (CASE)",
            "year": 2022
        },
        {
            "arxivId": "2109.04930",
            "authors": [
                {
                    "authorId": "90160191",
                    "name": "Kavya Puthuveetil"
                },
                {
                    "authorId": "4677411",
                    "name": "C. Kemp"
                },
                {
                    "authorId": "3407045",
                    "name": "Zackory M. Erickson"
                }
            ],
            "doi": "10.1109/LRA.2022.3142732",
            "intent": [],
            "isInfluential": false,
            "paperId": "43b23b077b808ff2dedbcf977628316b733fbbba",
            "title": "Bodies Uncovered: Learning to Manipulate Real Blankets Around People via Physics Simulations",
            "url": "https://www.semanticscholar.org/paper/43b23b077b808ff2dedbcf977628316b733fbbba",
            "venue": "IEEE Robotics and Automation Letters",
            "year": 2021
        },
        {
            "arxivId": null,
            "authors": [
                {
                    "authorId": "2145740968",
                    "name": "Jing Huang"
                },
                {
                    "authorId": "13937994",
                    "name": "Yuanpei Cai"
                },
                {
                    "authorId": "50375168",
                    "name": "X. Chu"
                },
                {
                    "authorId": "1684883",
                    "name": "R. Taylor"
                },
                {
                    "authorId": "27524147",
                    "name": "K. W. S. Au"
                }
            ],
            "doi": "10.1109/LRA.2021.3062302",
            "intent": [
                "background"
            ],
            "isInfluential": false,
            "paperId": "801baad05b52983eb8cc09d00f75bc071e7d0d26",
            "title": "Non-Fixed Contact Manipulation Control Framework for Deformable Objects With Active Contact Adjustment",
            "url": "https://www.semanticscholar.org/paper/801baad05b52983eb8cc09d00f75bc071e7d0d26",
            "venue": "IEEE Robotics and Automation Letters",
            "year": 2021
        },
        {
            "arxivId": null,
            "authors": [
                {
                    "authorId": "2089580983",
                    "name": "Zhenxi Cui"
                },
                {
                    "authorId": "152530942",
                    "name": "Kaicheng Huang"
                },
                {
                    "authorId": "120837296",
                    "name": "Bo Lu"
                },
                {
                    "authorId": "1890690",
                    "name": "H. Chu"
                }
            ],
            "doi": "10.1109/IROS45743.2020.9341239",
            "intent": [
                "methodology"
            ],
            "isInfluential": false,
            "paperId": "af0d4e5e70f6b66ee3aaa60a953eddb56af44bca",
            "title": "Automated Folding of a Deformable Thin Object through Robot Manipulators",
            "url": "https://www.semanticscholar.org/paper/af0d4e5e70f6b66ee3aaa60a953eddb56af44bca",
            "venue": "2020 IEEE/RSJ International Conference on Intelligent Robots and Systems (IROS)",
            "year": 2020
        },
        {
            "arxivId": "2008.05626",
            "authors": [
                {
                    "authorId": "15713218",
                    "name": "Jianing Qian"
                },
                {
                    "authorId": "1798776",
                    "name": "Thomas Weng"
                },
                {
                    "authorId": "1704846",
                    "name": "Brian Okorn"
                },
                {
                    "authorId": "2156144510",
                    "name": "Luxin Zhang"
                }
            ],
            "doi": "10.1109/IROS45743.2020.9341121",
            "intent": [
                "background"
            ],
            "isInfluential": false,
            "paperId": "07fc6b2c7a799a950ccad52402f07d1bdfee5e5e",
            "title": "Cloth Region Segmentation for Robust Grasp Selection",
            "url": "https://www.semanticscholar.org/paper/07fc6b2c7a799a950ccad52402f07d1bdfee5e5e",
            "venue": "2020 IEEE/RSJ International Conference on Intelligent Robots and Systems (IROS)",
            "year": 2020
        },
        {
            "arxivId": null,
            "authors": [
                {
                    "authorId": "1658755565",
                    "name": "Romain Lagneau"
                },
                {
                    "authorId": "145735633",
                    "name": "Alexandre Krupa"
                },
                {
                    "authorId": "144601425",
                    "name": "M. Marchal"
                }
            ],
            "doi": "10.1109/ICRA40945.2020.9197506",
            "intent": [],
            "isInfluential": false,
            "paperId": "21e2fdadaab6555a8afc03dcb42b5927c420f49a",
            "title": "Active Deformation through Visual Servoing of Soft Objects",
            "url": "https://www.semanticscholar.org/paper/21e2fdadaab6555a8afc03dcb42b5927c420f49a",
            "venue": "2020 IEEE International Conference on Robotics and Automation (ICRA)",
            "year": 2020
        },
        {
            "arxivId": null,
            "authors": [
                {
                    "authorId": "1491639033",
                    "name": "Irene Garcia-Camacho"
                },
                {
                    "authorId": "40910923",
                    "name": "G. Aleny\u00e0"
                },
                {
                    "authorId": "1731490",
                    "name": "D. Kragic"
                },
                {
                    "authorId": "1443786086",
                    "name": "M. Lippi"
                },
                {
                    "authorId": "29447736",
                    "name": "Michael C. Welle"
                },
                {
                    "authorId": "145039722",
                    "name": "Hang Yin"
                },
                {
                    "authorId": "39534622",
                    "name": "Rika Antonova"
                },
                {
                    "authorId": "47248552",
                    "name": "Anastasiia Varava"
                },
                {
                    "authorId": "35147091",
                    "name": "J. Borr\u00e0s"
                },
                {
                    "authorId": "1735976",
                    "name": "C. Torras"
                },
                {
                    "authorId": "144042818",
                    "name": "A. Marino"
                }
            ],
            "doi": "10.1109/LRA.2020.2965891",
            "intent": [
                "background"
            ],
            "isInfluential": false,
            "paperId": "5291ca085e97ff10839d6da7e8099958b30929f7",
            "title": "Benchmarking Bimanual Cloth Manipulation",
            "url": "https://www.semanticscholar.org/paper/5291ca085e97ff10839d6da7e8099958b30929f7",
            "venue": "IEEE Robotics and Automation Letters",
            "year": 2020
        },
        {
            "arxivId": null,
            "authors": [
                {
                    "authorId": "2499035",
                    "name": "Daniel Seita"
                },
                {
                    "authorId": "3129376",
                    "name": "Nawid Jamali"
                },
                {
                    "authorId": "47983192",
                    "name": "Michael Laskey"
                },
                {
                    "authorId": "39132551",
                    "name": "A. Tanwani"
                },
                {
                    "authorId": "3050917",
                    "name": "R. Berenstein"
                },
                {
                    "authorId": "2066071329",
                    "name": "Prakash Baskaran"
                },
                {
                    "authorId": "31126209",
                    "name": "Soshi Iba"
                },
                {
                    "authorId": "1729041",
                    "name": "J. Canny"
                },
                {
                    "authorId": "144344283",
                    "name": "Ken Goldberg"
                }
            ],
            "doi": "10.1007/978-3-030-95459-8_17",
            "intent": [],
            "isInfluential": false,
            "paperId": "a67adb0b177e2dcdb0fffa01a80b68ab2c4a89ab",
            "title": "Deep Transfer Learning of Pick Points on Fabric for Robot Bed-Making",
            "url": "https://www.semanticscholar.org/paper/a67adb0b177e2dcdb0fffa01a80b68ab2c4a89ab",
            "venue": "ISRR",
            "year": 2018
        },
        {
            "arxivId": null,
            "authors": [
                {
                    "authorId": "143808278",
                    "name": "Jose Sanchez"
                },
                {
                    "authorId": "2000246",
                    "name": "J. Corrales"
                },
                {
                    "authorId": "145820445",
                    "name": "B. Bouzgarrou"
                },
                {
                    "authorId": "1711766",
                    "name": "Y. Mezouar"
                }
            ],
            "doi": "10.1177/0278364918779698",
            "intent": [
                "background"
            ],
            "isInfluential": false,
            "paperId": "b60f3af726523a533af813f09fdb30b541868e44",
            "title": "Robotic manipulation and sensing of deformable objects in domestic and industrial applications: a survey",
            "url": "https://www.semanticscholar.org/paper/b60f3af726523a533af813f09fdb30b541868e44",
            "venue": "Int. J. Robotics Res.",
            "year": 2018
        },
        {
            "arxivId": null,
            "authors": [
                {
                    "authorId": "1401318419",
                    "name": "D. Navarro\u2010Alarcon"
                },
                {
                    "authorId": "145594296",
                    "name": "Yun-hui Liu"
                }
            ],
            "doi": "10.1109/TRO.2017.2765333",
            "intent": [
                "methodology"
            ],
            "isInfluential": false,
            "paperId": "5ce48236fd6bc7771a9f48e90d7175f852d078c6",
            "title": "Fourier-Based Shape Servoing: A New Feedback Method to Actively Deform Soft Objects into Desired 2-D Image Contours",
            "url": "https://www.semanticscholar.org/paper/5ce48236fd6bc7771a9f48e90d7175f852d078c6",
            "venue": "IEEE Transactions on Robotics",
            "year": 2018
        },
        {
            "arxivId": null,
            "authors": [
                {
                    "authorId": "36919045",
                    "name": "Francesco Rovida"
                },
                {
                    "authorId": "37428493",
                    "name": "Bjarne Gro\u00dfmann"
                },
                {
                    "authorId": "48378203",
                    "name": "V. Kr\u00fcger"
                }
            ],
            "doi": "10.1109/IROS.2017.8206598",
            "intent": [
                "background"
            ],
            "isInfluential": false,
            "paperId": "074b80c7ed127f514b9fcfd38361896ce50f16ea",
            "title": "Extended behavior trees for quick definition of flexible robotic tasks",
            "url": "https://www.semanticscholar.org/paper/074b80c7ed127f514b9fcfd38361896ce50f16ea",
            "venue": "2017 IEEE/RSJ International Conference on Intelligent Robots and Systems (IROS)",
            "year": 2017
        },
        {
            "arxivId": "1711.02525",
            "authors": [
                {
                    "authorId": "47983192",
                    "name": "Michael Laskey"
                },
                {
                    "authorId": "2058724941",
                    "name": "Chris Powers"
                },
                {
                    "authorId": "28100075",
                    "name": "Ruta Joshi"
                },
                {
                    "authorId": "3247729",
                    "name": "Arshan Poursohi"
                },
                {
                    "authorId": "144344283",
                    "name": "Ken Goldberg"
                }
            ],
            "doi": null,
            "intent": [
                "background"
            ],
            "isInfluential": true,
            "paperId": "bc4c6e51026d2e2d29467fead81de379fee2eb63",
            "title": "Learning Robust Bed Making using Deep Imitation Learning with DART",
            "url": "https://www.semanticscholar.org/paper/bc4c6e51026d2e2d29467fead81de379fee2eb63",
            "venue": "ArXiv",
            "year": 2017
        },
        {
            "arxivId": "1709.00084",
            "authors": [
                {
                    "authorId": "2669127",
                    "name": "Michele Colledanchise"
                },
                {
                    "authorId": "3013011",
                    "name": "Petter \u00d6gren"
                }
            ],
            "doi": "10.1201/9780429489105",
            "intent": [
                "methodology"
            ],
            "isInfluential": false,
            "paperId": "9830c9d16293f8f87f998aa449143f0ed1554d1a",
            "title": "Behavior Trees in Robotics and AI: An Introduction",
            "url": "https://www.semanticscholar.org/paper/9830c9d16293f8f87f998aa449143f0ed1554d1a",
            "venue": "ArXiv",
            "year": 2017
        },
        {
            "arxivId": null,
            "authors": [
                {
                    "authorId": "20474099",
                    "name": "Brijen Thananjeyan"
                },
                {
                    "authorId": "1873736",
                    "name": "Animesh Garg"
                },
                {
                    "authorId": "40428703",
                    "name": "S. Krishnan"
                },
                {
                    "authorId": "26650171",
                    "name": "Carolyn L. Chen"
                },
                {
                    "authorId": "2113312120",
                    "name": "Lauren Miller"
                },
                {
                    "authorId": "144344283",
                    "name": "Ken Goldberg"
                }
            ],
            "doi": "10.1109/ICRA.2017.7989275",
            "intent": [
                "background"
            ],
            "isInfluential": false,
            "paperId": "07be721c0268da8baf08db09da0dea8213b7bdcd",
            "title": "Multilateral surgical pattern cutting in 2D orthotropic gauze with deep reinforcement learning policies for tensioning",
            "url": "https://www.semanticscholar.org/paper/07be721c0268da8baf08db09da0dea8213b7bdcd",
            "venue": "2017 IEEE International Conference on Robotics and Automation (ICRA)",
            "year": 2017
        },
        {
            "arxivId": "1609.06408",
            "authors": [
                {
                    "authorId": "6386345",
                    "name": "A. Ames"
                },
                {
                    "authorId": "39851814",
                    "name": "Xiangru Xu"
                },
                {
                    "authorId": "8564504",
                    "name": "J. Grizzle"
                },
                {
                    "authorId": "1791875",
                    "name": "P. Tabuada"
                }
            ],
            "doi": "10.1109/TAC.2016.2638961",
            "intent": [
                "background"
            ],
            "isInfluential": false,
            "paperId": "291a176dc906f31e8faf760911a61f0ca9bde444",
            "title": "Control Barrier Function Based Quadratic Programs for Safety Critical Systems",
            "url": "https://www.semanticscholar.org/paper/291a176dc906f31e8faf760911a61f0ca9bde444",
            "venue": "IEEE Transactions on Automatic Control",
            "year": 2016
        },
        {
            "arxivId": null,
            "authors": [
                {
                    "authorId": "3310419",
                    "name": "Andreas Doumanoglou"
                },
                {
                    "authorId": "1702622",
                    "name": "Andreas Kargakos"
                },
                {
                    "authorId": "143617697",
                    "name": "Tae-Kyun Kim"
                },
                {
                    "authorId": "1744180",
                    "name": "S. Malassiotis"
                }
            ],
            "doi": "10.1109/ICRA.2014.6906974",
            "intent": [
                "background"
            ],
            "isInfluential": false,
            "paperId": "9865636a6f9ae844dafadc8611c06be10c32abc9",
            "title": "Autonomous active recognition and unfolding of clothes using random decision forests and probabilistic planning",
            "url": "https://www.semanticscholar.org/paper/9865636a6f9ae844dafadc8611c06be10c32abc9",
            "venue": "2014 IEEE International Conference on Robotics and Automation (ICRA)",
            "year": 2014
        },
        {
            "arxivId": null,
            "authors": [
                {
                    "authorId": "1747938",
                    "name": "Kimitoshi Yamazaki"
                }
            ],
            "doi": "10.1109/IROS.2014.6942994",
            "intent": [
                "background"
            ],
            "isInfluential": false,
            "paperId": "e3b54919364aa2a6aa4a68912c37ec8ec50317e3",
            "title": "Grasping point selection on an item of crumpled clothing based on relational shape description",
            "url": "https://www.semanticscholar.org/paper/e3b54919364aa2a6aa4a68912c37ec8ec50317e3",
            "venue": "2014 IEEE/RSJ International Conference on Intelligent Robots and Systems",
            "year": 2014
        },
        {
            "arxivId": null,
            "authors": [
                {
                    "authorId": "1401318419",
                    "name": "D. Navarro\u2010Alarcon"
                },
                {
                    "authorId": "46398631",
                    "name": "Yunhui Liu"
                },
                {
                    "authorId": "1829524",
                    "name": "J. G. Romero"
                },
                {
                    "authorId": "144326616",
                    "name": "Peng Li"
                }
            ],
            "doi": "10.1109/TRO.2013.2275651",
            "intent": [
                "background",
                "methodology"
            ],
            "isInfluential": true,
            "paperId": "c1cc1b928c70cdbe9560c1213ac6c6e64af22ad0",
            "title": "Model-Free Visually Servoed Deformation Control of Elastic Objects by Robot Manipulators",
            "url": "https://www.semanticscholar.org/paper/c1cc1b928c70cdbe9560c1213ac6c6e64af22ad0",
            "venue": "IEEE Transactions on Robotics",
            "year": 2013
        },
        {
            "arxivId": null,
            "authors": [
                {
                    "authorId": "1747706",
                    "name": "D. Berenson"
                }
            ],
            "doi": "10.1109/IROS.2013.6697007",
            "intent": [
                "background"
            ],
            "isInfluential": false,
            "paperId": "0ff8619062629895eb43392927b007978c2a39f2",
            "title": "Manipulation of deformable objects without modeling and simulating deformation",
            "url": "https://www.semanticscholar.org/paper/0ff8619062629895eb43392927b007978c2a39f2",
            "venue": "2013 IEEE/RSJ International Conference on Intelligent Robots and Systems",
            "year": 2013
        },
        {
            "arxivId": null,
            "authors": [
                {
                    "authorId": "1756566",
                    "name": "J. Bagnell"
                },
                {
                    "authorId": "2070492382",
                    "name": "Felipe Cavalcanti"
                },
                {
                    "authorId": "2087101192",
                    "name": "Lei Cui"
                },
                {
                    "authorId": "46871066",
                    "name": "T. Galluzzo"
                },
                {
                    "authorId": "145670946",
                    "name": "M. Hebert"
                },
                {
                    "authorId": "1705341",
                    "name": "M. Kazemi"
                },
                {
                    "authorId": "1719655",
                    "name": "Matthew Klingensmith"
                },
                {
                    "authorId": "2069358187",
                    "name": "Jacqueline Libby"
                },
                {
                    "authorId": "2115346288",
                    "name": "T. Liu"
                },
                {
                    "authorId": "1735665",
                    "name": "N. Pollard"
                },
                {
                    "authorId": "2829982",
                    "name": "M. Pivtoraiko"
                },
                {
                    "authorId": "1923194",
                    "name": "Jean-Sebastien Valois"
                },
                {
                    "authorId": "2070271297",
                    "name": "Ranqi Zhu"
                }
            ],
            "doi": "10.1109/IROS.2012.6385888",
            "intent": [
                "background"
            ],
            "isInfluential": false,
            "paperId": "5278712bf265a34f23c62b7be80a9eaa916744b7",
            "title": "An integrated system for autonomous robotics manipulation",
            "url": "https://www.semanticscholar.org/paper/5278712bf265a34f23c62b7be80a9eaa916744b7",
            "venue": "2012 IEEE/RSJ International Conference on Intelligent Robots and Systems",
            "year": 2012
        },
        {
            "arxivId": null,
            "authors": [
                {
                    "authorId": "2181472",
                    "name": "Bryan Willimon"
                },
                {
                    "authorId": "2238841",
                    "name": "Stan Birchfield"
                },
                {
                    "authorId": "26607413",
                    "name": "I. Walker"
                }
            ],
            "doi": "10.1109/IROS.2011.6095066",
            "intent": [
                "background"
            ],
            "isInfluential": false,
            "paperId": "32b7248c64720809b6fa3aa5b6df3899acf32e65",
            "title": "Model for unfolding laundry using interactive perception",
            "url": "https://www.semanticscholar.org/paper/32b7248c64720809b6fa3aa5b6df3899acf32e65",
            "venue": "2011 IEEE/RSJ International Conference on Intelligent Robots and Systems",
            "year": 2011
        },
        {
            "arxivId": null,
            "authors": [
                {
                    "authorId": "1406775898",
                    "name": "Jeremy B. Maitin-Shepard"
                },
                {
                    "authorId": "1397895859",
                    "name": "Marco F. Cusumano-Towner"
                },
                {
                    "authorId": "2961886",
                    "name": "Jinna Lei"
                },
                {
                    "authorId": "1689992",
                    "name": "P. Abbeel"
                }
            ],
            "doi": "10.1109/ROBOT.2010.5509439",
            "intent": [
                "background"
            ],
            "isInfluential": false,
            "paperId": "d7b0f8c73846e02f4628415096159682b015e944",
            "title": "Cloth grasp point detection based on multiple-view geometric cues with application to robotic towel folding",
            "url": "https://www.semanticscholar.org/paper/d7b0f8c73846e02f4628415096159682b015e944",
            "venue": "2010 IEEE International Conference on Robotics and Automation",
            "year": 2010
        }
    ],
    "s2FieldsOfStudy": [
        {
            "category": "Computer Science",
            "source": "external"
        },
        {
            "category": "Engineering",
            "source": "external"
        },
        {
            "category": "Engineering",
            "source": "s2-fos-model"
        },
        {
            "category": "Computer Science",
            "source": "s2-fos-model"
        }
    ],
    "title": "Model-Free Large-Scale Cloth Spreading With Mobile Manipulation: Initial Feasibility Study",
    "topics": [],
    "url": "https://www.semanticscholar.org/paper/16f528a286403b2aaf75929bf65d7587c4a33f87",
    "venue": "2023 IEEE 19th International Conference on Automation Science and Engineering (CASE)",
    "year": 2023
}