{
    "abstract": "Retrieval Augmented Generation (RAG) is a technique commonly used to equip models with out of distribution knowledge. This process involves collecting, indexing, retrieving, and providing information to an LLM for generating responses. Despite its growing popularity due to its flexibility and low cost, the security implications of RAG have not been extensively studied. The data for such systems are often collected from public sources, providing an attacker a gateway for indirect prompt injections to manipulate the responses of the model. In this paper, we investigate the security of RAG systems against end-to-end indirect prompt manipulations. First, we review existing RAG framework pipelines, deriving a prototypical architecture and identifying critical parameters. We then examine prior works searching for techniques that attackers can use to perform indirect prompt manipulations. Finally, we implemented Rag 'n Roll, a framework to determine the effectiveness of attacks against end-to-end RAG applications. Our results show that existing attacks are mostly optimized to boost the ranking of malicious documents during the retrieval phase. However, a higher rank does not immediately translate into a reliable attack. Most attacks, against various configurations, settle around a 40% success rate, which could rise to 60% when considering ambiguous answers as successful attacks (those that include the expected benign one as well). Additionally, when using unoptimized documents, attackers deploying two of them (or more) for a target query can achieve similar results as those using optimized ones. Finally, exploration of the configuration space of a RAG showed limited impact in thwarting the attacks, where the most successful combination severely undermines functionality.",
    "arxivId": "2408.05025",
    "authors": [
        {
            "authorId": "2303488254",
            "name": "Gianluca De Stefano",
            "url": "https://www.semanticscholar.org/author/2303488254"
        },
        {
            "authorId": "2321459466",
            "name": "Lea Sch\u00f6nherr",
            "url": "https://www.semanticscholar.org/author/2321459466"
        },
        {
            "authorId": "2315811105",
            "name": "Giancarlo Pellegrino",
            "url": "https://www.semanticscholar.org/author/2315811105"
        }
    ],
    "citationVelocity": 0,
    "citations": [],
    "corpusId": 271843426,
    "doi": "10.48550/arXiv.2408.05025",
    "fieldsOfStudy": [
        "Computer Science"
    ],
    "influentialCitationCount": 0,
    "isOpenAccess": false,
    "isPublisherLicensed": true,
    "is_open_access": false,
    "is_publisher_licensed": true,
    "numCitedBy": 0,
    "numCiting": 63,
    "paperId": "b2e0ad150cff50c033b323e6e415ad7464d88328",
    "references": [
        {
            "arxivId": "2404.14219",
            "authors": [
                {
                    "authorId": "2114891202",
                    "name": "Marah Abdin"
                },
                {
                    "authorId": "2297768912",
                    "name": "Sam Ade Jacobs"
                },
                {
                    "authorId": "2942686",
                    "name": "A. A. Awan"
                },
                {
                    "authorId": "29956361",
                    "name": "J. Aneja"
                },
                {
                    "authorId": "113916198",
                    "name": "Ahmed Awadallah"
                },
                {
                    "authorId": "3032929",
                    "name": "H. Awadalla"
                },
                {
                    "authorId": "2297768888",
                    "name": "Nguyen Bach"
                },
                {
                    "authorId": "2297768420",
                    "name": "Amit Bahree"
                },
                {
                    "authorId": "2274106850",
                    "name": "Arash Bakhtiari"
                },
                {
                    "authorId": "145560551",
                    "name": "Harkirat Singh Behl"
                },
                {
                    "authorId": "102222453",
                    "name": "Alon Benhaim"
                },
                {
                    "authorId": "2297766346",
                    "name": "Misha Bilenko"
                },
                {
                    "authorId": "46278353",
                    "name": "Johan Bjorck"
                },
                {
                    "authorId": "121645690",
                    "name": "S\u00e9bastien Bubeck"
                },
                {
                    "authorId": "2297768425",
                    "name": "Martin Cai"
                },
                {
                    "authorId": "2157424631",
                    "name": "C. C. T. Mendes"
                },
                {
                    "authorId": "2264439430",
                    "name": "Weizhu Chen"
                },
                {
                    "authorId": "113810201",
                    "name": "Vishrav Chaudhary"
                },
                {
                    "authorId": "2297780966",
                    "name": "Parul Chopra"
                },
                {
                    "authorId": "50672277",
                    "name": "Allison Del Giorno"
                },
                {
                    "authorId": "2297768528",
                    "name": "Gustavo de Rosa"
                },
                {
                    "authorId": "2297768894",
                    "name": "Matthew Dixon"
                },
                {
                    "authorId": "2315830",
                    "name": "Ronen Eldan"
                },
                {
                    "authorId": "3310951",
                    "name": "Dan Iter"
                },
                {
                    "authorId": "2054713176",
                    "name": "Abhishek Goswami"
                },
                {
                    "authorId": "2281352409",
                    "name": "S. Gunasekar"
                },
                {
                    "authorId": "2297768377",
                    "name": "Emman Haider"
                },
                {
                    "authorId": "2266241191",
                    "name": "Junheng Hao"
                },
                {
                    "authorId": "2945519",
                    "name": "Russell J. Hewett"
                },
                {
                    "authorId": "2297778093",
                    "name": "Jamie Huynh"
                },
                {
                    "authorId": "51900416",
                    "name": "Mojan Javaheripi"
                },
                {
                    "authorId": "2268726222",
                    "name": "Xin Jin"
                },
                {
                    "authorId": "2160340819",
                    "name": "Piero Kauffmann"
                },
                {
                    "authorId": "1830939",
                    "name": "Nikos Karampatziakis"
                },
                {
                    "authorId": "2297803872",
                    "name": "Dongwoo Kim"
                },
                {
                    "authorId": "2152658577",
                    "name": "Young Jin Kim"
                },
                {
                    "authorId": "2297767306",
                    "name": "Mahoud Khademi"
                },
                {
                    "authorId": "2279749803",
                    "name": "Lev Kurilenko"
                },
                {
                    "authorId": "2297805471",
                    "name": "James R. Lee"
                },
                {
                    "authorId": "2239163839",
                    "name": "Yin Tat Lee"
                },
                {
                    "authorId": "2268435346",
                    "name": "Yuanzhi Li"
                },
                {
                    "authorId": "2269852520",
                    "name": "Chen Liang"
                },
                {
                    "authorId": "2268632175",
                    "name": "Weishung Liu"
                },
                {
                    "authorId": "2297769037",
                    "name": "Eric Lin"
                },
                {
                    "authorId": "2297828605",
                    "name": "Zeqi Lin"
                },
                {
                    "authorId": "46781068",
                    "name": "Piyush Madan"
                },
                {
                    "authorId": "2256988075",
                    "name": "Arindam Mitra"
                },
                {
                    "authorId": "2297767663",
                    "name": "Hardik Modi"
                },
                {
                    "authorId": "2274742737",
                    "name": "Anh Nguyen"
                },
                {
                    "authorId": "2172095",
                    "name": "Brandon Norick"
                },
                {
                    "authorId": "27419446",
                    "name": "Barun Patra"
                },
                {
                    "authorId": "1416388980",
                    "name": "D. Perez-Becker"
                },
                {
                    "authorId": "6625302",
                    "name": "Thomas Portet"
                },
                {
                    "authorId": "4099006",
                    "name": "Reid Pryzant"
                },
                {
                    "authorId": "2279740366",
                    "name": "Heyang Qin"
                },
                {
                    "authorId": "2297777494",
                    "name": "Marko Radmilac"
                },
                {
                    "authorId": "41016119",
                    "name": "Corby Rosset"
                },
                {
                    "authorId": "2298400461",
                    "name": "Sambudha Roy"
                },
                {
                    "authorId": "2347792",
                    "name": "Olli Saarikivi"
                },
                {
                    "authorId": "2282542305",
                    "name": "Amin Saied"
                },
                {
                    "authorId": "2297768516",
                    "name": "Adil Salim"
                },
                {
                    "authorId": "1413038175",
                    "name": "Michael Santacroce"
                },
                {
                    "authorId": "2297814416",
                    "name": "Shital Shah"
                },
                {
                    "authorId": "2284868563",
                    "name": "Ning Shang"
                },
                {
                    "authorId": "2266307341",
                    "name": "Hiteshi Sharma"
                },
                {
                    "authorId": "2291873212",
                    "name": "Xianmin Song"
                },
                {
                    "authorId": "2537545",
                    "name": "Olatunji Ruwase"
                },
                {
                    "authorId": "2127734657",
                    "name": "Praneetha Vaddamanu"
                },
                {
                    "authorId": "2153689937",
                    "name": "Xin Wang"
                },
                {
                    "authorId": "2274157852",
                    "name": "Rachel Ward"
                },
                {
                    "authorId": "2298020153",
                    "name": "Guanhua Wang"
                },
                {
                    "authorId": "2297768553",
                    "name": "Philipp Witte"
                },
                {
                    "authorId": "2226773110",
                    "name": "Michael Wyatt"
                },
                {
                    "authorId": "46747953",
                    "name": "Can Xu"
                },
                {
                    "authorId": "2257094139",
                    "name": "Jiahang Xu"
                },
                {
                    "authorId": "2297814868",
                    "name": "Sonali Yadav"
                },
                {
                    "authorId": "145338263",
                    "name": "Fan Yang"
                },
                {
                    "authorId": "2291073936",
                    "name": "Ziyi Yang"
                },
                {
                    "authorId": "2287794511",
                    "name": "Donghan Yu"
                },
                {
                    "authorId": "2287118838",
                    "name": "Cheng-Yuan Zhang"
                },
                {
                    "authorId": "2297810599",
                    "name": "Cyril Zhang"
                },
                {
                    "authorId": "2297818019",
                    "name": "Jianwen Zhang"
                },
                {
                    "authorId": "2274195530",
                    "name": "L. Zhang"
                },
                {
                    "authorId": "2271712604",
                    "name": "Yi Zhang"
                },
                {
                    "authorId": "2298130748",
                    "name": "Yunan Zhang"
                },
                {
                    "authorId": "2297801063",
                    "name": "Xiren Zhou"
                }
            ],
            "doi": "10.48550/arXiv.2404.14219",
            "intent": [
                "methodology"
            ],
            "isInfluential": false,
            "paperId": "abdceff7d7983cdede9a5aabe6a476d4c72e41a3",
            "title": "Phi-3 Technical Report: A Highly Capable Language Model Locally on Your Phone",
            "url": "https://www.semanticscholar.org/paper/abdceff7d7983cdede9a5aabe6a476d4c72e41a3",
            "venue": "ArXiv",
            "year": 2024
        },
        {
            "arxivId": "2402.06922",
            "authors": [
                {
                    "authorId": "2283849958",
                    "name": "Jonathan Evertz"
                },
                {
                    "authorId": "2268477827",
                    "name": "Merlin Chlosta"
                },
                {
                    "authorId": "6474643",
                    "name": "Lea Sch\u00f6nherr"
                },
                {
                    "authorId": "1573922647",
                    "name": "Thorsten Eisenhofer"
                }
            ],
            "doi": "10.48550/arXiv.2402.06922",
            "intent": [],
            "isInfluential": false,
            "paperId": "11e0f716899c07a06c46c165287d862fc6ecf8b7",
            "title": "Whispers in the Machine: Confidentiality in LLM-integrated Systems",
            "url": "https://www.semanticscholar.org/paper/11e0f716899c07a06c46c165287d862fc6ecf8b7",
            "venue": "ArXiv",
            "year": 2024
        },
        {
            "arxivId": "2310.19156",
            "authors": [
                {
                    "authorId": "49164966",
                    "name": "Zexuan Zhong"
                },
                {
                    "authorId": "2263707437",
                    "name": "Ziqing Huang"
                },
                {
                    "authorId": "2127066887",
                    "name": "Alexander Wettig"
                },
                {
                    "authorId": "50536468",
                    "name": "Danqi Chen"
                }
            ],
            "doi": "10.48550/arXiv.2310.19156",
            "intent": [
                "background"
            ],
            "isInfluential": true,
            "paperId": "e3a49a110801fd961db887f8af1239cc79b55a5b",
            "title": "Poisoning Retrieval Corpora by Injecting Adversarial Passages",
            "url": "https://www.semanticscholar.org/paper/e3a49a110801fd961db887f8af1239cc79b55a5b",
            "venue": "EMNLP",
            "year": 2023
        },
        {
            "arxivId": "2310.02224",
            "authors": [
                {
                    "authorId": "2269138661",
                    "name": "Yang Chen"
                },
                {
                    "authorId": "2059422875",
                    "name": "Ethan Mendes"
                },
                {
                    "authorId": "2253887336",
                    "name": "Sauvik Das"
                },
                {
                    "authorId": "2256028184",
                    "name": "Wei Xu"
                },
                {
                    "authorId": "2253466149",
                    "name": "Alan Ritter"
                }
            ],
            "doi": "10.48550/arXiv.2310.02224",
            "intent": [
                "background"
            ],
            "isInfluential": false,
            "paperId": "2403c8e72a90d9c778970fc0812ecdcc58800c5d",
            "title": "Can Language Models be Instructed to Protect Personal Information?",
            "url": "https://www.semanticscholar.org/paper/2403c8e72a90d9c778970fc0812ecdcc58800c5d",
            "venue": "ArXiv",
            "year": 2023
        },
        {
            "arxivId": "2309.10253",
            "authors": [
                {
                    "authorId": "11305882",
                    "name": "Jiahao Yu"
                },
                {
                    "authorId": "51465605",
                    "name": "Xingwei Lin"
                },
                {
                    "authorId": "2267485418",
                    "name": "Zheng Yu"
                },
                {
                    "authorId": "2242944254",
                    "name": "Xinyu Xing"
                }
            ],
            "doi": "10.48550/arXiv.2309.10253",
            "intent": [
                "background"
            ],
            "isInfluential": false,
            "paperId": "d4177489596748e43aa571f59556097f2cc4c8be",
            "title": "GPTFUZZER: Red Teaming Large Language Models with Auto-Generated Jailbreak Prompts",
            "url": "https://www.semanticscholar.org/paper/d4177489596748e43aa571f59556097f2cc4c8be",
            "venue": "ArXiv",
            "year": 2023
        },
        {
            "arxivId": "2308.14132",
            "authors": [
                {
                    "authorId": "2083980189",
                    "name": "Gabriel Alon"
                },
                {
                    "authorId": "71291656",
                    "name": "Michael Kamfonas"
                }
            ],
            "doi": "10.48550/arXiv.2308.14132",
            "intent": [
                "background"
            ],
            "isInfluential": false,
            "paperId": "b8b8d5655df1c6a71bbb713387863e34cc055332",
            "title": "Detecting Language Model Attacks with Perplexity",
            "url": "https://www.semanticscholar.org/paper/b8b8d5655df1c6a71bbb713387863e34cc055332",
            "venue": "ArXiv",
            "year": 2023
        },
        {
            "arxivId": "2307.15043",
            "authors": [
                {
                    "authorId": "1380103052",
                    "name": "Andy Zou"
                },
                {
                    "authorId": "50219096",
                    "name": "Zifan Wang"
                },
                {
                    "authorId": "145116464",
                    "name": "J. Z. Kolter"
                },
                {
                    "authorId": "2623167",
                    "name": "Matt Fredrikson"
                }
            ],
            "doi": null,
            "intent": [
                "background"
            ],
            "isInfluential": false,
            "paperId": "47030369e97cc44d4b2e3cf1be85da0fd134904a",
            "title": "Universal and Transferable Adversarial Attacks on Aligned Language Models",
            "url": "https://www.semanticscholar.org/paper/47030369e97cc44d4b2e3cf1be85da0fd134904a",
            "venue": "ArXiv",
            "year": 2023
        },
        {
            "arxivId": "2307.10490",
            "authors": [
                {
                    "authorId": "36103467",
                    "name": "Eugene Bagdasarian"
                },
                {
                    "authorId": "2005337204",
                    "name": "Tsung-Yin Hsieh"
                },
                {
                    "authorId": "7665773",
                    "name": "Ben Nassi"
                },
                {
                    "authorId": "1723945",
                    "name": "Vitaly Shmatikov"
                }
            ],
            "doi": "10.48550/arXiv.2307.10490",
            "intent": [
                "background"
            ],
            "isInfluential": false,
            "paperId": "3fa3d818dedba25121faf777e09905ee96faa117",
            "title": "(Ab)using Images and Sounds for Indirect Instruction Injection in Multi-Modal LLMs",
            "url": "https://www.semanticscholar.org/paper/3fa3d818dedba25121faf777e09905ee96faa117",
            "venue": "ArXiv",
            "year": 2023
        },
        {
            "arxivId": "2307.03172",
            "authors": [
                {
                    "authorId": "22243769",
                    "name": "Nelson F. Liu"
                },
                {
                    "authorId": "48085802",
                    "name": "Kevin Lin"
                },
                {
                    "authorId": "145430120",
                    "name": "John Hewitt"
                },
                {
                    "authorId": "40404493",
                    "name": "Ashwin Paranjape"
                },
                {
                    "authorId": "143802044",
                    "name": "Michele Bevilacqua"
                },
                {
                    "authorId": "40052301",
                    "name": "F. Petroni"
                },
                {
                    "authorId": "145419642",
                    "name": "Percy Liang"
                }
            ],
            "doi": "10.1162/tacl_a_00638",
            "intent": [
                "methodology"
            ],
            "isInfluential": false,
            "paperId": "1733eb7792f7a43dd21f51f4d1017a1bffd217b5",
            "title": "Lost in the Middle: How Language Models Use Long Contexts",
            "url": "https://www.semanticscholar.org/paper/1733eb7792f7a43dd21f51f4d1017a1bffd217b5",
            "venue": "TACL",
            "year": 2023
        },
        {
            "arxivId": "2307.01881",
            "authors": [
                {
                    "authorId": "48388878",
                    "name": "Siwon Kim"
                },
                {
                    "authorId": "2151587",
                    "name": "Sangdoo Yun"
                },
                {
                    "authorId": "2294014",
                    "name": "Hwaran Lee"
                },
                {
                    "authorId": "35582593",
                    "name": "Martin Gubri"
                },
                {
                    "authorId": "2152497729",
                    "name": "Sung-Hoon Yoon"
                },
                {
                    "authorId": "2390510",
                    "name": "Seong Joon Oh"
                }
            ],
            "doi": "10.48550/arXiv.2307.01881",
            "intent": [
                "background"
            ],
            "isInfluential": false,
            "paperId": "b2c68b708a9f98996b18c8d21b53a815a2c46a8b",
            "title": "ProPILE: Probing Privacy Leakage in Large Language Models",
            "url": "https://www.semanticscholar.org/paper/b2c68b708a9f98996b18c8d21b53a815a2c46a8b",
            "venue": "NeurIPS",
            "year": 2023
        },
        {
            "arxivId": "2305.13860",
            "authors": [
                {
                    "authorId": "2153627626",
                    "name": "Yi Liu"
                },
                {
                    "authorId": "73776889",
                    "name": "Gelei Deng"
                },
                {
                    "authorId": "3430657",
                    "name": "Zhengzi Xu"
                },
                {
                    "authorId": "22799258",
                    "name": "Yuekang Li"
                },
                {
                    "authorId": "8499465",
                    "name": "Yaowen Zheng"
                },
                {
                    "authorId": "2153391280",
                    "name": "Ying Zhang"
                },
                {
                    "authorId": "2214121071",
                    "name": "Lida Zhao"
                },
                {
                    "authorId": "2146331573",
                    "name": "Tianwei Zhang"
                },
                {
                    "authorId": "2152798056",
                    "name": "Yang Liu"
                }
            ],
            "doi": "10.48550/arXiv.2305.13860",
            "intent": [
                "background"
            ],
            "isInfluential": false,
            "paperId": "fc50a6202e2f675604543c1ae4ef22ec74f61ad5",
            "title": "Jailbreaking ChatGPT via Prompt Engineering: An Empirical Study",
            "url": "https://www.semanticscholar.org/paper/fc50a6202e2f675604543c1ae4ef22ec74f61ad5",
            "venue": "ArXiv",
            "year": 2023
        },
        {
            "arxivId": "2305.01860",
            "authors": [
                {
                    "authorId": "49794910",
                    "name": "Xuanang Chen"
                },
                {
                    "authorId": "2046814249",
                    "name": "Ben He"
                },
                {
                    "authorId": "83368021",
                    "name": "Zheng Ye"
                },
                {
                    "authorId": "2110832778",
                    "name": "Le Sun"
                },
                {
                    "authorId": "46676156",
                    "name": "Yingfei Sun"
                }
            ],
            "doi": "10.48550/arXiv.2305.01860",
            "intent": [
                "methodology"
            ],
            "isInfluential": true,
            "paperId": "e5914f026293d7c118bbbaa73e843a2426b113ed",
            "title": "Towards Imperceptible Document Manipulations against Neural Ranking Models",
            "url": "https://www.semanticscholar.org/paper/e5914f026293d7c118bbbaa73e843a2426b113ed",
            "venue": "ACL",
            "year": 2023
        },
        {
            "arxivId": "2304.14867",
            "authors": [
                {
                    "authorId": "2143860482",
                    "name": "Yuansan Liu"
                },
                {
                    "authorId": "2109960367",
                    "name": "Ruqing Zhang"
                },
                {
                    "authorId": "1777025",
                    "name": "J. Guo"
                },
                {
                    "authorId": "1696030",
                    "name": "M. de Rijke"
                },
                {
                    "authorId": "2283009",
                    "name": "Wei Chen"
                },
                {
                    "authorId": "7888704",
                    "name": "Yixing Fan"
                },
                {
                    "authorId": "1717004",
                    "name": "Xueqi Cheng"
                }
            ],
            "doi": "10.1145/3539618.3591777",
            "intent": [
                "background"
            ],
            "isInfluential": true,
            "paperId": "368c1f25109460e51522dd29fc8c5a04966adca9",
            "title": "Topic-oriented Adversarial Attacks against Black-box Neural Ranking Models",
            "url": "https://www.semanticscholar.org/paper/368c1f25109460e51522dd29fc8c5a04966adca9",
            "venue": "SIGIR",
            "year": 2023
        },
        {
            "arxivId": "2304.11300",
            "authors": [
                {
                    "authorId": "79302744",
                    "name": "Zilong Lin"
                },
                {
                    "authorId": "2051135894",
                    "name": "Zhengyi Li"
                },
                {
                    "authorId": "48019746",
                    "name": "Xiaojing Liao"
                },
                {
                    "authorId": "2170985398",
                    "name": "Xiaofeng Wang"
                },
                {
                    "authorId": "1713802",
                    "name": "Xiaozhong Liu"
                }
            ],
            "doi": "10.1109/SP54263.2024.00049",
            "intent": [
                "background"
            ],
            "isInfluential": true,
            "paperId": "8ac2dff1c4dc63581b52697e87c3c13a6b9dda71",
            "title": "MAWSEO: Adversarial Wiki Search Poisoning for Illicit Online Promotion",
            "url": "https://www.semanticscholar.org/paper/8ac2dff1c4dc63581b52697e87c3c13a6b9dda71",
            "venue": "2024 IEEE Symposium on Security and Privacy (SP)",
            "year": 2023
        },
        {
            "arxivId": "2302.12173",
            "authors": [
                {
                    "authorId": "2209385653",
                    "name": "Kai Greshake"
                },
                {
                    "authorId": "1383113350",
                    "name": "Sahar Abdelnabi"
                },
                {
                    "authorId": "2112134932",
                    "name": "Shailesh Mishra"
                },
                {
                    "authorId": "93808977",
                    "name": "C. Endres"
                },
                {
                    "authorId": "144227650",
                    "name": "Thorsten Holz"
                },
                {
                    "authorId": "1739548",
                    "name": "Mario Fritz"
                }
            ],
            "doi": "10.1145/3605764.3623985",
            "intent": [
                "background"
            ],
            "isInfluential": false,
            "paperId": "705e49afd92130f2bc1e0d4d0b1f6cb14e88803f",
            "title": "Not What You've Signed Up For: Compromising Real-World LLM-Integrated Applications with Indirect Prompt Injection",
            "url": "https://www.semanticscholar.org/paper/705e49afd92130f2bc1e0d4d0b1f6cb14e88803f",
            "venue": "AISec@CCS",
            "year": 2023
        },
        {
            "arxivId": "2302.09923",
            "authors": [
                {
                    "authorId": "2527436",
                    "name": "Xinyue Shen"
                },
                {
                    "authorId": "2158023237",
                    "name": "Y. Qu"
                },
                {
                    "authorId": "144588806",
                    "name": "M. Backes"
                },
                {
                    "authorId": "2145954003",
                    "name": "Yang Zhang"
                }
            ],
            "doi": "10.48550/arXiv.2302.09923",
            "intent": [],
            "isInfluential": false,
            "paperId": "7ec9e9ec1c26f7977f54dd7830d970101e3a683e",
            "title": "Prompt Stealing Attacks Against Text-to-Image Generation Models",
            "url": "https://www.semanticscholar.org/paper/7ec9e9ec1c26f7977f54dd7830d970101e3a683e",
            "venue": "USENIX Security Symposium",
            "year": 2023
        },
        {
            "arxivId": "2301.13188",
            "authors": [
                {
                    "authorId": "2483738",
                    "name": "Nicholas Carlini"
                },
                {
                    "authorId": "9200194",
                    "name": "Jamie Hayes"
                },
                {
                    "authorId": "3490923",
                    "name": "Milad Nasr"
                },
                {
                    "authorId": "40844378",
                    "name": "Matthew Jagielski"
                },
                {
                    "authorId": "3482535",
                    "name": "Vikash Sehwag"
                },
                {
                    "authorId": "2444919",
                    "name": "Florian Tram\u00e8r"
                },
                {
                    "authorId": "1718064",
                    "name": "Borja Balle"
                },
                {
                    "authorId": "7975935",
                    "name": "Daphne Ippolito"
                },
                {
                    "authorId": "145217343",
                    "name": "Eric Wallace"
                }
            ],
            "doi": "10.48550/arXiv.2301.13188",
            "intent": [
                "background"
            ],
            "isInfluential": false,
            "paperId": "2e965b5d97c2d6fb4af284307735be39283792ba",
            "title": "Extracting Training Data from Diffusion Models",
            "url": "https://www.semanticscholar.org/paper/2e965b5d97c2d6fb4af284307735be39283792ba",
            "venue": "USENIX Security Symposium",
            "year": 2023
        },
        {
            "arxivId": "2212.10511",
            "authors": [
                {
                    "authorId": "2269472940",
                    "name": "Alex Troy Mallen"
                },
                {
                    "authorId": "35584853",
                    "name": "Akari Asai"
                },
                {
                    "authorId": "3428769",
                    "name": "Victor Zhong"
                },
                {
                    "authorId": "143863023",
                    "name": "Rajarshi Das"
                },
                {
                    "authorId": "2548384",
                    "name": "Hannaneh Hajishirzi"
                },
                {
                    "authorId": "1783281",
                    "name": "Daniel Khashabi"
                }
            ],
            "doi": "10.18653/v1/2023.acl-long.546",
            "intent": [
                "methodology",
                "background"
            ],
            "isInfluential": false,
            "paperId": "c6ee979c2da4b55a8486abae4cd720422ab09b26",
            "title": "When Not to Trust Language Models: Investigating Effectiveness of Parametric and Non-Parametric Memories",
            "url": "https://www.semanticscholar.org/paper/c6ee979c2da4b55a8486abae4cd720422ab09b26",
            "venue": "ACL",
            "year": 2022
        },
        {
            "arxivId": "2211.08411",
            "authors": [
                {
                    "authorId": "1380266797",
                    "name": "Nikhil Kandpal"
                },
                {
                    "authorId": "2072971465",
                    "name": "H. Deng"
                },
                {
                    "authorId": "145625142",
                    "name": "Adam Roberts"
                },
                {
                    "authorId": "145217343",
                    "name": "Eric Wallace"
                },
                {
                    "authorId": "2402716",
                    "name": "Colin Raffel"
                }
            ],
            "doi": "10.48550/arXiv.2211.08411",
            "intent": [
                "methodology"
            ],
            "isInfluential": false,
            "paperId": "75f7e9e2b59fb640ef9d1dff94097175daf46c4d",
            "title": "Large Language Models Struggle to Learn Long-Tail Knowledge",
            "url": "https://www.semanticscholar.org/paper/75f7e9e2b59fb640ef9d1dff94097175daf46c4d",
            "venue": "ICML",
            "year": 2022
        },
        {
            "arxivId": "2210.07321",
            "authors": [
                {
                    "authorId": "152158902",
                    "name": "Evan Crothers"
                },
                {
                    "authorId": "1743642",
                    "name": "N. Japkowicz"
                },
                {
                    "authorId": "1727256",
                    "name": "H. Viktor"
                }
            ],
            "doi": "10.1109/ACCESS.2023.3294090",
            "intent": [
                "background"
            ],
            "isInfluential": false,
            "paperId": "9ab5c6644082b6fdbd6a2b0e6ae3527668244424",
            "title": "Machine-Generated Text: A Comprehensive Survey of Threat Models and Detection Methods",
            "url": "https://www.semanticscholar.org/paper/9ab5c6644082b6fdbd6a2b0e6ae3527668244424",
            "venue": "IEEE Access",
            "year": 2022
        },
        {
            "arxivId": "2209.06506",
            "authors": [
                {
                    "authorId": "48210950",
                    "name": "Jiawei Liu"
                },
                {
                    "authorId": "38753454",
                    "name": "Yangyang Kang"
                },
                {
                    "authorId": "2072573340",
                    "name": "Di Tang"
                },
                {
                    "authorId": "7750270",
                    "name": "Kaisong Song"
                },
                {
                    "authorId": "2060934",
                    "name": "Changlong Sun"
                },
                {
                    "authorId": "2170985398",
                    "name": "Xiaofeng Wang"
                },
                {
                    "authorId": "143844110",
                    "name": "Wei Lu"
                },
                {
                    "authorId": "1713802",
                    "name": "Xiaozhong Liu"
                }
            ],
            "doi": "10.1145/3548606.3560683",
            "intent": [
                "result",
                "methodology",
                "background"
            ],
            "isInfluential": true,
            "paperId": "d03f4ca6facd18b30ab4c6034350d430bca0bc33",
            "title": "Order-Disorder: Imitation Adversarial Attacks for Black-box Neural Ranking Models",
            "url": "https://www.semanticscholar.org/paper/d03f4ca6facd18b30ab4c6034350d430bca0bc33",
            "venue": "CCS",
            "year": 2022
        },
        {
            "arxivId": "2206.11724",
            "authors": [
                {
                    "authorId": "2131677033",
                    "name": "Yumeng Wang"
                },
                {
                    "authorId": "2582201",
                    "name": "Lijun Lyu"
                },
                {
                    "authorId": "39775488",
                    "name": "Avishek Anand"
                }
            ],
            "doi": "10.1145/3539813.3545122",
            "intent": [
                "background"
            ],
            "isInfluential": true,
            "paperId": "0b43cd163d1a5f02eeb99efce2e0fe7f6ea84158",
            "title": "BERT Rankers are Brittle: A Study using Adversarial Document Perturbations",
            "url": "https://www.semanticscholar.org/paper/0b43cd163d1a5f02eeb99efce2e0fe7f6ea84158",
            "venue": "ICTIR",
            "year": 2022
        },
        {
            "arxivId": "2204.05862",
            "authors": [
                {
                    "authorId": "1486307451",
                    "name": "Yuntao Bai"
                },
                {
                    "authorId": "2149890773",
                    "name": "Andy Jones"
                },
                {
                    "authorId": "1978097132",
                    "name": "Kamal Ndousse"
                },
                {
                    "authorId": "119609682",
                    "name": "Amanda Askell"
                },
                {
                    "authorId": "2111073313",
                    "name": "Anna Chen"
                },
                {
                    "authorId": "2142833890",
                    "name": "Nova Dassarma"
                },
                {
                    "authorId": "1943097969",
                    "name": "Dawn Drain"
                },
                {
                    "authorId": "30176974",
                    "name": "Stanislav Fort"
                },
                {
                    "authorId": "2081806483",
                    "name": "Deep Ganguli"
                },
                {
                    "authorId": "103143311",
                    "name": "T. Henighan"
                },
                {
                    "authorId": "2117706920",
                    "name": "Nicholas Joseph"
                },
                {
                    "authorId": "148070327",
                    "name": "Saurav Kadavath"
                },
                {
                    "authorId": "1583434563",
                    "name": "John Kernion"
                },
                {
                    "authorId": "2154608209",
                    "name": "Tom Conerly"
                },
                {
                    "authorId": "1403602266",
                    "name": "S. El-Showk"
                },
                {
                    "authorId": "2866708",
                    "name": "Nelson Elhage"
                },
                {
                    "authorId": "1573482302",
                    "name": "Zac Hatfield-Dodds"
                },
                {
                    "authorId": "39182747",
                    "name": "Danny Hernandez"
                },
                {
                    "authorId": "2162194147",
                    "name": "Tristan Hume"
                },
                {
                    "authorId": "2154610174",
                    "name": "Scott Johnston"
                },
                {
                    "authorId": "49604482",
                    "name": "Shauna Kravec"
                },
                {
                    "authorId": "2154608229",
                    "name": "Liane Lovitt"
                },
                {
                    "authorId": "2051128902",
                    "name": "Neel Nanda"
                },
                {
                    "authorId": "2061321863",
                    "name": "Catherine Olsson"
                },
                {
                    "authorId": "2698777",
                    "name": "Dario Amodei"
                },
                {
                    "authorId": "31035595",
                    "name": "Tom B. Brown"
                },
                {
                    "authorId": "2115193883",
                    "name": "Jack Clark"
                },
                {
                    "authorId": "52238703",
                    "name": "Sam McCandlish"
                },
                {
                    "authorId": "37232298",
                    "name": "C. Olah"
                },
                {
                    "authorId": "2056658938",
                    "name": "Benjamin Mann"
                },
                {
                    "authorId": "2053807409",
                    "name": "Jared Kaplan"
                }
            ],
            "doi": "10.48550/arXiv.2204.05862",
            "intent": [
                "background"
            ],
            "isInfluential": false,
            "paperId": "0286b2736a114198b25fb5553c671c33aed5d477",
            "title": "Training a Helpful and Harmless Assistant with Reinforcement Learning from Human Feedback",
            "url": "https://www.semanticscholar.org/paper/0286b2736a114198b25fb5553c671c33aed5d477",
            "venue": "ArXiv",
            "year": 2022
        },
        {
            "arxivId": "2204.01321",
            "authors": [
                {
                    "authorId": "2151103084",
                    "name": "Chen Wu"
                },
                {
                    "authorId": "2109960367",
                    "name": "Ruqing Zhang"
                },
                {
                    "authorId": "1777025",
                    "name": "J. Guo"
                },
                {
                    "authorId": "1696030",
                    "name": "M. de Rijke"
                },
                {
                    "authorId": "7888704",
                    "name": "Yixing Fan"
                },
                {
                    "authorId": "1717004",
                    "name": "Xueqi Cheng"
                }
            ],
            "doi": "10.1145/3576923",
            "intent": [
                "methodology",
                "background"
            ],
            "isInfluential": true,
            "paperId": "5c9f270337bfb26b3cffbd304fad7666353a8e17",
            "title": "PRADA: Practical Black-box Adversarial Attacks against Neural Ranking Models",
            "url": "https://www.semanticscholar.org/paper/5c9f270337bfb26b3cffbd304fad7666353a8e17",
            "venue": "ACM Trans. Inf. Syst.",
            "year": 2022
        },
        {
            "arxivId": "2011.04743",
            "authors": [
                {
                    "authorId": "3469125",
                    "name": "Congzheng Song"
                },
                {
                    "authorId": "2531268",
                    "name": "Alexander M. Rush"
                },
                {
                    "authorId": "1723945",
                    "name": "Vitaly Shmatikov"
                }
            ],
            "doi": "10.18653/v1/2020.emnlp-main.344",
            "intent": [
                "methodology",
                "background"
            ],
            "isInfluential": true,
            "paperId": "aeb4478619461ca25592e6d692f3591ec8c4091b",
            "title": "Adversarial Semantic Collisions",
            "url": "https://www.semanticscholar.org/paper/aeb4478619461ca25592e6d692f3591ec8c4091b",
            "venue": "EMNLP",
            "year": 2020
        },
        {
            "arxivId": "2008.02197",
            "authors": [
                {
                    "authorId": "145820673",
                    "name": "Nisarg Raval"
                },
                {
                    "authorId": "1840437995",
                    "name": "Manisha Verma"
                }
            ],
            "doi": null,
            "intent": [
                "background"
            ],
            "isInfluential": true,
            "paperId": "4ee6b6401e8cb6f8225a92cd26dfd1a0ac038ce0",
            "title": "One word at a time: adversarial attacks on retrieval models",
            "url": "https://www.semanticscholar.org/paper/4ee6b6401e8cb6f8225a92cd26dfd1a0ac038ce0",
            "venue": "ArXiv",
            "year": 2020
        },
        {
            "arxivId": "2002.10957",
            "authors": [
                {
                    "authorId": "51456429",
                    "name": "Wenhui Wang"
                },
                {
                    "authorId": "49807919",
                    "name": "Furu Wei"
                },
                {
                    "authorId": "145307652",
                    "name": "Li Dong"
                },
                {
                    "authorId": "10699417",
                    "name": "Hangbo Bao"
                },
                {
                    "authorId": "144610884",
                    "name": "Nan Yang"
                },
                {
                    "authorId": "92660691",
                    "name": "Ming Zhou"
                }
            ],
            "doi": null,
            "intent": [
                "methodology"
            ],
            "isInfluential": false,
            "paperId": "c6c734e16f66fbfcefac7625cc64599e83292c1e",
            "title": "MiniLM: Deep Self-Attention Distillation for Task-Agnostic Compression of Pre-Trained Transformers",
            "url": "https://www.semanticscholar.org/paper/c6c734e16f66fbfcefac7625cc64599e83292c1e",
            "venue": "NeurIPS",
            "year": 2020
        },
        {
            "arxivId": null,
            "authors": [
                {
                    "authorId": "144430625",
                    "name": "S. Robertson"
                },
                {
                    "authorId": "48872185",
                    "name": "S. Walker"
                }
            ],
            "doi": "10.1007/978-1-4471-2099-5_24",
            "intent": [
                "methodology"
            ],
            "isInfluential": false,
            "paperId": "c0a48ed7577a7b48288dfb2711cbd86e30636b5f",
            "title": "Some simple effective approximations to the 2-Poisson model for probabilistic weighted retrieval",
            "url": "https://www.semanticscholar.org/paper/c0a48ed7577a7b48288dfb2711cbd86e30636b5f",
            "venue": "SIGIR '94",
            "year": 1994
        },
        {
            "arxivId": null,
            "authors": [
                {
                    "authorId": "2601856",
                    "name": "Helen Maskery"
                },
                {
                    "authorId": "2115040",
                    "name": "J. Meads"
                }
            ],
            "doi": "10.1145/142386.142389",
            "intent": [],
            "isInfluential": false,
            "paperId": "302cb198e2d28cc8eeda4191f90b75418811c435",
            "title": "Context",
            "url": "https://www.semanticscholar.org/paper/302cb198e2d28cc8eeda4191f90b75418811c435",
            "venue": "ACM SIGCHI Bull.",
            "year": 1992
        },
        {
            "arxivId": null,
            "authors": [
                {
                    "authorId": "1604963563",
                    "name": "Yupei Liu"
                },
                {
                    "authorId": "2260844526",
                    "name": "Yuqi Jia"
                },
                {
                    "authorId": "2260340372",
                    "name": "Runpeng Geng"
                },
                {
                    "authorId": "2257508100",
                    "name": "Jinyuan Jia"
                },
                {
                    "authorId": "144516687",
                    "name": "N. Gong"
                }
            ],
            "doi": "10.48550/arXiv.2310.12815",
            "intent": [
                "background"
            ],
            "isInfluential": false,
            "paperId": "04fa3ebc4c0c0b4a2d2d1a3fc612134a05057696",
            "title": "Prompt Injection Attacks and Defenses in LLM-Integrated Applications",
            "url": "https://www.semanticscholar.org/paper/04fa3ebc4c0c0b4a2d2d1a3fc612134a05057696",
            "venue": "ArXiv",
            "year": 2023
        },
        {
            "arxivId": null,
            "authors": [
                {
                    "authorId": "2144578712",
                    "name": "Junshuai Song"
                },
                {
                    "authorId": "2108314228",
                    "name": "Jiangshan Zhang"
                },
                {
                    "authorId": "2119227830",
                    "name": "Jifeng Zhu"
                },
                {
                    "authorId": "3121455",
                    "name": "Mengyun Tang"
                },
                {
                    "authorId": "2165371510",
                    "name": "Yong Yang"
                }
            ],
            "doi": "10.18653/v1/2022.repl4nlp-1.20",
            "intent": [
                "background"
            ],
            "isInfluential": true,
            "paperId": "416166041a3ec11656281b033b3c2d23beb874a5",
            "title": "TRAttack\u201d:\" Text Rewriting Attack Against Text Retrieval",
            "url": "https://www.semanticscholar.org/paper/416166041a3ec11656281b033b3c2d23beb874a5",
            "venue": "REPL4NLP",
            "year": 2022
        },
        {
            "arxivId": null,
            "authors": [
                {
                    "authorId": "79932365",
                    "name": "M. Aldi"
                },
                {
                    "authorId": "2328588670",
                    "name": "Kusuma Lutfi"
                },
                {
                    "authorId": "2328591073",
                    "name": "Mukramin"
                },
                {
                    "authorId": "72941973",
                    "name": "Dasril"
                }
            ],
            "doi": "10.1007/978-1-4419-1698-3_100137",
            "intent": [],
            "isInfluential": false,
            "paperId": "8710da248717aaeb5fcc3e9ee8e95478b9ddc629",
            "title": "Assistant",
            "url": "https://www.semanticscholar.org/paper/8710da248717aaeb5fcc3e9ee8e95478b9ddc629",
            "venue": "Encyclopedia of Autism Spectrum Disorders",
            "year": 2021
        },
        {
            "arxivId": null,
            "authors": [
                {
                    "authorId": "2151998940",
                    "name": "K. Zhu"
                },
                {
                    "authorId": "2149669613",
                    "name": "Hongjie Zhu"
                },
                {
                    "authorId": "48269417",
                    "name": "Yajun Zhu"
                }
            ],
            "doi": "10.1007/978-3-030-58292-0_30558",
            "intent": [
                "background"
            ],
            "isInfluential": false,
            "paperId": "e930c607fd47f162661035745e498a3e02d3de4b",
            "title": "Chroma",
            "url": "https://www.semanticscholar.org/paper/e930c607fd47f162661035745e498a3e02d3de4b",
            "venue": "Encyclopedic Dictionary of Archaeology",
            "year": 2019
        }
    ],
    "s2FieldsOfStudy": [
        {
            "category": "Computer Science",
            "source": "external"
        },
        {
            "category": "Computer Science",
            "source": "s2-fos-model"
        }
    ],
    "title": "Rag and Roll: An End-to-End Evaluation of Indirect Prompt Manipulations in LLM-based Application Frameworks",
    "topics": [],
    "url": "https://www.semanticscholar.org/paper/b2e0ad150cff50c033b323e6e415ad7464d88328",
    "venue": "arXiv.org",
    "year": 2024
}