{
    "abstract": "Addressing the complexity of comprehensive information retrieval, this study introduces an innovative, iterative retrieval-augmented generation system. Our approach uniquely integrates a vector-space driven re-ranking mechanism with concurrent brainstorming to expedite the retrieval of highly relevant documents, thereby streamlining the generation of potential queries. This sets the stage for our novel hybrid process, which synergistically combines hypothesis formulation with satisfying decision-making strategy to determine content adequacy, leveraging a chain of thought-based prompting technique. This unified hypothesize-satisfied phase intelligently distills information to ascertain whether user queries have been satisfactorily addressed. Upon reaching this criterion, the system refines its output into a concise representation, maximizing conceptual density with minimal verbosity. The iterative nature of the workflow enhances process efficiency and accuracy. Crucially, the concurrency within the brainstorming phase significantly accelerates recursive operations, facilitating rapid convergence to solution satisfaction. Compared to conventional methods, our system demonstrates a marked improvement in computational time and cost-effectiveness. This research advances the state-of-the-art in intelligent retrieval systems, setting a new benchmark for resource-efficient information extraction and abstraction in knowledge-intensive applications.",
    "arxivId": "2401.01835",
    "authors": [
        {
            "authorId": "3188106",
            "name": "Arash Shahmansoori",
            "url": "https://www.semanticscholar.org/author/3188106"
        }
    ],
    "citationVelocity": 0,
    "citations": [
        {
            "arxivId": null,
            "authors": [
                {
                    "authorId": "2079129962",
                    "name": "Asimina Mertzani"
                },
                {
                    "authorId": "2244406706",
                    "name": "Jeremy V. Pitt"
                }
            ],
            "doi": "10.1109/ISTAS61960.2024.10732856",
            "intent": [
                "methodology"
            ],
            "isInfluential": false,
            "paperId": "753342485243557aa37a5d5764c3d01957eb86f6",
            "title": "Social Implications of Socially-Guided Machine Learning for Innovation Support",
            "url": "https://www.semanticscholar.org/paper/753342485243557aa37a5d5764c3d01957eb86f6",
            "venue": "2024 IEEE International Symposium on Technology and Society (ISTAS)",
            "year": 2024
        }
    ],
    "corpusId": 266741966,
    "doi": "10.48550/arXiv.2401.01835",
    "fieldsOfStudy": [
        "Computer Science",
        "Mathematics"
    ],
    "influentialCitationCount": 0,
    "isOpenAccess": false,
    "isPublisherLicensed": true,
    "is_open_access": false,
    "is_publisher_licensed": true,
    "numCitedBy": 1,
    "numCiting": 3,
    "paperId": "fba1d46e2c361168f920c7fc2e335264b194fbd8",
    "references": [
        {
            "arxivId": "2312.10997",
            "authors": [
                {
                    "authorId": "2280046531",
                    "name": "Yunfan Gao"
                },
                {
                    "authorId": "2275320371",
                    "name": "Yun Xiong"
                },
                {
                    "authorId": "2275341478",
                    "name": "Xinyu Gao"
                },
                {
                    "authorId": "2275191447",
                    "name": "Kangxiang Jia"
                },
                {
                    "authorId": "2275530552",
                    "name": "Jinliu Pan"
                },
                {
                    "authorId": "2275171009",
                    "name": "Yuxi Bi"
                },
                {
                    "authorId": "2276187454",
                    "name": "Yi Dai"
                },
                {
                    "authorId": "2275540959",
                    "name": "Jiawei Sun"
                },
                {
                    "authorId": "2258800561",
                    "name": "Qianyu Guo"
                },
                {
                    "authorId": "2291409458",
                    "name": "Meng Wang"
                },
                {
                    "authorId": "2256769434",
                    "name": "Haofen Wang"
                }
            ],
            "doi": "10.48550/arXiv.2312.10997",
            "intent": [
                "background"
            ],
            "isInfluential": false,
            "paperId": "46f9f7b8f88f72e12cbdb21e3311f995eb6e65c5",
            "title": "Retrieval-Augmented Generation for Large Language Models: A Survey",
            "url": "https://www.semanticscholar.org/paper/46f9f7b8f88f72e12cbdb21e3311f995eb6e65c5",
            "venue": "ArXiv",
            "year": 2023
        }
    ],
    "s2FieldsOfStudy": [
        {
            "category": "Computer Science",
            "source": "external"
        },
        {
            "category": "Mathematics",
            "source": "external"
        },
        {
            "category": "Computer Science",
            "source": "s2-fos-model"
        }
    ],
    "title": "Concurrent Brainstorming & Hypothesis Satisfying: An Iterative Framework for Enhanced Retrieval-Augmented Generation (R2CBR3H-SR)",
    "topics": [],
    "url": "https://www.semanticscholar.org/paper/fba1d46e2c361168f920c7fc2e335264b194fbd8",
    "venue": "arXiv.org",
    "year": 2024
}