{
    "abstract": "Large language models (LLMs) have an impressive ability to draw on novel information supplied in their context. Yet the mechanisms underlying this contextual grounding remain unknown, especially in situations where contextual information contradicts factual knowledge stored in the parameters, which LLMs also excel at recalling. Favoring the contextual information is critical for retrieval-augmented generation methods, which enrich the context with up-to-date information, hoping that grounding can rectify outdated or noisy stored knowledge. We present a novel method to study grounding abilities using Fakepedia, a novel dataset of counterfactual texts constructed to clash with a model's internal parametric knowledge. In this study, we introduce Fakepedia, a counterfactual dataset designed to evaluate grounding abilities when the internal parametric knowledge clashes with the contextual information. We benchmark various LLMs with Fakepedia and conduct a causal mediation analysis of LLM components when answering Fakepedia queries, based on our Masked Grouped Causal Tracing (MGCT) method. Through this analysis, we identify distinct computational patterns between grounded and ungrounded responses. We finally demonstrate that distinguishing grounded from ungrounded responses is achievable through computational analysis alone. Our results, together with existing findings about factual recall mechanisms, provide a coherent narrative of how grounding and factual recall mechanisms interact within LLMs.",
    "arxivId": "2312.02073",
    "authors": [
        {
            "authorId": "2269473832",
            "name": "Giovanni Monea",
            "url": "https://www.semanticscholar.org/author/2269473832"
        },
        {
            "authorId": "35512303",
            "name": "Maxime Peyrard",
            "url": "https://www.semanticscholar.org/author/35512303"
        },
        {
            "authorId": "65826567",
            "name": "Martin Josifoski",
            "url": "https://www.semanticscholar.org/author/65826567"
        },
        {
            "authorId": "113810201",
            "name": "Vishrav Chaudhary",
            "url": "https://www.semanticscholar.org/author/113810201"
        },
        {
            "authorId": "2269472030",
            "name": "Jason Eisner",
            "url": "https://www.semanticscholar.org/author/2269472030"
        },
        {
            "authorId": "2264962872",
            "name": "Emre Kiciman",
            "url": "https://www.semanticscholar.org/author/2264962872"
        },
        {
            "authorId": "2269473744",
            "name": "Hamid Palangi",
            "url": "https://www.semanticscholar.org/author/2269473744"
        },
        {
            "authorId": "27419446",
            "name": "Barun Patra",
            "url": "https://www.semanticscholar.org/author/27419446"
        },
        {
            "authorId": "2269473532",
            "name": "Robert West",
            "url": "https://www.semanticscholar.org/author/2269473532"
        }
    ],
    "citationVelocity": 0,
    "citations": [
        {
            "arxivId": "2411.07404",
            "authors": [
                {
                    "authorId": "2330243100",
                    "name": "Julian Minder"
                },
                {
                    "authorId": "2175276831",
                    "name": "Kevin Du"
                },
                {
                    "authorId": "67135656",
                    "name": "Niklas Stoehr"
                },
                {
                    "authorId": "2269473832",
                    "name": "Giovanni Monea"
                },
                {
                    "authorId": "2328311036",
                    "name": "Chris Wendler"
                },
                {
                    "authorId": "2324782482",
                    "name": "Robert West"
                },
                {
                    "authorId": "2319130926",
                    "name": "Ryan Cotterell"
                }
            ],
            "doi": null,
            "intent": [
                "methodology",
                "background"
            ],
            "isInfluential": true,
            "paperId": "4836232147bdab74106a93a23242250fe562ed95",
            "title": "Controllable Context Sensitivity and the Knob Behind It",
            "url": "https://www.semanticscholar.org/paper/4836232147bdab74106a93a23242250fe562ed95",
            "venue": "",
            "year": 2024
        },
        {
            "arxivId": "2410.14182",
            "authors": [
                {
                    "authorId": "2182477643",
                    "name": "Yujun Zhou"
                },
                {
                    "authorId": "2326879087",
                    "name": "Jingdong Yang"
                },
                {
                    "authorId": "2256989341",
                    "name": "Kehan Guo"
                },
                {
                    "authorId": "2279077171",
                    "name": "Pin-Yu Chen"
                },
                {
                    "authorId": "2324218620",
                    "name": "Tian Gao"
                },
                {
                    "authorId": "2324052753",
                    "name": "Werner Geyer"
                },
                {
                    "authorId": "2241357425",
                    "name": "Nuno Moniz"
                },
                {
                    "authorId": "2286872295",
                    "name": "Nitesh V. Chawla"
                },
                {
                    "authorId": "2258447205",
                    "name": "Xiangliang Zhang"
                }
            ],
            "doi": "10.48550/arXiv.2410.14182",
            "intent": [
                "background"
            ],
            "isInfluential": false,
            "paperId": "35eefc57d05a0b73ec1a848b32f56e2cf2651f01",
            "title": "LabSafety Bench: Benchmarking LLMs on Safety Issues in Scientific Labs",
            "url": "https://www.semanticscholar.org/paper/35eefc57d05a0b73ec1a848b32f56e2cf2651f01",
            "venue": "ArXiv",
            "year": 2024
        },
        {
            "arxivId": "2410.14405",
            "authors": [
                {
                    "authorId": "2180046699",
                    "name": "Denitsa Saynova"
                },
                {
                    "authorId": "2106434987",
                    "name": "Lovisa Hagstr\u00f6m"
                },
                {
                    "authorId": "2264456142",
                    "name": "Moa Johansson"
                },
                {
                    "authorId": "2264073480",
                    "name": "Richard Johansson"
                },
                {
                    "authorId": "2326834885",
                    "name": "Marco Kuhlmann"
                }
            ],
            "doi": "10.48550/arXiv.2410.14405",
            "intent": [
                "methodology"
            ],
            "isInfluential": false,
            "paperId": "c5cd14b2ae7d87af3068159f7f2b0dfc2419eb39",
            "title": "Fact Recall, Heuristics or Pure Guesswork? Precise Interpretations of Language Models for Fact Completion",
            "url": "https://www.semanticscholar.org/paper/c5cd14b2ae7d87af3068159f7f2b0dfc2419eb39",
            "venue": "ArXiv",
            "year": 2024
        },
        {
            "arxivId": "2410.05817",
            "authors": [
                {
                    "authorId": "2193626350",
                    "name": "Zineddine Tighidet"
                },
                {
                    "authorId": "2324968880",
                    "name": "Jiali Mei"
                },
                {
                    "authorId": "1703777",
                    "name": "Benjamin Piwowarski"
                },
                {
                    "authorId": "1741426",
                    "name": "P. Gallinari"
                }
            ],
            "doi": "10.48550/arXiv.2410.05817",
            "intent": [
                "result"
            ],
            "isInfluential": false,
            "paperId": "d85b3cd1e513f6c702c69ab671036b8e45195b4f",
            "title": "Probing Language Models on Their Knowledge Source",
            "url": "https://www.semanticscholar.org/paper/d85b3cd1e513f6c702c69ab671036b8e45195b4f",
            "venue": "BLACKBOXNLP",
            "year": 2024
        },
        {
            "arxivId": "2406.02804",
            "authors": [
                {
                    "authorId": "2304746106",
                    "name": "Franccois Roewer-Despr'es"
                },
                {
                    "authorId": "2007675684",
                    "name": "Jinyue Feng"
                },
                {
                    "authorId": "8129672",
                    "name": "Zining Zhu"
                },
                {
                    "authorId": "2258233516",
                    "name": "Frank Rudzicz"
                }
            ],
            "doi": null,
            "intent": [
                "methodology",
                "background"
            ],
            "isInfluential": true,
            "paperId": "cb0ba3aeb69fa39b4e5e94924845811881350ea0",
            "title": "$\\texttt{ACCORD}$: Closing the Commonsense Measurability Gap",
            "url": "https://www.semanticscholar.org/paper/cb0ba3aeb69fa39b4e5e94924845811881350ea0",
            "venue": "",
            "year": 2024
        },
        {
            "arxivId": "2404.14082",
            "authors": [
                {
                    "authorId": "87881370",
                    "name": "Leonard Bereska"
                },
                {
                    "authorId": "2304222",
                    "name": "E. Gavves"
                }
            ],
            "doi": "10.48550/arXiv.2404.14082",
            "intent": [
                "background"
            ],
            "isInfluential": false,
            "paperId": "8b750488d139f9beba0815ff8f46ebe15ebb3e58",
            "title": "Mechanistic Interpretability for AI Safety - A Review",
            "url": "https://www.semanticscholar.org/paper/8b750488d139f9beba0815ff8f46ebe15ebb3e58",
            "venue": "ArXiv",
            "year": 2024
        },
        {
            "arxivId": "2403.10381",
            "authors": [
                {
                    "authorId": "2266692",
                    "name": "Benjamin Heinzerling"
                },
                {
                    "authorId": "2261744024",
                    "name": "Kentaro Inui"
                }
            ],
            "doi": "10.48550/arXiv.2403.10381",
            "intent": [
                "methodology"
            ],
            "isInfluential": false,
            "paperId": "2e98fdc85c54153bdfac44370f4a7bc2f02c9e49",
            "title": "Monotonic Representation of Numeric Properties in Language Models",
            "url": "https://www.semanticscholar.org/paper/2e98fdc85c54153bdfac44370f4a7bc2f02c9e49",
            "venue": "ArXiv",
            "year": 2024
        },
        {
            "arxivId": "2402.10588",
            "authors": [
                {
                    "authorId": "1387986830",
                    "name": "Chris Wendler"
                },
                {
                    "authorId": "93258626",
                    "name": "V. Veselovsky"
                },
                {
                    "authorId": "2269473832",
                    "name": "Giovanni Monea"
                },
                {
                    "authorId": "2269473532",
                    "name": "Robert West"
                }
            ],
            "doi": "10.48550/arXiv.2402.10588",
            "intent": [
                "methodology"
            ],
            "isInfluential": false,
            "paperId": "e88efdfc05d0d8832b2ded7af9c8ececdd03e58d",
            "title": "Do Llamas Work in English? On the Latent Language of Multilingual Transformers",
            "url": "https://www.semanticscholar.org/paper/e88efdfc05d0d8832b2ded7af9c8ececdd03e58d",
            "venue": "ACL",
            "year": 2024
        },
        {
            "arxivId": "2312.17249",
            "authors": [
                {
                    "authorId": "12782016",
                    "name": "Sky CH-Wang"
                },
                {
                    "authorId": "7536576",
                    "name": "Benjamin Van Durme"
                },
                {
                    "authorId": "2276608164",
                    "name": "Jason Eisner"
                },
                {
                    "authorId": "2276607519",
                    "name": "Chris Kedzie"
                }
            ],
            "doi": "10.48550/arXiv.2312.17249",
            "intent": [
                "background"
            ],
            "isInfluential": false,
            "paperId": "6789e0a19f70e283b120fd6a3792162d01a021d5",
            "title": "Do Androids Know They're Only Dreaming of Electric Sheep?",
            "url": "https://www.semanticscholar.org/paper/6789e0a19f70e283b120fd6a3792162d01a021d5",
            "venue": "ACL",
            "year": 2023
        }
    ],
    "corpusId": 265609898,
    "doi": "10.48550/arXiv.2312.02073",
    "fieldsOfStudy": [
        "Computer Science"
    ],
    "influentialCitationCount": 1,
    "isOpenAccess": false,
    "isPublisherLicensed": true,
    "is_open_access": false,
    "is_publisher_licensed": true,
    "numCitedBy": 9,
    "numCiting": 72,
    "paperId": "11e56b35fa81ddb00dc96329c077c5b39c8f9e75",
    "references": [
        {
            "arxivId": "2401.06102",
            "authors": [
                {
                    "authorId": "2270681948",
                    "name": "Asma Ghandeharioun"
                },
                {
                    "authorId": "27743758",
                    "name": "Avi Caciularu"
                },
                {
                    "authorId": "2279021731",
                    "name": "Adam Pearce"
                },
                {
                    "authorId": "2270074412",
                    "name": "Lucas Dixon"
                },
                {
                    "authorId": "22245981",
                    "name": "Mor Geva"
                }
            ],
            "doi": "10.48550/arXiv.2401.06102",
            "intent": [],
            "isInfluential": false,
            "paperId": "f5df0667365764a970fc6abfa0a68b7d1d0ae413",
            "title": "Patchscopes: A Unifying Framework for Inspecting Hidden Representations of Language Models",
            "url": "https://www.semanticscholar.org/paper/f5df0667365764a970fc6abfa0a68b7d1d0ae413",
            "venue": "ICML",
            "year": 2024
        },
        {
            "arxivId": "2312.17249",
            "authors": [
                {
                    "authorId": "12782016",
                    "name": "Sky CH-Wang"
                },
                {
                    "authorId": "7536576",
                    "name": "Benjamin Van Durme"
                },
                {
                    "authorId": "2276608164",
                    "name": "Jason Eisner"
                },
                {
                    "authorId": "2276607519",
                    "name": "Chris Kedzie"
                }
            ],
            "doi": "10.48550/arXiv.2312.17249",
            "intent": [],
            "isInfluential": false,
            "paperId": "6789e0a19f70e283b120fd6a3792162d01a021d5",
            "title": "Do Androids Know They're Only Dreaming of Electric Sheep?",
            "url": "https://www.semanticscholar.org/paper/6789e0a19f70e283b120fd6a3792162d01a021d5",
            "venue": "ACL",
            "year": 2023
        },
        {
            "arxivId": "2311.08401",
            "authors": [
                {
                    "authorId": "2218407338",
                    "name": "Katherine Tian"
                },
                {
                    "authorId": "2260106796",
                    "name": "Eric Mitchell"
                },
                {
                    "authorId": "2250097082",
                    "name": "Huaxiu Yao"
                },
                {
                    "authorId": "2250402802",
                    "name": "Christopher D. Manning"
                },
                {
                    "authorId": "2193243725",
                    "name": "Chelsea Finn"
                }
            ],
            "doi": "10.48550/arXiv.2311.08401",
            "intent": [
                "background"
            ],
            "isInfluential": false,
            "paperId": "3a89e289e2dd29f5e52a2bf354a637762b661257",
            "title": "Fine-tuning Language Models for Factuality",
            "url": "https://www.semanticscholar.org/paper/3a89e289e2dd29f5e52a2bf354a637762b661257",
            "venue": "ICLR",
            "year": 2023
        },
        {
            "arxivId": "2311.07424",
            "authors": [
                {
                    "authorId": "2266763487",
                    "name": "Abdullatif K\u00f6ksal"
                },
                {
                    "authorId": "2205544066",
                    "name": "Renat Aksitov"
                },
                {
                    "authorId": "2152948655",
                    "name": "Chung-Ching Chang"
                }
            ],
            "doi": "10.48550/arXiv.2311.07424",
            "intent": [
                "background"
            ],
            "isInfluential": false,
            "paperId": "f543f1d36e4556b50b160c68fd18da3d7db40867",
            "title": "Hallucination Augmented Recitations for Language Models",
            "url": "https://www.semanticscholar.org/paper/f543f1d36e4556b50b160c68fd18da3d7db40867",
            "venue": "ArXiv",
            "year": 2023
        },
        {
            "arxivId": "2305.08809",
            "authors": [
                {
                    "authorId": "47039337",
                    "name": "Zhengxuan Wu"
                },
                {
                    "authorId": "80833908",
                    "name": "Atticus Geiger"
                },
                {
                    "authorId": "144922861",
                    "name": "Christopher Potts"
                },
                {
                    "authorId": "144002017",
                    "name": "Noah D. Goodman"
                }
            ],
            "doi": "10.48550/arXiv.2305.08809",
            "intent": [
                "background"
            ],
            "isInfluential": false,
            "paperId": "3f7fa58806614a1f38ae760c25c1305e3a87d4ce",
            "title": "Interpretability at Scale: Identifying Causal Mechanisms in Alpaca",
            "url": "https://www.semanticscholar.org/paper/3f7fa58806614a1f38ae760c25c1305e3a87d4ce",
            "venue": "NeurIPS",
            "year": 2023
        },
        {
            "arxivId": "2305.07759",
            "authors": [
                {
                    "authorId": "2315830",
                    "name": "Ronen Eldan"
                },
                {
                    "authorId": "152244300",
                    "name": "Yuan-Fang Li"
                }
            ],
            "doi": "10.48550/arXiv.2305.07759",
            "intent": [
                "background"
            ],
            "isInfluential": false,
            "paperId": "28085f480ce456a376ebace9b899e3bc93dbc048",
            "title": "TinyStories: How Small Can Language Models Be and Still Speak Coherent English?",
            "url": "https://www.semanticscholar.org/paper/28085f480ce456a376ebace9b899e3bc93dbc048",
            "venue": "ArXiv",
            "year": 2023
        },
        {
            "arxivId": "2304.14767",
            "authors": [
                {
                    "authorId": "22245981",
                    "name": "Mor Geva"
                },
                {
                    "authorId": "1994065972",
                    "name": "Jasmijn Bastings"
                },
                {
                    "authorId": "3017324",
                    "name": "Katja Filippova"
                },
                {
                    "authorId": "1786843",
                    "name": "A. Globerson"
                }
            ],
            "doi": "10.48550/arXiv.2304.14767",
            "intent": [
                "background"
            ],
            "isInfluential": true,
            "paperId": "133b97e40017a9bbbadd10bcd7f13088a97ca3cc",
            "title": "Dissecting Recall of Factual Associations in Auto-Regressive Language Models",
            "url": "https://www.semanticscholar.org/paper/133b97e40017a9bbbadd10bcd7f13088a97ca3cc",
            "venue": "EMNLP",
            "year": 2023
        },
        {
            "arxivId": "2303.08112",
            "authors": [
                {
                    "authorId": "2189421639",
                    "name": "Nora Belrose"
                },
                {
                    "authorId": "2282972810",
                    "name": "Zach Furman"
                },
                {
                    "authorId": "2211596218",
                    "name": "Logan Smith"
                },
                {
                    "authorId": "1382232681",
                    "name": "Danny Halawi"
                },
                {
                    "authorId": "2174872053",
                    "name": "Igor V. Ostrovsky"
                },
                {
                    "authorId": "2199837941",
                    "name": "Lev McKinney"
                },
                {
                    "authorId": "103476203",
                    "name": "Stella Biderman"
                },
                {
                    "authorId": "5164568",
                    "name": "J. Steinhardt"
                }
            ],
            "doi": "10.48550/arXiv.2303.08112",
            "intent": [
                "methodology"
            ],
            "isInfluential": false,
            "paperId": "762ca2711eb167f19b79e39c175708ca15e1f5d7",
            "title": "Eliciting Latent Predictions from Transformers with the Tuned Lens",
            "url": "https://www.semanticscholar.org/paper/762ca2711eb167f19b79e39c175708ca15e1f5d7",
            "venue": "ArXiv",
            "year": 2023
        },
        {
            "arxivId": "2303.04132",
            "authors": [
                {
                    "authorId": "65826567",
                    "name": "Martin Josifoski"
                },
                {
                    "authorId": "2122910580",
                    "name": "Marija Sakota"
                },
                {
                    "authorId": "35512303",
                    "name": "Maxime Peyrard"
                },
                {
                    "authorId": "145387102",
                    "name": "Robert West"
                }
            ],
            "doi": "10.48550/arXiv.2303.04132",
            "intent": [
                "background"
            ],
            "isInfluential": false,
            "paperId": "f64e49d76048c902cc02e8ae27dcd4ac0dbcb97f",
            "title": "Exploiting Asymmetry for Synthetic Training Data Generation: SynthIE and the Case of Information Extraction",
            "url": "https://www.semanticscholar.org/paper/f64e49d76048c902cc02e8ae27dcd4ac0dbcb97f",
            "venue": "EMNLP",
            "year": 2023
        },
        {
            "arxivId": "2301.12971",
            "authors": [
                {
                    "authorId": "2064594486",
                    "name": "Hosein Mohebbi"
                },
                {
                    "authorId": "1787819",
                    "name": "Willem H. Zuidema"
                },
                {
                    "authorId": "2756960",
                    "name": "Grzegorz Chrupa\u0142a"
                },
                {
                    "authorId": "103538973",
                    "name": "A. Alishahi"
                }
            ],
            "doi": "10.48550/arXiv.2301.12971",
            "intent": [
                "methodology"
            ],
            "isInfluential": false,
            "paperId": "9ad02d98c3421cf93be11c81e7b19faab12aea4a",
            "title": "Quantifying Context Mixing in Transformers",
            "url": "https://www.semanticscholar.org/paper/9ad02d98c3421cf93be11c81e7b19faab12aea4a",
            "venue": "EACL",
            "year": 2023
        },
        {
            "arxivId": "2301.05217",
            "authors": [
                {
                    "authorId": "2051128902",
                    "name": "Neel Nanda"
                },
                {
                    "authorId": "2072836382",
                    "name": "Lawrence Chan"
                },
                {
                    "authorId": "2162470507",
                    "name": "Tom Lieberum"
                },
                {
                    "authorId": "2200391337",
                    "name": "Jess Smith"
                },
                {
                    "authorId": "5164568",
                    "name": "J. Steinhardt"
                }
            ],
            "doi": "10.48550/arXiv.2301.05217",
            "intent": [
                "methodology"
            ],
            "isInfluential": false,
            "paperId": "f680d47a51a0e470fcb228bf0110c026535ead1b",
            "title": "Progress measures for grokking via mechanistic interpretability",
            "url": "https://www.semanticscholar.org/paper/f680d47a51a0e470fcb228bf0110c026535ead1b",
            "venue": "ICLR",
            "year": 2023
        },
        {
            "arxivId": "2301.04709",
            "authors": [
                {
                    "authorId": "80833908",
                    "name": "Atticus Geiger"
                },
                {
                    "authorId": "41047991",
                    "name": "D. Ibeling"
                },
                {
                    "authorId": "2186302293",
                    "name": "Amir Zur"
                },
                {
                    "authorId": "2310329680",
                    "name": "Maheep Chaudhary"
                },
                {
                    "authorId": "2310332823",
                    "name": "Sonakshi Chauhan"
                },
                {
                    "authorId": "2145739230",
                    "name": "Jing Huang"
                },
                {
                    "authorId": "1575802390",
                    "name": "Aryaman Arora"
                },
                {
                    "authorId": "47039337",
                    "name": "Zhengxuan Wu"
                },
                {
                    "authorId": "2280334415",
                    "name": "Noah D. Goodman"
                },
                {
                    "authorId": "2280333621",
                    "name": "Christopher Potts"
                },
                {
                    "authorId": "8938047",
                    "name": "Thomas F. Icard"
                }
            ],
            "doi": null,
            "intent": [
                "background"
            ],
            "isInfluential": false,
            "paperId": "6247d7bb9093b4f6c222c6c224b3df4335d4b8bd",
            "title": "Causal Abstraction: A Theoretical Foundation for Mechanistic Interpretability",
            "url": "https://www.semanticscholar.org/paper/6247d7bb9093b4f6c222c6c224b3df4335d4b8bd",
            "venue": "",
            "year": 2023
        },
        {
            "arxivId": "2211.08411",
            "authors": [
                {
                    "authorId": "1380266797",
                    "name": "Nikhil Kandpal"
                },
                {
                    "authorId": "2072971465",
                    "name": "H. Deng"
                },
                {
                    "authorId": "145625142",
                    "name": "Adam Roberts"
                },
                {
                    "authorId": "145217343",
                    "name": "Eric Wallace"
                },
                {
                    "authorId": "2402716",
                    "name": "Colin Raffel"
                }
            ],
            "doi": "10.48550/arXiv.2211.08411",
            "intent": [
                "background"
            ],
            "isInfluential": false,
            "paperId": "75f7e9e2b59fb640ef9d1dff94097175daf46c4d",
            "title": "Large Language Models Struggle to Learn Long-Tail Knowledge",
            "url": "https://www.semanticscholar.org/paper/75f7e9e2b59fb640ef9d1dff94097175daf46c4d",
            "venue": "ICML",
            "year": 2022
        },
        {
            "arxivId": "2211.05655",
            "authors": [
                {
                    "authorId": "2077591461",
                    "name": "Ella Neeman"
                },
                {
                    "authorId": "2335771",
                    "name": "Roee Aharoni"
                },
                {
                    "authorId": "1754700648",
                    "name": "Or Honovich"
                },
                {
                    "authorId": "41019330",
                    "name": "Leshem Choshen"
                },
                {
                    "authorId": "1711977",
                    "name": "Idan Szpektor"
                },
                {
                    "authorId": "2769805",
                    "name": "Omri Abend"
                }
            ],
            "doi": "10.48550/arXiv.2211.05655",
            "intent": [],
            "isInfluential": false,
            "paperId": "cae223fe3654b0bd3c1361dad204218ac60ed771",
            "title": "DisentQA: Disentangling Parametric and Contextual Knowledge with Counterfactual Question Answering",
            "url": "https://www.semanticscholar.org/paper/cae223fe3654b0bd3c1361dad204218ac60ed771",
            "venue": "ACL",
            "year": 2022
        },
        {
            "arxivId": "2211.05110",
            "authors": [
                {
                    "authorId": "2108467824",
                    "name": "Daliang Li"
                },
                {
                    "authorId": "2241094",
                    "name": "A. Rawat"
                },
                {
                    "authorId": "1771307",
                    "name": "M. Zaheer"
                },
                {
                    "authorId": "2153688851",
                    "name": "Xin Wang"
                },
                {
                    "authorId": "2256999920",
                    "name": "Michal Lukasik"
                },
                {
                    "authorId": "2799898",
                    "name": "Andreas Veit"
                },
                {
                    "authorId": "2111880653",
                    "name": "Felix X. Yu"
                },
                {
                    "authorId": "49596260",
                    "name": "Surinder Kumar"
                }
            ],
            "doi": "10.48550/arXiv.2211.05110",
            "intent": [],
            "isInfluential": false,
            "paperId": "ee8de585183763ff64cb3c81ecda2fc75fa81507",
            "title": "Large Language Models with Controllable Working Memory",
            "url": "https://www.semanticscholar.org/paper/ee8de585183763ff64cb3c81ecda2fc75fa81507",
            "venue": "ACL",
            "year": 2022
        },
        {
            "arxivId": "2211.00593",
            "authors": [
                {
                    "authorId": "2144759142",
                    "name": "Kevin Wang"
                },
                {
                    "authorId": "2275056858",
                    "name": "Alexandre Variengien"
                },
                {
                    "authorId": "2131632310",
                    "name": "Arthur Conmy"
                },
                {
                    "authorId": "79384063",
                    "name": "Buck Shlegeris"
                },
                {
                    "authorId": "5164568",
                    "name": "J. Steinhardt"
                }
            ],
            "doi": "10.48550/arXiv.2211.00593",
            "intent": [
                "methodology"
            ],
            "isInfluential": false,
            "paperId": "6edd112383ad494f5f2eba72b6f4ffae122ce61f",
            "title": "Interpretability in the Wild: a Circuit for Indirect Object Identification in GPT-2 small",
            "url": "https://www.semanticscholar.org/paper/6edd112383ad494f5f2eba72b6f4ffae122ce61f",
            "venue": "ArXiv",
            "year": 2022
        },
        {
            "arxivId": "2210.07229",
            "authors": [
                {
                    "authorId": "153615419",
                    "name": "Kevin Meng"
                },
                {
                    "authorId": "1429844787",
                    "name": "Arnab Sen Sharma"
                },
                {
                    "authorId": "50112310",
                    "name": "A. Andonian"
                },
                {
                    "authorId": "2083259",
                    "name": "Yonatan Belinkov"
                },
                {
                    "authorId": "144159726",
                    "name": "David Bau"
                }
            ],
            "doi": "10.48550/arXiv.2210.07229",
            "intent": [
                "background"
            ],
            "isInfluential": true,
            "paperId": "2fe1ac0b09cc0f50eb83eef6c7c6b45ac8b12413",
            "title": "Mass-Editing Memory in a Transformer",
            "url": "https://www.semanticscholar.org/paper/2fe1ac0b09cc0f50eb83eef6c7c6b45ac8b12413",
            "venue": "ICLR",
            "year": 2022
        },
        {
            "arxivId": "2210.03588",
            "authors": [
                {
                    "authorId": "2052303581",
                    "name": "Adi Haviv"
                },
                {
                    "authorId": "2113905042",
                    "name": "Ido Cohen"
                },
                {
                    "authorId": "2187208232",
                    "name": "Jacob Gidron"
                },
                {
                    "authorId": "39347554",
                    "name": "R. Schuster"
                },
                {
                    "authorId": "79775260",
                    "name": "Yoav Goldberg"
                },
                {
                    "authorId": "22245981",
                    "name": "Mor Geva"
                }
            ],
            "doi": "10.48550/arXiv.2210.03588",
            "intent": [
                "background"
            ],
            "isInfluential": false,
            "paperId": "870693e9de7711d46ec621eab77b5b282f2caf47",
            "title": "Understanding Transformer Memorization Recall Through Idioms",
            "url": "https://www.semanticscholar.org/paper/870693e9de7711d46ec621eab77b5b282f2caf47",
            "venue": "EACL",
            "year": 2022
        },
        {
            "arxivId": "2210.03629",
            "authors": [
                {
                    "authorId": "2093302161",
                    "name": "Shunyu Yao"
                },
                {
                    "authorId": "2144551262",
                    "name": "Jeffrey Zhao"
                },
                {
                    "authorId": "150978762",
                    "name": "Dian Yu"
                },
                {
                    "authorId": "2140321952",
                    "name": "Nan Du"
                },
                {
                    "authorId": "1697494",
                    "name": "Izhak Shafran"
                },
                {
                    "authorId": "144958935",
                    "name": "Karthik Narasimhan"
                },
                {
                    "authorId": "145144022",
                    "name": "Yuan Cao"
                }
            ],
            "doi": null,
            "intent": [
                "background"
            ],
            "isInfluential": false,
            "paperId": "99832586d55f540f603637e458a292406a0ed75d",
            "title": "ReAct: Synergizing Reasoning and Acting in Language Models",
            "url": "https://www.semanticscholar.org/paper/99832586d55f540f603637e458a292406a0ed75d",
            "venue": "ICLR",
            "year": 2022
        },
        {
            "arxivId": "2209.14279",
            "authors": [
                {
                    "authorId": "47039337",
                    "name": "Zhengxuan Wu"
                },
                {
                    "authorId": "2123124766",
                    "name": "Karel D\u2019Oosterlinck"
                },
                {
                    "authorId": "80833908",
                    "name": "Atticus Geiger"
                },
                {
                    "authorId": "2186302293",
                    "name": "Amir Zur"
                },
                {
                    "authorId": "144922861",
                    "name": "Christopher Potts"
                }
            ],
            "doi": "10.48550/arXiv.2209.14279",
            "intent": [
                "background"
            ],
            "isInfluential": false,
            "paperId": "e638b9369e9b588b1c4fcfeee6409e51b4625f9b",
            "title": "Causal Proxy Models for Concept-Based Model Explanations",
            "url": "https://www.semanticscholar.org/paper/e638b9369e9b588b1c4fcfeee6409e51b4625f9b",
            "venue": "ICML",
            "year": 2022
        },
        {
            "arxivId": "2207.02598",
            "authors": [
                {
                    "authorId": "2406263",
                    "name": "Damien Teney"
                },
                {
                    "authorId": "35512303",
                    "name": "Maxime Peyrard"
                },
                {
                    "authorId": "8088602",
                    "name": "Ehsan Abbasnejad"
                }
            ],
            "doi": "10.48550/arXiv.2207.02598",
            "intent": [
                "background"
            ],
            "isInfluential": false,
            "paperId": "517f2d4a0d2e4ee8c452ce53c455a4c3e7662a7b",
            "title": "Predicting is not Understanding: Recognizing and Addressing Underspecification in Machine Learning",
            "url": "https://www.semanticscholar.org/paper/517f2d4a0d2e4ee8c452ce53c455a4c3e7662a7b",
            "venue": "ECCV",
            "year": 2022
        },
        {
            "arxivId": "2205.03286",
            "authors": [
                {
                    "authorId": "2054744",
                    "name": "Ali Modarressi"
                },
                {
                    "authorId": "2133037029",
                    "name": "Mohsen Fayyaz"
                },
                {
                    "authorId": "3261470",
                    "name": "Yadollah Yaghoobzadeh"
                },
                {
                    "authorId": "1717641",
                    "name": "Mohammad Taher Pilehvar"
                }
            ],
            "doi": "10.48550/arXiv.2205.03286",
            "intent": [
                "methodology"
            ],
            "isInfluential": false,
            "paperId": "5470f044662ada6ca1ce9b23e7e4bba0ffc87b87",
            "title": "GlobEnc: Quantifying Global Token Attribution by Incorporating the Whole Encoder Layer in Transformers",
            "url": "https://www.semanticscholar.org/paper/5470f044662ada6ca1ce9b23e7e4bba0ffc87b87",
            "venue": "NAACL",
            "year": 2022
        },
        {
            "arxivId": "2204.06031",
            "authors": [
                {
                    "authorId": "2006905770",
                    "name": "Badr AlKhamissi"
                },
                {
                    "authorId": "2162508414",
                    "name": "Millicent Li"
                },
                {
                    "authorId": "1709797",
                    "name": "Asli Celikyilmaz"
                },
                {
                    "authorId": "1700007",
                    "name": "Mona T. Diab"
                },
                {
                    "authorId": "2320509",
                    "name": "Marjan Ghazvininejad"
                }
            ],
            "doi": "10.48550/arXiv.2204.06031",
            "intent": [
                "background"
            ],
            "isInfluential": false,
            "paperId": "cd471b5ef162906ef3d9a84398b3f98e9ee4bf56",
            "title": "A Review on Language Models as Knowledge Bases",
            "url": "https://www.semanticscholar.org/paper/cd471b5ef162906ef3d9a84398b3f98e9ee4bf56",
            "venue": "ArXiv",
            "year": 2022
        },
        {
            "arxivId": "2203.09509",
            "authors": [
                {
                    "authorId": "32452740",
                    "name": "Thomas Hartvigsen"
                },
                {
                    "authorId": "119902504",
                    "name": "Saadia Gabriel"
                },
                {
                    "authorId": "2247662718",
                    "name": "Hamid Palangi"
                },
                {
                    "authorId": "2729164",
                    "name": "Maarten Sap"
                },
                {
                    "authorId": "2054540338",
                    "name": "Dipankar Ray"
                },
                {
                    "authorId": "1783184",
                    "name": "Ece Kamar"
                }
            ],
            "doi": "10.48550/arXiv.2203.09509",
            "intent": [
                "background"
            ],
            "isInfluential": false,
            "paperId": "382ba0c4452aab6ecdaf8a62d567bb3c4684e4f0",
            "title": "ToxiGen: A Large-Scale Machine-Generated Dataset for Adversarial and Implicit Hate Speech Detection",
            "url": "https://www.semanticscholar.org/paper/382ba0c4452aab6ecdaf8a62d567bb3c4684e4f0",
            "venue": "ACL",
            "year": 2022
        },
        {
            "arxivId": "2202.07206",
            "authors": [
                {
                    "authorId": "1899492908",
                    "name": "Yasaman Razeghi"
                },
                {
                    "authorId": "30083905",
                    "name": "Robert L Logan IV"
                },
                {
                    "authorId": "40642935",
                    "name": "Matt Gardner"
                },
                {
                    "authorId": "34650964",
                    "name": "Sameer Singh"
                }
            ],
            "doi": null,
            "intent": [
                "background"
            ],
            "isInfluential": false,
            "paperId": "af46b5ee6d0c1aada1c482d53018a50909aa4c90",
            "title": "Impact of Pretraining Term Frequencies on Few-Shot Reasoning",
            "url": "https://www.semanticscholar.org/paper/af46b5ee6d0c1aada1c482d53018a50909aa4c90",
            "venue": "ArXiv",
            "year": 2022
        },
        {
            "arxivId": "2112.04426",
            "authors": [
                {
                    "authorId": "148016269",
                    "name": "Sebastian Borgeaud"
                },
                {
                    "authorId": "1697879",
                    "name": "A. Mensch"
                },
                {
                    "authorId": "46616544",
                    "name": "Jordan Hoffmann"
                },
                {
                    "authorId": "2072572294",
                    "name": "Trevor Cai"
                },
                {
                    "authorId": "2143538252",
                    "name": "Eliza Rutherford"
                },
                {
                    "authorId": "2143434227",
                    "name": "Katie Millican"
                },
                {
                    "authorId": "47568983",
                    "name": "George van den Driessche"
                },
                {
                    "authorId": "143783339",
                    "name": "Jean-Baptiste Lespiau"
                },
                {
                    "authorId": "2143374656",
                    "name": "Bogdan Damoc"
                },
                {
                    "authorId": "31993415",
                    "name": "Aidan Clark"
                },
                {
                    "authorId": "40550616",
                    "name": "Diego de Las Casas"
                },
                {
                    "authorId": "40895205",
                    "name": "Aurelia Guy"
                },
                {
                    "authorId": "10698483",
                    "name": "Jacob Menick"
                },
                {
                    "authorId": "81387328",
                    "name": "Roman Ring"
                },
                {
                    "authorId": "4629007",
                    "name": "T. Hennigan"
                },
                {
                    "authorId": "2148653469",
                    "name": "Saffron Huang"
                },
                {
                    "authorId": "108173905",
                    "name": "Lorenzo Maggiore"
                },
                {
                    "authorId": "2115601070",
                    "name": "Chris Jones"
                },
                {
                    "authorId": "51042571",
                    "name": "Albin Cassirer"
                },
                {
                    "authorId": "2065040422",
                    "name": "Andy Brock"
                },
                {
                    "authorId": "35550664",
                    "name": "Michela Paganini"
                },
                {
                    "authorId": "2060655766",
                    "name": "G. Irving"
                },
                {
                    "authorId": "1689108",
                    "name": "O. Vinyals"
                },
                {
                    "authorId": "2217144",
                    "name": "Simon Osindero"
                },
                {
                    "authorId": "34838386",
                    "name": "K. Simonyan"
                },
                {
                    "authorId": "34269227",
                    "name": "Jack W. Rae"
                },
                {
                    "authorId": "152585800",
                    "name": "Erich Elsen"
                },
                {
                    "authorId": "2175946",
                    "name": "L. Sifre"
                }
            ],
            "doi": null,
            "intent": [
                "background"
            ],
            "isInfluential": false,
            "paperId": "002c256d30d6be4b23d365a8de8ae0e67e4c9641",
            "title": "Improving language models by retrieving from trillions of tokens",
            "url": "https://www.semanticscholar.org/paper/002c256d30d6be4b23d365a8de8ae0e67e4c9641",
            "venue": "ICML",
            "year": 2021
        },
        {
            "arxivId": "2112.00826",
            "authors": [
                {
                    "authorId": "80833908",
                    "name": "Atticus Geiger"
                },
                {
                    "authorId": "47039337",
                    "name": "Zhengxuan Wu"
                },
                {
                    "authorId": "2115606020",
                    "name": "Hanson Lu"
                },
                {
                    "authorId": "2078500961",
                    "name": "J. Rozner"
                },
                {
                    "authorId": "32640868",
                    "name": "Elisa Kreiss"
                },
                {
                    "authorId": "8938047",
                    "name": "Thomas F. Icard"
                },
                {
                    "authorId": "144002017",
                    "name": "Noah D. Goodman"
                },
                {
                    "authorId": "144922861",
                    "name": "Christopher Potts"
                }
            ],
            "doi": null,
            "intent": [
                "background"
            ],
            "isInfluential": false,
            "paperId": "ccd04c27bf1237368b35eb456b3dd1c18ef9a9b9",
            "title": "Inducing Causal Structure for Interpretable Neural Networks",
            "url": "https://www.semanticscholar.org/paper/ccd04c27bf1237368b35eb456b3dd1c18ef9a9b9",
            "venue": "ICML",
            "year": 2021
        },
        {
            "arxivId": "2109.05052",
            "authors": [
                {
                    "authorId": "29909347",
                    "name": "S. Longpre"
                },
                {
                    "authorId": "67322972",
                    "name": "Kartik Perisetla"
                },
                {
                    "authorId": "52151521",
                    "name": "Anthony Chen"
                },
                {
                    "authorId": "39681096",
                    "name": "Nikhil Ramesh"
                },
                {
                    "authorId": "2126499571",
                    "name": "Chris DuBois"
                },
                {
                    "authorId": "34650964",
                    "name": "Sameer Singh"
                }
            ],
            "doi": "10.18653/v1/2021.emnlp-main.565",
            "intent": [
                "methodology"
            ],
            "isInfluential": false,
            "paperId": "238deab37e201c57505a4a47bb854e462af79bd7",
            "title": "Entity-Based Knowledge Conflicts in Question Answering",
            "url": "https://www.semanticscholar.org/paper/238deab37e201c57505a4a47bb854e462af79bd7",
            "venue": "EMNLP",
            "year": 2021
        },
        {
            "arxivId": "2105.09142",
            "authors": [
                {
                    "authorId": "35512303",
                    "name": "Maxime Peyrard"
                },
                {
                    "authorId": "2097711585",
                    "name": "Beatriz Borges"
                },
                {
                    "authorId": "41020250",
                    "name": "Kristina Gligoric"
                },
                {
                    "authorId": "145781376",
                    "name": "Robert West"
                }
            ],
            "doi": "10.24963/ijcai.2021/537",
            "intent": [
                "background"
            ],
            "isInfluential": false,
            "paperId": "04fe16a3ba1958133aadfc2a5a7d40dc0acfe01b",
            "title": "Laughing Heads: Can Transformers Detect What Makes a Sentence Funny?",
            "url": "https://www.semanticscholar.org/paper/04fe16a3ba1958133aadfc2a5a7d40dc0acfe01b",
            "venue": "IJCAI",
            "year": 2021
        },
        {
            "arxivId": "2104.08164",
            "authors": [
                {
                    "authorId": "41019080",
                    "name": "Nicola De Cao"
                },
                {
                    "authorId": "2782694",
                    "name": "Wilker Aziz"
                },
                {
                    "authorId": "144889265",
                    "name": "Ivan Titov"
                }
            ],
            "doi": "10.18653/v1/2021.emnlp-main.522",
            "intent": [
                "background"
            ],
            "isInfluential": false,
            "paperId": "240b0caabb415578bdea4da7d0a32bdff2e8163f",
            "title": "Editing Factual Knowledge in Language Models",
            "url": "https://www.semanticscholar.org/paper/240b0caabb415578bdea4da7d0a32bdff2e8163f",
            "venue": "EMNLP",
            "year": 2021
        },
        {
            "arxivId": "2104.07540",
            "authors": [
                {
                    "authorId": "32246932",
                    "name": "Timo Schick"
                },
                {
                    "authorId": "144418438",
                    "name": "Hinrich Sch\u00fctze"
                }
            ],
            "doi": "10.18653/v1/2021.emnlp-main.555",
            "intent": [
                "background"
            ],
            "isInfluential": false,
            "paperId": "b769b629c8de35b16735214251d6b4e99cb55762",
            "title": "Generating Datasets with Pretrained Language Models",
            "url": "https://www.semanticscholar.org/paper/b769b629c8de35b16735214251d6b4e99cb55762",
            "venue": "EMNLP",
            "year": 2021
        },
        {
            "arxivId": "2104.07143",
            "authors": [
                {
                    "authorId": "2843215",
                    "name": "Tolga Bolukbasi"
                },
                {
                    "authorId": "2058608348",
                    "name": "Adam Pearce"
                },
                {
                    "authorId": "2061016887",
                    "name": "Ann Yuan"
                },
                {
                    "authorId": "1388485917",
                    "name": "Andy Coenen"
                },
                {
                    "authorId": "49849144",
                    "name": "Emily Reif"
                },
                {
                    "authorId": "2064951472",
                    "name": "Fernanda Vi'egas"
                },
                {
                    "authorId": "145233583",
                    "name": "M. Wattenberg"
                }
            ],
            "doi": null,
            "intent": [
                "background"
            ],
            "isInfluential": false,
            "paperId": "9b9dc2b3d95d2f4e4269a9818c14c70c1f801384",
            "title": "An Interpretability Illusion for BERT",
            "url": "https://www.semanticscholar.org/paper/9b9dc2b3d95d2f4e4269a9818c14c70c1f801384",
            "venue": "ArXiv",
            "year": 2021
        },
        {
            "arxivId": "2102.01017",
            "authors": [
                {
                    "authorId": "51131518",
                    "name": "Yanai Elazar"
                },
                {
                    "authorId": "9529535",
                    "name": "Nora Kassner"
                },
                {
                    "authorId": "51432464",
                    "name": "Shauli Ravfogel"
                },
                {
                    "authorId": "3023068",
                    "name": "Abhilasha Ravichander"
                },
                {
                    "authorId": "144547315",
                    "name": "E. Hovy"
                },
                {
                    "authorId": "144418438",
                    "name": "Hinrich Sch\u00fctze"
                },
                {
                    "authorId": "79775260",
                    "name": "Yoav Goldberg"
                }
            ],
            "doi": "10.1162/tacl_a_00410",
            "intent": [
                "methodology"
            ],
            "isInfluential": true,
            "paperId": "73b6de24eb0e5f6ff4f9c3bdd9257f4554faca19",
            "title": "Measuring and Improving Consistency in Pretrained Language Models",
            "url": "https://www.semanticscholar.org/paper/73b6de24eb0e5f6ff4f9c3bdd9257f4554faca19",
            "venue": "Transactions of the Association for Computational Linguistics",
            "year": 2021
        },
        {
            "arxivId": "2012.14913",
            "authors": [
                {
                    "authorId": "22245981",
                    "name": "Mor Geva"
                },
                {
                    "authorId": "39347554",
                    "name": "R. Schuster"
                },
                {
                    "authorId": "1750652",
                    "name": "Jonathan Berant"
                },
                {
                    "authorId": "39455775",
                    "name": "Omer Levy"
                }
            ],
            "doi": "10.18653/v1/2021.emnlp-main.446",
            "intent": [
                "background"
            ],
            "isInfluential": false,
            "paperId": "4a54d58a4b20e4f3af25cea3c188a12082a95e02",
            "title": "Transformer Feed-Forward Layers Are Key-Value Memories",
            "url": "https://www.semanticscholar.org/paper/4a54d58a4b20e4f3af25cea3c188a12082a95e02",
            "venue": "EMNLP",
            "year": 2020
        },
        {
            "arxivId": "2106.02902",
            "authors": [
                {
                    "authorId": "1999172945",
                    "name": "Jonas Wallat"
                },
                {
                    "authorId": "2109471460",
                    "name": "Jaspreet Singh"
                },
                {
                    "authorId": "39775488",
                    "name": "Avishek Anand"
                }
            ],
            "doi": "10.18653/v1/2020.blackboxnlp-1.17",
            "intent": [
                "background"
            ],
            "isInfluential": false,
            "paperId": "616610e0b0a31ab4bac1c64fd0b65c2572185522",
            "title": "BERTnesia: Investigating the capture and forgetting of knowledge in BERT",
            "url": "https://www.semanticscholar.org/paper/616610e0b0a31ab4bac1c64fd0b65c2572185522",
            "venue": "BLACKBOXNLP",
            "year": 2020
        },
        {
            "arxivId": "2008.09036",
            "authors": [
                {
                    "authorId": "2266692",
                    "name": "Benjamin Heinzerling"
                },
                {
                    "authorId": "3040648",
                    "name": "Kentaro Inui"
                }
            ],
            "doi": "10.18653/v1/2021.eacl-main.153",
            "intent": [
                "background"
            ],
            "isInfluential": false,
            "paperId": "51ae2c451a1a05293334a509b71c9c9e0377d35c",
            "title": "Language Models as Knowledge Bases: On Entity Representations, Storage Capacity, and Paraphrased Queries",
            "url": "https://www.semanticscholar.org/paper/51ae2c451a1a05293334a509b71c9c9e0377d35c",
            "venue": "EACL",
            "year": 2020
        },
        {
            "arxivId": "2006.14032",
            "authors": [
                {
                    "authorId": "24835910",
                    "name": "Jesse Mu"
                },
                {
                    "authorId": "2112400",
                    "name": "Jacob Andreas"
                }
            ],
            "doi": null,
            "intent": [
                "background"
            ],
            "isInfluential": false,
            "paperId": "56d1003fd02346e93354ab55cd204485c268512a",
            "title": "Compositional Explanations of Neurons",
            "url": "https://www.semanticscholar.org/paper/56d1003fd02346e93354ab55cd204485c268512a",
            "venue": "NeurIPS",
            "year": 2020
        },
        {
            "arxivId": "2005.14165",
            "authors": [
                {
                    "authorId": "31035595",
                    "name": "Tom B. Brown"
                },
                {
                    "authorId": "2056658938",
                    "name": "Benjamin Mann"
                },
                {
                    "authorId": "39849748",
                    "name": "Nick Ryder"
                },
                {
                    "authorId": "2065894334",
                    "name": "Melanie Subbiah"
                },
                {
                    "authorId": "152724169",
                    "name": "J. Kaplan"
                },
                {
                    "authorId": "6515819",
                    "name": "Prafulla Dhariwal"
                },
                {
                    "authorId": "2072676",
                    "name": "Arvind Neelakantan"
                },
                {
                    "authorId": "67311962",
                    "name": "Pranav Shyam"
                },
                {
                    "authorId": "144864359",
                    "name": "Girish Sastry"
                },
                {
                    "authorId": "119609682",
                    "name": "Amanda Askell"
                },
                {
                    "authorId": "144517868",
                    "name": "Sandhini Agarwal"
                },
                {
                    "authorId": "1404060687",
                    "name": "Ariel Herbert-Voss"
                },
                {
                    "authorId": "2064404342",
                    "name": "Gretchen Krueger"
                },
                {
                    "authorId": "103143311",
                    "name": "T. Henighan"
                },
                {
                    "authorId": "48422824",
                    "name": "R. Child"
                },
                {
                    "authorId": "1992922591",
                    "name": "A. Ramesh"
                },
                {
                    "authorId": "2052152920",
                    "name": "Daniel M. Ziegler"
                },
                {
                    "authorId": "49387725",
                    "name": "Jeff Wu"
                },
                {
                    "authorId": "2059411355",
                    "name": "Clemens Winter"
                },
                {
                    "authorId": "144239765",
                    "name": "Christopher Hesse"
                },
                {
                    "authorId": "2108828435",
                    "name": "Mark Chen"
                },
                {
                    "authorId": "2064673055",
                    "name": "Eric Sigler"
                },
                {
                    "authorId": "1380985420",
                    "name": "Ma-teusz Litwin"
                },
                {
                    "authorId": "145565184",
                    "name": "Scott Gray"
                },
                {
                    "authorId": "1490681878",
                    "name": "B. Chess"
                },
                {
                    "authorId": "2115193883",
                    "name": "Jack Clark"
                },
                {
                    "authorId": "133740015",
                    "name": "Christopher Berner"
                },
                {
                    "authorId": "52238703",
                    "name": "Sam McCandlish"
                },
                {
                    "authorId": "38909097",
                    "name": "Alec Radford"
                },
                {
                    "authorId": "1701686",
                    "name": "I. Sutskever"
                },
                {
                    "authorId": "2698777",
                    "name": "Dario Amodei"
                }
            ],
            "doi": null,
            "intent": [
                "background"
            ],
            "isInfluential": false,
            "paperId": "90abbc2cf38462b954ae1b772fac9532e2ccd8b0",
            "title": "Language Models are Few-Shot Learners",
            "url": "https://www.semanticscholar.org/paper/90abbc2cf38462b954ae1b772fac9532e2ccd8b0",
            "venue": "NeurIPS",
            "year": 2020
        },
        {
            "arxivId": "2005.13407",
            "authors": [
                {
                    "authorId": "46609506",
                    "name": "Amir Feder"
                },
                {
                    "authorId": "1382650252",
                    "name": "Nadav Oved"
                },
                {
                    "authorId": "2304764",
                    "name": "Uri Shalit"
                },
                {
                    "authorId": "1762757",
                    "name": "Roi Reichart"
                }
            ],
            "doi": "10.1162/coli_a_00404",
            "intent": [
                "background"
            ],
            "isInfluential": false,
            "paperId": "4f0318290bc75294338fdeb450e4365929b3aa0c",
            "title": "CausaLM: Causal Model Explanation Through Counterfactual Language Models",
            "url": "https://www.semanticscholar.org/paper/4f0318290bc75294338fdeb450e4365929b3aa0c",
            "venue": "CL",
            "year": 2020
        },
        {
            "arxivId": "2005.11401",
            "authors": [
                {
                    "authorId": "145222654",
                    "name": "Patrick Lewis"
                },
                {
                    "authorId": "3439053",
                    "name": "Ethan Perez"
                },
                {
                    "authorId": "1716179427",
                    "name": "Aleksandara Piktus"
                },
                {
                    "authorId": "40052301",
                    "name": "F. Petroni"
                },
                {
                    "authorId": "2067091563",
                    "name": "Vladimir Karpukhin"
                },
                {
                    "authorId": "39589154",
                    "name": "Naman Goyal"
                },
                {
                    "authorId": "103131985",
                    "name": "Heinrich Kuttler"
                },
                {
                    "authorId": "35084211",
                    "name": "M. Lewis"
                },
                {
                    "authorId": "144105277",
                    "name": "Wen-tau Yih"
                },
                {
                    "authorId": "2620211",
                    "name": "Tim Rockt\u00e4schel"
                },
                {
                    "authorId": "48662861",
                    "name": "Sebastian Riedel"
                },
                {
                    "authorId": "1743722",
                    "name": "Douwe Kiela"
                }
            ],
            "doi": null,
            "intent": [
                "background"
            ],
            "isInfluential": false,
            "paperId": "58ed1fbaabe027345f7bb3a6312d41c5aac63e22",
            "title": "Retrieval-Augmented Generation for Knowledge-Intensive NLP Tasks",
            "url": "https://www.semanticscholar.org/paper/58ed1fbaabe027345f7bb3a6312d41c5aac63e22",
            "venue": "NeurIPS",
            "year": 2020
        },
        {
            "arxivId": "2005.00719",
            "authors": [
                {
                    "authorId": "3023068",
                    "name": "Abhilasha Ravichander"
                },
                {
                    "authorId": "2083259",
                    "name": "Yonatan Belinkov"
                },
                {
                    "authorId": "144547315",
                    "name": "E. Hovy"
                }
            ],
            "doi": "10.18653/v1/2021.eacl-main.295",
            "intent": [
                "methodology"
            ],
            "isInfluential": false,
            "paperId": "922535984641f052d2530c8b68f9ebd7de38dfa5",
            "title": "Probing the Probing Paradigm: Does Probing Accuracy Entail Task Relevance?",
            "url": "https://www.semanticscholar.org/paper/922535984641f052d2530c8b68f9ebd7de38dfa5",
            "venue": "EACL",
            "year": 2020
        },
        {
            "arxivId": "2004.03685",
            "authors": [
                {
                    "authorId": "41016275",
                    "name": "Alon Jacovi"
                },
                {
                    "authorId": "79775260",
                    "name": "Yoav Goldberg"
                }
            ],
            "doi": "10.18653/v1/2020.acl-main.386",
            "intent": [
                "methodology"
            ],
            "isInfluential": false,
            "paperId": "579476d19566efc842929ea6bdd18ab760c8cfa2",
            "title": "Towards Faithfully Interpretable NLP Systems: How Should We Define and Evaluate Faithfulness?",
            "url": "https://www.semanticscholar.org/paper/579476d19566efc842929ea6bdd18ab760c8cfa2",
            "venue": "ACL",
            "year": 2020
        },
        {
            "arxivId": "2002.12327",
            "authors": [
                {
                    "authorId": "145046059",
                    "name": "Anna Rogers"
                },
                {
                    "authorId": "152176221",
                    "name": "Olga Kovaleva"
                },
                {
                    "authorId": "1681193",
                    "name": "Anna Rumshisky"
                }
            ],
            "doi": "10.1162/tacl_a_00349",
            "intent": [
                "background"
            ],
            "isInfluential": false,
            "paperId": "bd20069f5cac3e63083ecf6479abc1799db33ce0",
            "title": "A Primer in BERTology: What We Know About How BERT Works",
            "url": "https://www.semanticscholar.org/paper/bd20069f5cac3e63083ecf6479abc1799db33ce0",
            "venue": "Transactions of the Association for Computational Linguistics",
            "year": 2020
        },
        {
            "arxivId": null,
            "authors": [
                {
                    "authorId": "33791144",
                    "name": "D. V. Carvalho"
                },
                {
                    "authorId": "35153466",
                    "name": "E. M. Pereira"
                },
                {
                    "authorId": "3698192",
                    "name": "Jaime S. Cardoso"
                }
            ],
            "doi": "10.3390/ELECTRONICS8080832",
            "intent": [
                "background"
            ],
            "isInfluential": false,
            "paperId": "46c266b3d1274dacd7fce27ee8cb4d587f087a58",
            "title": "Machine Learning Interpretability: A Survey on Methods and Metrics",
            "url": "https://www.semanticscholar.org/paper/46c266b3d1274dacd7fce27ee8cb4d587f087a58",
            "venue": "Electronics",
            "year": 2019
        },
        {
            "arxivId": "1907.07165",
            "authors": [
                {
                    "authorId": "37226164",
                    "name": "Yash Goyal"
                },
                {
                    "authorId": "46609506",
                    "name": "Amir Feder"
                },
                {
                    "authorId": "2304764",
                    "name": "Uri Shalit"
                },
                {
                    "authorId": "3351164",
                    "name": "Been Kim"
                }
            ],
            "doi": null,
            "intent": [
                "background"
            ],
            "isInfluential": false,
            "paperId": "5809135c6ad6d0392be20a3143f2f74ab6f64ef4",
            "title": "Explaining Classifiers with Causal Concept Effect (CaCE)",
            "url": "https://www.semanticscholar.org/paper/5809135c6ad6d0392be20a3143f2f74ab6f64ef4",
            "venue": "ArXiv",
            "year": 2019
        },
        {
            "arxivId": "1902.10186",
            "authors": [
                {
                    "authorId": "49837811",
                    "name": "Sarthak Jain"
                },
                {
                    "authorId": "1912476",
                    "name": "Byron C. Wallace"
                }
            ],
            "doi": "10.18653/v1/N19-1357",
            "intent": [
                "background"
            ],
            "isInfluential": false,
            "paperId": "1e83c20def5c84efa6d4a0d80aa3159f55cb9c3f",
            "title": "Attention is not Explanation",
            "url": "https://www.semanticscholar.org/paper/1e83c20def5c84efa6d4a0d80aa3159f55cb9c3f",
            "venue": "NAACL",
            "year": 2019
        },
        {
            "arxivId": null,
            "authors": [
                {
                    "authorId": "2250768264",
                    "name": "Angela Potochnik"
                }
            ],
            "doi": "10.7208/chicago/9780226507194.001.0001",
            "intent": [
                "methodology",
                "background"
            ],
            "isInfluential": false,
            "paperId": "838c3fd8b02e0e37dae864383dc869607315f67d",
            "title": "Idealization and the Aims of Science",
            "url": "https://www.semanticscholar.org/paper/838c3fd8b02e0e37dae864383dc869607315f67d",
            "venue": "",
            "year": 2017
        },
        {
            "arxivId": "1706.03762",
            "authors": [
                {
                    "authorId": "40348417",
                    "name": "Ashish Vaswani"
                },
                {
                    "authorId": "1846258",
                    "name": "Noam M. Shazeer"
                },
                {
                    "authorId": "3877127",
                    "name": "Niki Parmar"
                },
                {
                    "authorId": "39328010",
                    "name": "Jakob Uszkoreit"
                },
                {
                    "authorId": "145024664",
                    "name": "Llion Jones"
                },
                {
                    "authorId": "19177000",
                    "name": "Aidan N. Gomez"
                },
                {
                    "authorId": "40527594",
                    "name": "Lukasz Kaiser"
                },
                {
                    "authorId": "3443442",
                    "name": "Illia Polosukhin"
                }
            ],
            "doi": null,
            "intent": [],
            "isInfluential": false,
            "paperId": "204e3073870fae3d05bcbc2f6a8e263d9b72e776",
            "title": "Attention is All you Need",
            "url": "https://www.semanticscholar.org/paper/204e3073870fae3d05bcbc2f6a8e263d9b72e776",
            "venue": "NIPS",
            "year": 2017
        },
        {
            "arxivId": null,
            "authors": [
                {
                    "authorId": "34914891",
                    "name": "Keith A. Markus"
                }
            ],
            "doi": "10.1207/S15328007SEM1401_9",
            "intent": [
                "background"
            ],
            "isInfluential": false,
            "paperId": "ae9ab07b85307c328343291578827ec932acd0e5",
            "title": "Making Things Happen: A Theory of Causal Explanation",
            "url": "https://www.semanticscholar.org/paper/ae9ab07b85307c328343291578827ec932acd0e5",
            "venue": "",
            "year": 2007
        },
        {
            "arxivId": null,
            "authors": [
                {
                    "authorId": "89033271",
                    "name": "Robert L. Shook"
                }
            ],
            "doi": "10.56645/jmde.v14i31.507",
            "intent": [
                "background"
            ],
            "isInfluential": false,
            "paperId": "7acf09268c893a87226b8082e838e49bada038f9",
            "title": "The Book of Why",
            "url": "https://www.semanticscholar.org/paper/7acf09268c893a87226b8082e838e49bada038f9",
            "venue": "Journal of MultiDisciplinary Evaluation",
            "year": 1983
        },
        {
            "arxivId": null,
            "authors": [],
            "doi": null,
            "intent": [
                "methodology",
                "background"
            ],
            "isInfluential": false,
            "paperId": "40cc8ccce77e5b6999af82a8ff5678d2075d6073",
            "title": "International Conference on Machine Learning, ICML 2023, 23-29 July 2023, Honolulu, Hawaii, USA",
            "url": "https://www.semanticscholar.org/paper/40cc8ccce77e5b6999af82a8ff5678d2075d6073",
            "venue": "ICML",
            "year": 2023
        },
        {
            "arxivId": null,
            "authors": [
                {
                    "authorId": "97767795",
                    "name": "Daisuke Oba"
                },
                {
                    "authorId": "34849332",
                    "name": "Naoki Yoshinaga"
                },
                {
                    "authorId": "2361778",
                    "name": "Masashi Toyoda"
                }
            ],
            "doi": "10.18653/v1/2021.blackboxnlp-1.41",
            "intent": [
                "background"
            ],
            "isInfluential": false,
            "paperId": "90aa986ba73069ba8627cbd69f93db7e3537809b",
            "title": "Exploratory Model Analysis Using Data-Driven Neuron Representations",
            "url": "https://www.semanticscholar.org/paper/90aa986ba73069ba8627cbd69f93db7e3537809b",
            "venue": "BLACKBOXNLP",
            "year": 2021
        },
        {
            "arxivId": null,
            "authors": [
                {
                    "authorId": "2056908",
                    "name": "Jesse Vig"
                },
                {
                    "authorId": "3159346",
                    "name": "Sebastian Gehrmann"
                },
                {
                    "authorId": "2083259",
                    "name": "Yonatan Belinkov"
                },
                {
                    "authorId": "30413267",
                    "name": "Sharon Qian"
                },
                {
                    "authorId": "32609652",
                    "name": "D. Nevo"
                },
                {
                    "authorId": "1778763",
                    "name": "Yaron Singer"
                },
                {
                    "authorId": "1692491",
                    "name": "Stuart M. Shieber"
                }
            ],
            "doi": null,
            "intent": [
                "methodology",
                "background"
            ],
            "isInfluential": true,
            "paperId": "78d08b8ab4132defffe98ec7f80a51452203f70d",
            "title": "Investigating Gender Bias in Language Models Using Causal Mediation Analysis",
            "url": "https://www.semanticscholar.org/paper/78d08b8ab4132defffe98ec7f80a51452203f70d",
            "venue": "NeurIPS",
            "year": 2020
        },
        {
            "arxivId": null,
            "authors": [
                {
                    "authorId": "38909097",
                    "name": "Alec Radford"
                },
                {
                    "authorId": "49387725",
                    "name": "Jeff Wu"
                },
                {
                    "authorId": "48422824",
                    "name": "R. Child"
                },
                {
                    "authorId": "150970919",
                    "name": "D. Luan"
                },
                {
                    "authorId": "2698777",
                    "name": "Dario Amodei"
                },
                {
                    "authorId": "1701686",
                    "name": "I. Sutskever"
                }
            ],
            "doi": null,
            "intent": [
                "methodology"
            ],
            "isInfluential": true,
            "paperId": "9405cc0d6169988371b2755e573cc28650d14dfe",
            "title": "Language Models are Unsupervised Multitask Learners",
            "url": "https://www.semanticscholar.org/paper/9405cc0d6169988371b2755e573cc28650d14dfe",
            "venue": "",
            "year": 2019
        }
    ],
    "s2FieldsOfStudy": [
        {
            "category": "Computer Science",
            "source": "external"
        },
        {
            "category": "Computer Science",
            "source": "s2-fos-model"
        }
    ],
    "title": "A Glitch in the Matrix? Locating and Detecting Language Model Grounding with Fakepedia",
    "topics": [],
    "url": "https://www.semanticscholar.org/paper/11e56b35fa81ddb00dc96329c077c5b39c8f9e75",
    "venue": "Annual Meeting of the Association for Computational Linguistics",
    "year": 2023
}