{
    "abstract": "Query-based object detectors directly decode image features into object instances with a set of learnable queries. These query vectors are progressively refined to stable meaningful representations through a sequence of decoder layers, and then used to directly predict object locations and categories with simple FFN heads. In this paper, we present a new query-based object detector (DEQDet) by designing a deep equilibrium decoder. Our DEQ decoder models the query vector refinement as the fixed point solving of an implicit layer and is equivalent to applying infinite steps of refinement. To be more specific to object decoding, we use a two-step unrolled equilibrium equation to explicitly capture the query vector refinement. Accordingly, we are able to incorporate refinement awareness into the DEQ training with the inexact gradient back-propagation (RAG). In addition, to stabilize the training of our DEQDet and improve its generalization ability, we devise the deep supervision scheme on the optimization path of DEQ with refinement-aware perturbation (RAP). Our experiments demonstrate DEQDet converges faster, consumes less memory, and achieves better results than the baseline counterpart (AdaMixer). In particular, our DEQDet with ResNet50 backbone and 300 queries achieves the 49.5 mAP and 33.0 APS on the MS COCO benchmark under 2\u00d7 training scheme (24 epochs).",
    "arxivId": "2308.09564",
    "authors": [
        {
            "authorId": "1717480",
            "name": "Shuai Wang",
            "url": "https://www.semanticscholar.org/author/1717480"
        },
        {
            "authorId": "2113954881",
            "name": "Yao Teng",
            "url": "https://www.semanticscholar.org/author/2113954881"
        },
        {
            "authorId": "2161327433",
            "name": "Limin Wang",
            "url": "https://www.semanticscholar.org/author/2161327433"
        }
    ],
    "citationVelocity": 0,
    "citations": [
        {
            "arxivId": "2402.04029",
            "authors": [
                {
                    "authorId": "2282959719",
                    "name": "Mateusz Gabor"
                },
                {
                    "authorId": "2282977951",
                    "name": "Tomasz Piotrowski"
                },
                {
                    "authorId": "2282978260",
                    "name": "Renato L. G. Cavalcante"
                }
            ],
            "doi": "10.48550/arXiv.2402.04029",
            "intent": [],
            "isInfluential": false,
            "paperId": "12a50648c8748c41a2d83f2025a595a7308f5d1e",
            "title": "Positive concave deep equilibrium models",
            "url": "https://www.semanticscholar.org/paper/12a50648c8748c41a2d83f2025a595a7308f5d1e",
            "venue": "ICML",
            "year": 2024
        },
        {
            "arxivId": "2401.08639",
            "authors": [
                {
                    "authorId": "2056612063",
                    "name": "Zhengyang Geng"
                },
                {
                    "authorId": "51346567",
                    "name": "Ashwini Pokle"
                },
                {
                    "authorId": "145116464",
                    "name": "J. Z. Kolter"
                },
                {
                    "authorId": "2293730229",
                    "name": "Paul Micaelli"
                },
                {
                    "authorId": "2122700133",
                    "name": "Arash Vahdat"
                },
                {
                    "authorId": "1989015",
                    "name": "Hongxu Yin"
                },
                {
                    "authorId": "2273651410",
                    "name": "Jan Kautz"
                },
                {
                    "authorId": "2824500",
                    "name": "Pavlo Molchanov"
                },
                {
                    "authorId": "38967461",
                    "name": "Alex Nichol"
                },
                {
                    "authorId": "6515819",
                    "name": "Prafulla Dhariwal"
                },
                {
                    "authorId": "2285086252",
                    "name": "Aditya Ramesh"
                },
                {
                    "authorId": "67311962",
                    "name": "Pranav Shyam"
                },
                {
                    "authorId": "2051714782",
                    "name": "Pamela Mishkin"
                },
                {
                    "authorId": "39593364",
                    "name": "Bob McGrew"
                },
                {
                    "authorId": "1701686",
                    "name": "I. Sutskever"
                },
                {
                    "authorId": "3166516",
                    "name": "Emilio Parisotto"
                },
                {
                    "authorId": "2293732777",
                    "name": "Francis Song"
                },
                {
                    "authorId": "2275178294",
                    "name": "Jack W. Rae"
                },
                {
                    "authorId": "1996134",
                    "name": "Razvan Pascanu"
                },
                {
                    "authorId": "2288101023",
                    "name": "Caglar Gulcehre"
                },
                {
                    "authorId": "35880964",
                    "name": "Siddhant M. Jayakumar"
                },
                {
                    "authorId": "2293730934",
                    "name": "Max Jaderberg"
                },
                {
                    "authorId": "31713635",
                    "name": "Raphael Lopez Kaufman"
                },
                {
                    "authorId": "2293772267",
                    "name": "Aidan Clark"
                },
                {
                    "authorId": "3407277",
                    "name": "Adam Paszke"
                },
                {
                    "authorId": "2285741771",
                    "name": "Sam Gross"
                },
                {
                    "authorId": "2285745861",
                    "name": "Francisco Massa"
                },
                {
                    "authorId": "1977806",
                    "name": "Adam Lerer"
                },
                {
                    "authorId": "2065251344",
                    "name": "James Bradbury"
                },
                {
                    "authorId": "114250963",
                    "name": "Gregory Chanan"
                },
                {
                    "authorId": "2059271276",
                    "name": "Trevor Killeen"
                },
                {
                    "authorId": "2287748535",
                    "name": "Zem-ing Lin"
                },
                {
                    "authorId": "3365851",
                    "name": "N. Gimelshein"
                },
                {
                    "authorId": "2258317400",
                    "name": "L. Antiga"
                },
                {
                    "authorId": "2293730826",
                    "name": "Alban Des-maison"
                },
                {
                    "authorId": "2268398199",
                    "name": "Andreas Kopf"
                },
                {
                    "authorId": "2287624500",
                    "name": "Edward Yang"
                },
                {
                    "authorId": "2253681376",
                    "name": "Zachary DeVito"
                },
                {
                    "authorId": "10707709",
                    "name": "Martin Raison"
                },
                {
                    "authorId": "41203992",
                    "name": "Alykhan Tejani"
                },
                {
                    "authorId": "22236100",
                    "name": "Sasank Chilamkurthy"
                },
                {
                    "authorId": "38909097",
                    "name": "Alec Radford"
                },
                {
                    "authorId": "2242326456",
                    "name": "Jeffrey Wu"
                },
                {
                    "authorId": "48422824",
                    "name": "R. Child"
                },
                {
                    "authorId": "150970919",
                    "name": "D. Luan"
                },
                {
                    "authorId": "2269733851",
                    "name": "Colin Raffel"
                },
                {
                    "authorId": "1846258",
                    "name": "Noam M. Shazeer"
                },
                {
                    "authorId": "2275223445",
                    "name": "A. Roberts"
                },
                {
                    "authorId": "2275576898",
                    "name": "K. Lee"
                },
                {
                    "authorId": "46617804",
                    "name": "Sharan Narang"
                },
                {
                    "authorId": "1380243217",
                    "name": "Michael Matena"
                },
                {
                    "authorId": "2260365292",
                    "name": "Yanqi Zhou"
                },
                {
                    "authorId": "2293767405",
                    "name": "Wei Li"
                },
                {
                    "authorId": "2283185019",
                    "name": "Peter J. Liu"
                },
                {
                    "authorId": "2276186593",
                    "name": "Casey Chu"
                }
            ],
            "doi": "10.48550/arXiv.2401.08639",
            "intent": [
                "background"
            ],
            "isInfluential": false,
            "paperId": "0e8f1bb91bb4502966fa5e91e0610832dfe4240e",
            "title": "One-Step Diffusion Distillation via Deep Equilibrium Models",
            "url": "https://www.semanticscholar.org/paper/0e8f1bb91bb4502966fa5e91e0610832dfe4240e",
            "venue": "NeurIPS",
            "year": 2023
        },
        {
            "arxivId": null,
            "authors": [
                {
                    "authorId": "2275991321",
                    "name": "Zepeng Sun"
                },
                {
                    "authorId": "2275937958",
                    "name": "Dongyin Jin"
                },
                {
                    "authorId": "2276003150",
                    "name": "Jian Deng"
                },
                {
                    "authorId": "2276030905",
                    "name": "Mengyang Zhang"
                },
                {
                    "authorId": "2242942003",
                    "name": "Zhenzhou Shao"
                }
            ],
            "doi": "10.1109/ROBIO58561.2023.10354575",
            "intent": [
                "background"
            ],
            "isInfluential": false,
            "paperId": "f49ac64ee8295e523d0a17c5cd68a0958664f95a",
            "title": "Feature Fusion Module Based on Gate Mechanism for Object Detection",
            "url": "https://www.semanticscholar.org/paper/f49ac64ee8295e523d0a17c5cd68a0958664f95a",
            "venue": "2023 IEEE International Conference on Robotics and Biomimetics (ROBIO)",
            "year": 2023
        },
        {
            "arxivId": "2311.11600",
            "authors": [
                {
                    "authorId": "32879676",
                    "name": "Jiezhang Cao"
                },
                {
                    "authorId": "2267489513",
                    "name": "Yue Shi"
                },
                {
                    "authorId": "2256442260",
                    "name": "Kai Zhang"
                },
                {
                    "authorId": "2256306248",
                    "name": "Yulun Zhang"
                },
                {
                    "authorId": "1732855",
                    "name": "R. Timofte"
                },
                {
                    "authorId": "2246990749",
                    "name": "L. V. Gool"
                }
            ],
            "doi": "10.1109/CVPR52733.2024.00273",
            "intent": [
                "methodology"
            ],
            "isInfluential": false,
            "paperId": "364ba5c32167855988dbbc13e61e400cc3565555",
            "title": "Deep Equilibrium Diffusion Restoration with Parallel Sampling",
            "url": "https://www.semanticscholar.org/paper/364ba5c32167855988dbbc13e61e400cc3565555",
            "venue": "2024 IEEE/CVF Conference on Computer Vision and Pattern Recognition (CVPR)",
            "year": 2023
        },
        {
            "arxivId": "2310.04297",
            "authors": [
                {
                    "authorId": "2257117309",
                    "name": "Junhao Hu"
                },
                {
                    "authorId": "13590936",
                    "name": "Weijie Gan"
                },
                {
                    "authorId": "2257126365",
                    "name": "Zhixin Sun"
                },
                {
                    "authorId": "2054774306",
                    "name": "Hongyu An"
                },
                {
                    "authorId": "2802415",
                    "name": "U. Kamilov"
                }
            ],
            "doi": null,
            "intent": [],
            "isInfluential": false,
            "paperId": "2d32cb24968f9aa72fa14ff7dffeb33ae9d27d3f",
            "title": "A Plug-and-Play Image Registration Network",
            "url": "https://www.semanticscholar.org/paper/2d32cb24968f9aa72fa14ff7dffeb33ae9d27d3f",
            "venue": "ICLR",
            "year": 2023
        }
    ],
    "corpusId": 261031069,
    "doi": "10.48550/arXiv.2308.09564",
    "fieldsOfStudy": [
        "Computer Science"
    ],
    "influentialCitationCount": 0,
    "isOpenAccess": true,
    "isPublisherLicensed": true,
    "is_open_access": true,
    "is_publisher_licensed": true,
    "numCitedBy": 5,
    "numCiting": 47,
    "paperId": "64bff6b4be1a8dbde5968598df53f239baa8e7ab",
    "references": [
        {
            "arxivId": "2304.04978",
            "authors": [
                {
                    "authorId": "2113954881",
                    "name": "Yao Teng"
                },
                {
                    "authorId": "2144316022",
                    "name": "Haisong Liu"
                },
                {
                    "authorId": "143921504",
                    "name": "Sheng Guo"
                },
                {
                    "authorId": "2161327433",
                    "name": "Limin Wang"
                }
            ],
            "doi": "10.1109/ICCV51070.2023.00605",
            "intent": [
                "methodology"
            ],
            "isInfluential": false,
            "paperId": "27523dbaae69e44d1782cc39f23d34d1f82e81ef",
            "title": "StageInteractor: Query-based Object Detector with Cross-stage Interaction",
            "url": "https://www.semanticscholar.org/paper/27523dbaae69e44d1782cc39f23d34d1f82e81ef",
            "venue": "2023 IEEE/CVF International Conference on Computer Vision (ICCV)",
            "year": 2023
        },
        {
            "arxivId": "2211.09788",
            "authors": [
                {
                    "authorId": "2107977968",
                    "name": "Shoufa Chen"
                },
                {
                    "authorId": "2075416446",
                    "name": "Pei Sun"
                },
                {
                    "authorId": "2255687",
                    "name": "Yibing Song"
                },
                {
                    "authorId": "144389940",
                    "name": "P. Luo"
                }
            ],
            "doi": "10.1109/ICCV51070.2023.01816",
            "intent": [
                "methodology"
            ],
            "isInfluential": false,
            "paperId": "81621c53c6aa421deb81bb1359138ded0fb4e258",
            "title": "DiffusionDet: Diffusion Model for Object Detection",
            "url": "https://www.semanticscholar.org/paper/81621c53c6aa421deb81bb1359138ded0fb4e258",
            "venue": "2023 IEEE/CVF International Conference on Computer Vision (ICCV)",
            "year": 2022
        },
        {
            "arxivId": null,
            "authors": [
                {
                    "authorId": "2107945710",
                    "name": "Yingming Wang"
                },
                {
                    "authorId": "1771551",
                    "name": "X. Zhang"
                },
                {
                    "authorId": "2109350833",
                    "name": "Tong Yang"
                },
                {
                    "authorId": "2032184078",
                    "name": "Jian Sun"
                }
            ],
            "doi": "10.1609/aaai.v36i3.20158",
            "intent": [],
            "isInfluential": false,
            "paperId": "b4ce19f3b3819accb160acffabffa849f18f4758",
            "title": "Anchor DETR: Query Design for Transformer-Based Detector",
            "url": "https://www.semanticscholar.org/paper/b4ce19f3b3819accb160acffabffa849f18f4758",
            "venue": "AAAI",
            "year": 2022
        },
        {
            "arxivId": "2204.08442",
            "authors": [
                {
                    "authorId": "35836381",
                    "name": "Shaojie Bai"
                },
                {
                    "authorId": "2056612063",
                    "name": "Zhengyang Geng"
                },
                {
                    "authorId": "1389050450",
                    "name": "Yash Savani"
                },
                {
                    "authorId": "145116464",
                    "name": "J. Z. Kolter"
                }
            ],
            "doi": "10.1109/CVPR52688.2022.00070",
            "intent": [
                "methodology",
                "background"
            ],
            "isInfluential": true,
            "paperId": "78a6ef2030d32aa1d0386da860ad79338d8e3b8a",
            "title": "Deep Equilibrium Optical Flow Estimation",
            "url": "https://www.semanticscholar.org/paper/78a6ef2030d32aa1d0386da860ad79338d8e3b8a",
            "venue": "2022 IEEE/CVF Conference on Computer Vision and Pattern Recognition (CVPR)",
            "year": 2022
        },
        {
            "arxivId": "2203.16507",
            "authors": [
                {
                    "authorId": "152536294",
                    "name": "Ziteng Gao"
                },
                {
                    "authorId": "2109120086",
                    "name": "Limin Wang"
                },
                {
                    "authorId": "2118914308",
                    "name": "Bing Han"
                },
                {
                    "authorId": "143921504",
                    "name": "Sheng Guo"
                }
            ],
            "doi": "10.1109/CVPR52688.2022.00529",
            "intent": [
                "methodology",
                "background"
            ],
            "isInfluential": true,
            "paperId": "c046c475dc3df1ce34be77a2d6cc14e79bd9416f",
            "title": "AdaMixer: A Fast-Converging Query-Based Object Detector",
            "url": "https://www.semanticscholar.org/paper/c046c475dc3df1ce34be77a2d6cc14e79bd9416f",
            "venue": "2022 IEEE/CVF Conference on Computer Vision and Pattern Recognition (CVPR)",
            "year": 2022
        },
        {
            "arxivId": "2203.01305",
            "authors": [
                {
                    "authorId": "2152978390",
                    "name": "Feng Li"
                },
                {
                    "authorId": "2315254849",
                    "name": "Hao Zhang"
                },
                {
                    "authorId": "2144330792",
                    "name": "Shi-guang Liu"
                },
                {
                    "authorId": "2148900809",
                    "name": "Jian Guo"
                },
                {
                    "authorId": "1726587",
                    "name": "L. Ni"
                },
                {
                    "authorId": "2152832911",
                    "name": "Lei Zhang"
                }
            ],
            "doi": "10.1109/CVPR52688.2022.01325",
            "intent": [],
            "isInfluential": false,
            "paperId": "78d02f2909a582c624eca2d0f67c91ee91974180",
            "title": "DN-DETR: Accelerate DETR Training by Introducing Query DeNoising",
            "url": "https://www.semanticscholar.org/paper/78d02f2909a582c624eca2d0f67c91ee91974180",
            "venue": "2022 IEEE/CVF Conference on Computer Vision and Pattern Recognition (CVPR)",
            "year": 2022
        },
        {
            "arxivId": "2202.09741",
            "authors": [
                {
                    "authorId": "2088775481",
                    "name": "Meng-Hao Guo"
                },
                {
                    "authorId": "51211520",
                    "name": "Chengrou Lu"
                },
                {
                    "authorId": "79305819",
                    "name": "Zheng-Ning Liu"
                },
                {
                    "authorId": "2149615771",
                    "name": "Ming-Ming Cheng"
                },
                {
                    "authorId": "51265060",
                    "name": "Shiyong Hu"
                }
            ],
            "doi": "10.1007/s41095-023-0364-2",
            "intent": [
                "background"
            ],
            "isInfluential": false,
            "paperId": "ba637c4f1a170f1e2dadeadb71a63cf2b9a46de2",
            "title": "Visual attention network",
            "url": "https://www.semanticscholar.org/paper/ba637c4f1a170f1e2dadeadb71a63cf2b9a46de2",
            "venue": "Computational Visual Media",
            "year": 2022
        },
        {
            "arxivId": "2201.12329",
            "authors": [
                {
                    "authorId": "8602739",
                    "name": "Shilong Liu"
                },
                {
                    "authorId": "2152978390",
                    "name": "Feng Li"
                },
                {
                    "authorId": "2315254849",
                    "name": "Hao Zhang"
                },
                {
                    "authorId": "2156963158",
                    "name": "X. Yang"
                },
                {
                    "authorId": "2689287",
                    "name": "Xianbiao Qi"
                },
                {
                    "authorId": "2093561216",
                    "name": "Hang Su"
                },
                {
                    "authorId": "2146280157",
                    "name": "Jun Zhu"
                },
                {
                    "authorId": "2152834943",
                    "name": "Lei Zhang"
                }
            ],
            "doi": null,
            "intent": [
                "methodology"
            ],
            "isInfluential": false,
            "paperId": "004f1d2b1b7d7dcecafdd94daee9c1b0aa3e65cf",
            "title": "DAB-DETR: Dynamic Anchor Boxes are Better Queries for DETR",
            "url": "https://www.semanticscholar.org/paper/004f1d2b1b7d7dcecafdd94daee9c1b0aa3e65cf",
            "venue": "ICLR",
            "year": 2022
        },
        {
            "arxivId": "2112.04632",
            "authors": [
                {
                    "authorId": "1696121",
                    "name": "Zhe Chen"
                },
                {
                    "authorId": "1519066969",
                    "name": "Jing Zhang"
                },
                {
                    "authorId": "143719920",
                    "name": "D. Tao"
                }
            ],
            "doi": "10.1109/CVPR52688.2022.00519",
            "intent": [],
            "isInfluential": false,
            "paperId": "5ca5c74df211750fc5a22baf7155ff913d8a3db1",
            "title": "Recurrent Glimpse-based Decoder for Detection with Transformer",
            "url": "https://www.semanticscholar.org/paper/5ca5c74df211750fc5a22baf7155ff913d8a3db1",
            "venue": "2022 IEEE/CVF Conference on Computer Vision and Pattern Recognition (CVPR)",
            "year": 2021
        },
        {
            "arxivId": "2111.05177",
            "authors": [
                {
                    "authorId": "2056612063",
                    "name": "Zhengyang Geng"
                },
                {
                    "authorId": "1485105851",
                    "name": "Xinyu Zhang"
                },
                {
                    "authorId": "35836381",
                    "name": "Shaojie Bai"
                },
                {
                    "authorId": "2115869684",
                    "name": "Yisen Wang"
                },
                {
                    "authorId": "33383055",
                    "name": "Zhouchen Lin"
                }
            ],
            "doi": null,
            "intent": [
                "methodology",
                "background"
            ],
            "isInfluential": true,
            "paperId": "5e855f449f6813762e5a3514158c38db6886fe59",
            "title": "On Training Implicit Models",
            "url": "https://www.semanticscholar.org/paper/5e855f449f6813762e5a3514158c38db6886fe59",
            "venue": "NeurIPS",
            "year": 2021
        },
        {
            "arxivId": "2108.06152",
            "authors": [
                {
                    "authorId": "51055242",
                    "name": "Depu Meng"
                },
                {
                    "authorId": "2108954145",
                    "name": "Xiaokang Chen"
                },
                {
                    "authorId": "2090420110",
                    "name": "Zejia Fan"
                },
                {
                    "authorId": "1471609826",
                    "name": "Gang Zeng"
                },
                {
                    "authorId": "2144406784",
                    "name": "Houqiang Li"
                },
                {
                    "authorId": "49521390",
                    "name": "Yuhui Yuan"
                },
                {
                    "authorId": "2110833051",
                    "name": "Lei Sun"
                },
                {
                    "authorId": "2109534192",
                    "name": "Jingdong Wang"
                }
            ],
            "doi": "10.1109/ICCV48922.2021.00363",
            "intent": [],
            "isInfluential": false,
            "paperId": "1cd6b0f41d62aca38ba5a69db10e79c05e618c21",
            "title": "Conditional DETR for Fast Training Convergence",
            "url": "https://www.semanticscholar.org/paper/1cd6b0f41d62aca38ba5a69db10e79c05e618c21",
            "venue": "2021 IEEE/CVF International Conference on Computer Vision (ICCV)",
            "year": 2021
        },
        {
            "arxivId": "2106.08322",
            "authors": [
                {
                    "authorId": "3386593",
                    "name": "Xiyang Dai"
                },
                {
                    "authorId": "2109306087",
                    "name": "Yinpeng Chen"
                },
                {
                    "authorId": "2054421528",
                    "name": "Bin Xiao"
                },
                {
                    "authorId": "49025801",
                    "name": "Dongdong Chen"
                },
                {
                    "authorId": "2152968847",
                    "name": "Mengchen Liu"
                },
                {
                    "authorId": "145347147",
                    "name": "Lu Yuan"
                },
                {
                    "authorId": "2152828578",
                    "name": "Lei Zhang"
                }
            ],
            "doi": "10.1109/CVPR46437.2021.00729",
            "intent": [],
            "isInfluential": false,
            "paperId": "1ee1160b8c7c70ded02e786c184a6da651e88bed",
            "title": "Dynamic Head: Unifying Object Detection Heads with Attentions",
            "url": "https://www.semanticscholar.org/paper/1ee1160b8c7c70ded02e786c184a6da651e88bed",
            "venue": "2021 IEEE/CVF Conference on Computer Vision and Pattern Recognition (CVPR)",
            "year": 2021
        },
        {
            "arxivId": "2104.01318",
            "authors": [
                {
                    "authorId": "2113322021",
                    "name": "Z. Yao"
                },
                {
                    "authorId": "21576252",
                    "name": "Jiangbo Ai"
                },
                {
                    "authorId": "2143356219",
                    "name": "Boxun Li"
                },
                {
                    "authorId": "2115811693",
                    "name": "Chi Zhang"
                }
            ],
            "doi": null,
            "intent": [],
            "isInfluential": false,
            "paperId": "37b66aefc502b205da52a0a811fd9a3bafb399f3",
            "title": "Efficient DETR: Improving End-to-End Object Detector with Dense Prior",
            "url": "https://www.semanticscholar.org/paper/37b66aefc502b205da52a0a811fd9a3bafb399f3",
            "venue": "ArXiv",
            "year": 2021
        },
        {
            "arxivId": "2103.12803",
            "authors": [
                {
                    "authorId": "143745940",
                    "name": "Samy Wu Fung"
                },
                {
                    "authorId": "22998389",
                    "name": "Howard Heaton"
                },
                {
                    "authorId": "48933701",
                    "name": "Qiuwei Li"
                },
                {
                    "authorId": "144913918",
                    "name": "Daniel Mckenzie"
                },
                {
                    "authorId": "103583159",
                    "name": "S. Osher"
                },
                {
                    "authorId": "6833606",
                    "name": "W. Yin"
                }
            ],
            "doi": "10.1609/aaai.v36i6.20619",
            "intent": [
                "methodology",
                "background"
            ],
            "isInfluential": true,
            "paperId": "9e4b3bce118e16a94f1cea5baf1d29ff27d46485",
            "title": "JFB: Jacobian-Free Backpropagation for Implicit Networks",
            "url": "https://www.semanticscholar.org/paper/9e4b3bce118e16a94f1cea5baf1d29ff27d46485",
            "venue": "AAAI",
            "year": 2021
        },
        {
            "arxivId": "2103.07461",
            "authors": [
                {
                    "authorId": "1390555183",
                    "name": "Xingyi Zhou"
                },
                {
                    "authorId": "145231047",
                    "name": "V. Koltun"
                },
                {
                    "authorId": "2562966",
                    "name": "Philipp Kr\u00e4henb\u00fchl"
                }
            ],
            "doi": null,
            "intent": [
                "background"
            ],
            "isInfluential": false,
            "paperId": "a9492c323562d31fe1d26ab8bdac1112dfdee9fe",
            "title": "Probabilistic two-stage detection",
            "url": "https://www.semanticscholar.org/paper/a9492c323562d31fe1d26ab8bdac1112dfdee9fe",
            "venue": "ArXiv",
            "year": 2021
        },
        {
            "arxivId": "2108.02404",
            "authors": [
                {
                    "authorId": "144740494",
                    "name": "Peng Gao"
                },
                {
                    "authorId": "2026322565",
                    "name": "Minghang Zheng"
                },
                {
                    "authorId": "93768810",
                    "name": "Xiaogang Wang"
                },
                {
                    "authorId": "3304536",
                    "name": "Jifeng Dai"
                },
                {
                    "authorId": "49404547",
                    "name": "Hongsheng Li"
                }
            ],
            "doi": "10.1109/ICCV48922.2021.00360",
            "intent": [
                "methodology"
            ],
            "isInfluential": false,
            "paperId": "69621df0df837d345d764525696899e0570194b6",
            "title": "Fast Convergence of DETR with Spatially Modulated Co-Attention",
            "url": "https://www.semanticscholar.org/paper/69621df0df837d345d764525696899e0570194b6",
            "venue": "2021 IEEE/CVF International Conference on Computer Vision (ICCV)",
            "year": 2021
        },
        {
            "arxivId": "2012.13563",
            "authors": [
                {
                    "authorId": "3361759",
                    "name": "Tiancai Wang"
                },
                {
                    "authorId": "1771551",
                    "name": "X. Zhang"
                },
                {
                    "authorId": "2032184078",
                    "name": "Jian Sun"
                }
            ],
            "doi": null,
            "intent": [
                "background"
            ],
            "isInfluential": false,
            "paperId": "a777a2946d6a3914c7d89aaa092f5cb09efac6a9",
            "title": "Implicit Feature Pyramid Network for Object Detection",
            "url": "https://www.semanticscholar.org/paper/a777a2946d6a3914c7d89aaa092f5cb09efac6a9",
            "venue": "ArXiv",
            "year": 2020
        },
        {
            "arxivId": "2011.12450",
            "authors": [
                {
                    "authorId": "2075416446",
                    "name": "Pei Sun"
                },
                {
                    "authorId": "1807746211",
                    "name": "Rufeng Zhang"
                },
                {
                    "authorId": "2146417774",
                    "name": "Yi Jiang"
                },
                {
                    "authorId": "145868988",
                    "name": "Tao Kong"
                },
                {
                    "authorId": "1490695028",
                    "name": "Chenfeng Xu"
                },
                {
                    "authorId": "144267500",
                    "name": "Wei Zhan"
                },
                {
                    "authorId": "1680165",
                    "name": "M. Tomizuka"
                },
                {
                    "authorId": "143900005",
                    "name": "Lei Li"
                },
                {
                    "authorId": "51305314",
                    "name": "Zehuan Yuan"
                },
                {
                    "authorId": "1906061249",
                    "name": "Changhu Wang"
                },
                {
                    "authorId": "47571885",
                    "name": "Ping Luo"
                }
            ],
            "doi": "10.1109/CVPR46437.2021.01422",
            "intent": [
                "methodology",
                "background"
            ],
            "isInfluential": true,
            "paperId": "6d5f423164cd5ef9324281652987c8a65009e98e",
            "title": "Sparse R-CNN: End-to-End Object Detection with Learnable Proposals",
            "url": "https://www.semanticscholar.org/paper/6d5f423164cd5ef9324281652987c8a65009e98e",
            "venue": "2021 IEEE/CVF Conference on Computer Vision and Pattern Recognition (CVPR)",
            "year": 2020
        },
        {
            "arxivId": "2011.12885",
            "authors": [
                {
                    "authorId": "2144439048",
                    "name": "Xiang Li"
                },
                {
                    "authorId": "71074736",
                    "name": "Wenhai Wang"
                },
                {
                    "authorId": "2109753669",
                    "name": "Xiaolin Hu"
                },
                {
                    "authorId": "2152748444",
                    "name": "Jun Li"
                },
                {
                    "authorId": "8053308",
                    "name": "Jinhui Tang"
                },
                {
                    "authorId": "2146236917",
                    "name": "Jian Yang"
                }
            ],
            "doi": "10.1109/CVPR46437.2021.01146",
            "intent": [],
            "isInfluential": false,
            "paperId": "cd9a2b4578fbd812fea5d31e5b8e778f13e352c0",
            "title": "Generalized Focal Loss V2: Learning Reliable Localization Quality Estimation for Dense Object Detection",
            "url": "https://www.semanticscholar.org/paper/cd9a2b4578fbd812fea5d31e5b8e778f13e352c0",
            "venue": "2021 IEEE/CVF Conference on Computer Vision and Pattern Recognition (CVPR)",
            "year": 2020
        },
        {
            "arxivId": "2010.04159",
            "authors": [
                {
                    "authorId": "2578924",
                    "name": "Xizhou Zhu"
                },
                {
                    "authorId": "145499378",
                    "name": "Weijie Su"
                },
                {
                    "authorId": "152309485",
                    "name": "Lewei Lu"
                },
                {
                    "authorId": "2183101614",
                    "name": "Bin Li"
                },
                {
                    "authorId": "93768810",
                    "name": "Xiaogang Wang"
                },
                {
                    "authorId": "3304536",
                    "name": "Jifeng Dai"
                }
            ],
            "doi": null,
            "intent": [],
            "isInfluential": false,
            "paperId": "39ca8f8ff28cc640e3b41a6bd7814ab85c586504",
            "title": "Deformable DETR: Deformable Transformers for End-to-End Object Detection",
            "url": "https://www.semanticscholar.org/paper/39ca8f8ff28cc640e3b41a6bd7814ab85c586504",
            "venue": "ICLR",
            "year": 2020
        },
        {
            "arxivId": "2010.02502",
            "authors": [
                {
                    "authorId": "51453887",
                    "name": "Jiaming Song"
                },
                {
                    "authorId": "2057110631",
                    "name": "Chenlin Meng"
                },
                {
                    "authorId": "2066211828",
                    "name": "Stefano Ermon"
                }
            ],
            "doi": null,
            "intent": [],
            "isInfluential": false,
            "paperId": "014576b866078524286802b1d0e18628520aa886",
            "title": "Denoising Diffusion Implicit Models",
            "url": "https://www.semanticscholar.org/paper/014576b866078524286802b1d0e18628520aa886",
            "venue": "ICLR",
            "year": 2020
        },
        {
            "arxivId": "2007.11056",
            "authors": [
                {
                    "authorId": "49660254",
                    "name": "Han Qiu"
                },
                {
                    "authorId": "1628250729",
                    "name": "Yuchen Ma"
                },
                {
                    "authorId": "6000385",
                    "name": "Zeming Li"
                },
                {
                    "authorId": "2144363412",
                    "name": "Songtao Liu"
                },
                {
                    "authorId": null,
                    "name": "Jian Sun"
                }
            ],
            "doi": "10.1007/978-3-030-58452-8_32",
            "intent": [],
            "isInfluential": false,
            "paperId": "5800afc4ca06a309d74baedd65a0b0666b3716d1",
            "title": "BorderDet: Border Feature for Dense Object Detection",
            "url": "https://www.semanticscholar.org/paper/5800afc4ca06a309d74baedd65a0b0666b3716d1",
            "venue": "ECCV",
            "year": 2020
        },
        {
            "arxivId": "2006.11239",
            "authors": [
                {
                    "authorId": "2126278",
                    "name": "Jonathan Ho"
                },
                {
                    "authorId": "1623995772",
                    "name": "Ajay Jain"
                },
                {
                    "authorId": "1689992",
                    "name": "P. Abbeel"
                }
            ],
            "doi": null,
            "intent": [
                "methodology",
                "background"
            ],
            "isInfluential": false,
            "paperId": "5c126ae3421f05768d8edd97ecd44b1364e2c99a",
            "title": "Denoising Diffusion Probabilistic Models",
            "url": "https://www.semanticscholar.org/paper/5c126ae3421f05768d8edd97ecd44b1364e2c99a",
            "venue": "NeurIPS",
            "year": 2020
        },
        {
            "arxivId": "2006.08656",
            "authors": [
                {
                    "authorId": "35836381",
                    "name": "Shaojie Bai"
                },
                {
                    "authorId": "145231047",
                    "name": "V. Koltun"
                },
                {
                    "authorId": "145116464",
                    "name": "J. Z. Kolter"
                }
            ],
            "doi": null,
            "intent": [
                "background"
            ],
            "isInfluential": false,
            "paperId": "bb2681ea27e022f6d40e2cbba8c0547d57ea3213",
            "title": "Multiscale Deep Equilibrium Models",
            "url": "https://www.semanticscholar.org/paper/bb2681ea27e022f6d40e2cbba8c0547d57ea3213",
            "venue": "NeurIPS",
            "year": 2020
        },
        {
            "arxivId": "2005.12872",
            "authors": [
                {
                    "authorId": "3422899",
                    "name": "Nicolas Carion"
                },
                {
                    "authorId": "1403239967",
                    "name": "Francisco Massa"
                },
                {
                    "authorId": "2282478",
                    "name": "Gabriel Synnaeve"
                },
                {
                    "authorId": "1746841",
                    "name": "Nicolas Usunier"
                },
                {
                    "authorId": "144843400",
                    "name": "Alexander Kirillov"
                },
                {
                    "authorId": "2134433",
                    "name": "Sergey Zagoruyko"
                }
            ],
            "doi": "10.1007/978-3-030-58452-8_13",
            "intent": [
                "methodology",
                "background"
            ],
            "isInfluential": true,
            "paperId": "962dc29fdc3fbdc5930a10aba114050b82fe5a3e",
            "title": "End-to-End Object Detection with Transformers",
            "url": "https://www.semanticscholar.org/paper/962dc29fdc3fbdc5930a10aba114050b82fe5a3e",
            "venue": "ECCV",
            "year": 2020
        },
        {
            "arxivId": "2003.12039",
            "authors": [
                {
                    "authorId": "8048414",
                    "name": "Zachary Teed"
                },
                {
                    "authorId": "153302678",
                    "name": "Jia Deng"
                }
            ],
            "doi": "10.1007/978-3-030-58536-5_24",
            "intent": [
                "methodology"
            ],
            "isInfluential": false,
            "paperId": "3230e2d6b4671cc03974af2219c6d3270e6fac70",
            "title": "RAFT: Recurrent All-Pairs Field Transforms for Optical Flow",
            "url": "https://www.semanticscholar.org/paper/3230e2d6b4671cc03974af2219c6d3270e6fac70",
            "venue": "ECCV",
            "year": 2020
        },
        {
            "arxivId": "1909.01377",
            "authors": [
                {
                    "authorId": "35836381",
                    "name": "Shaojie Bai"
                },
                {
                    "authorId": "145116464",
                    "name": "J. Z. Kolter"
                },
                {
                    "authorId": "145231047",
                    "name": "V. Koltun"
                }
            ],
            "doi": null,
            "intent": [
                "methodology",
                "background"
            ],
            "isInfluential": true,
            "paperId": "9a618cca0d2fc78db1be1aed70517401cb3f3859",
            "title": "Deep Equilibrium Models",
            "url": "https://www.semanticscholar.org/paper/9a618cca0d2fc78db1be1aed70517401cb3f3859",
            "venue": "NeurIPS",
            "year": 2019
        },
        {
            "arxivId": "1906.09756",
            "authors": [
                {
                    "authorId": "1773408",
                    "name": "Zhaowei Cai"
                },
                {
                    "authorId": "1699559",
                    "name": "N. Vasconcelos"
                }
            ],
            "doi": "10.1109/TPAMI.2019.2956516",
            "intent": [
                "methodology",
                "background"
            ],
            "isInfluential": false,
            "paperId": "bc626a52664e948a0ffb2b95d0e1e6377a01171a",
            "title": "Cascade R-CNN: High Quality Object Detection and Instance Segmentation",
            "url": "https://www.semanticscholar.org/paper/bc626a52664e948a0ffb2b95d0e1e6377a01171a",
            "venue": "IEEE Transactions on Pattern Analysis and Machine Intelligence",
            "year": 2019
        },
        {
            "arxivId": "1904.08189",
            "authors": [
                {
                    "authorId": "36686543",
                    "name": "Kaiwen Duan"
                },
                {
                    "authorId": "47651566",
                    "name": "S. Bai"
                },
                {
                    "authorId": "3041937",
                    "name": "Lingxi Xie"
                },
                {
                    "authorId": "144097734",
                    "name": "H. Qi"
                },
                {
                    "authorId": "1689702",
                    "name": "Qingming Huang"
                },
                {
                    "authorId": "144876831",
                    "name": "Q. Tian"
                }
            ],
            "doi": "10.1109/ICCV.2019.00667",
            "intent": [
                "background"
            ],
            "isInfluential": false,
            "paperId": "9662b48d9b8a8f2118487a7f3be2d76283848627",
            "title": "CenterNet: Keypoint Triplets for Object Detection",
            "url": "https://www.semanticscholar.org/paper/9662b48d9b8a8f2118487a7f3be2d76283848627",
            "venue": "2019 IEEE/CVF International Conference on Computer Vision (ICCV)",
            "year": 2019
        },
        {
            "arxivId": "1904.07850",
            "authors": [
                {
                    "authorId": "1390555183",
                    "name": "Xingyi Zhou"
                },
                {
                    "authorId": "2774612",
                    "name": "Dequan Wang"
                },
                {
                    "authorId": "2562966",
                    "name": "Philipp Kr\u00e4henb\u00fchl"
                }
            ],
            "doi": null,
            "intent": [
                "methodology"
            ],
            "isInfluential": false,
            "paperId": "6a2e2fd1b5bb11224daef98b3fb6d029f68a73f2",
            "title": "Objects as Points",
            "url": "https://www.semanticscholar.org/paper/6a2e2fd1b5bb11224daef98b3fb6d029f68a73f2",
            "venue": "ArXiv",
            "year": 2019
        },
        {
            "arxivId": "1904.01355",
            "authors": [
                {
                    "authorId": "40219976",
                    "name": "Zhi Tian"
                },
                {
                    "authorId": "1780381",
                    "name": "Chunhua Shen"
                },
                {
                    "authorId": "2029503517",
                    "name": "Hao Chen"
                },
                {
                    "authorId": "2118328320",
                    "name": "Tong He"
                }
            ],
            "doi": "10.1109/ICCV.2019.00972",
            "intent": [
                "methodology"
            ],
            "isInfluential": false,
            "paperId": "e2751a898867ce6687e08a5cc7bdb562e999b841",
            "title": "FCOS: Fully Convolutional One-Stage Object Detection",
            "url": "https://www.semanticscholar.org/paper/e2751a898867ce6687e08a5cc7bdb562e999b841",
            "venue": "2019 IEEE/CVF International Conference on Computer Vision (ICCV)",
            "year": 2019
        },
        {
            "arxivId": "1902.09630",
            "authors": [
                {
                    "authorId": "73768948",
                    "name": "S. H. Rezatofighi"
                },
                {
                    "authorId": "39282796",
                    "name": "Nathan Tsoi"
                },
                {
                    "authorId": "39813007",
                    "name": "JunYoung Gwak"
                },
                {
                    "authorId": "145759966",
                    "name": "Amir Sadeghian"
                },
                {
                    "authorId": "145950884",
                    "name": "I. Reid"
                },
                {
                    "authorId": "1702137",
                    "name": "S. Savarese"
                }
            ],
            "doi": "10.1109/CVPR.2019.00075",
            "intent": [
                "background"
            ],
            "isInfluential": false,
            "paperId": "889c81b4d7b7ed43a3f69f880ea60b0572e02e27",
            "title": "Generalized Intersection Over Union: A Metric and a Loss for Bounding Box Regression",
            "url": "https://www.semanticscholar.org/paper/889c81b4d7b7ed43a3f69f880ea60b0572e02e27",
            "venue": "2019 IEEE/CVF Conference on Computer Vision and Pattern Recognition (CVPR)",
            "year": 2019
        },
        {
            "arxivId": "1808.01244",
            "authors": [
                {
                    "authorId": "32647956",
                    "name": "Hei Law"
                },
                {
                    "authorId": "153302678",
                    "name": "Jia Deng"
                }
            ],
            "doi": "10.1007/s11263-019-01204-1",
            "intent": [
                "background"
            ],
            "isInfluential": false,
            "paperId": "5091118278b0697d20c74304f28afe8c785cc80f",
            "title": "CornerNet: Detecting Objects as Paired Keypoints",
            "url": "https://www.semanticscholar.org/paper/5091118278b0697d20c74304f28afe8c785cc80f",
            "venue": "International Journal of Computer Vision",
            "year": 2018
        },
        {
            "arxivId": "1806.07366",
            "authors": [
                {
                    "authorId": "11126631",
                    "name": "T. Chen"
                },
                {
                    "authorId": "40959192",
                    "name": "Yulia Rubanova"
                },
                {
                    "authorId": "51012893",
                    "name": "J. Bettencourt"
                },
                {
                    "authorId": "1704657",
                    "name": "D. Duvenaud"
                }
            ],
            "doi": null,
            "intent": [
                "methodology"
            ],
            "isInfluential": false,
            "paperId": "449310e3538b08b43227d660227dfd2875c3c3c1",
            "title": "Neural Ordinary Differential Equations",
            "url": "https://www.semanticscholar.org/paper/449310e3538b08b43227d660227dfd2875c3c3c1",
            "venue": "NeurIPS",
            "year": 2018
        },
        {
            "arxivId": "1803.06396",
            "authors": [
                {
                    "authorId": "2246396",
                    "name": "Renjie Liao"
                },
                {
                    "authorId": "3372084",
                    "name": "Yuwen Xiong"
                },
                {
                    "authorId": "2645055",
                    "name": "Ethan Fetaya"
                },
                {
                    "authorId": "2107938983",
                    "name": "Lisa Zhang"
                },
                {
                    "authorId": "47639846",
                    "name": "Kijung Yoon"
                },
                {
                    "authorId": "46817366",
                    "name": "Xaq Pitkow"
                },
                {
                    "authorId": "2422559",
                    "name": "R. Urtasun"
                },
                {
                    "authorId": "1804104",
                    "name": "R. Zemel"
                }
            ],
            "doi": null,
            "intent": [
                "background"
            ],
            "isInfluential": false,
            "paperId": "c592905984e418dd02199cdddb34bf224ce5ce43",
            "title": "Reviving and Improving Recurrent Back-Propagation",
            "url": "https://www.semanticscholar.org/paper/c592905984e418dd02199cdddb34bf224ce5ce43",
            "venue": "ICML",
            "year": 2018
        },
        {
            "arxivId": null,
            "authors": [
                {
                    "authorId": "1678656",
                    "name": "I. Loshchilov"
                },
                {
                    "authorId": "144661829",
                    "name": "F. Hutter"
                }
            ],
            "doi": null,
            "intent": [
                "methodology"
            ],
            "isInfluential": false,
            "paperId": "d07284a6811f1b2745d91bdb06b040b57f226882",
            "title": "Decoupled Weight Decay Regularization",
            "url": "https://www.semanticscholar.org/paper/d07284a6811f1b2745d91bdb06b040b57f226882",
            "venue": "ICLR",
            "year": 2017
        },
        {
            "arxivId": "1708.02002",
            "authors": [
                {
                    "authorId": "33493200",
                    "name": "Tsung-Yi Lin"
                },
                {
                    "authorId": "47316088",
                    "name": "Priya Goyal"
                },
                {
                    "authorId": "2983898",
                    "name": "Ross B. Girshick"
                },
                {
                    "authorId": "39353098",
                    "name": "Kaiming He"
                },
                {
                    "authorId": "3127283",
                    "name": "Piotr Doll\u00e1r"
                }
            ],
            "doi": "10.1109/TPAMI.2018.2858826",
            "intent": [],
            "isInfluential": false,
            "paperId": "1a857da1a8ce47b2aa185b91b5cb215ddef24de7",
            "title": "Focal Loss for Dense Object Detection",
            "url": "https://www.semanticscholar.org/paper/1a857da1a8ce47b2aa185b91b5cb215ddef24de7",
            "venue": "IEEE Transactions on Pattern Analysis and Machine Intelligence",
            "year": 2017
        },
        {
            "arxivId": "1611.05431",
            "authors": [
                {
                    "authorId": "1817030",
                    "name": "Saining Xie"
                },
                {
                    "authorId": "2983898",
                    "name": "Ross B. Girshick"
                },
                {
                    "authorId": "3127283",
                    "name": "Piotr Doll\u00e1r"
                },
                {
                    "authorId": "144035504",
                    "name": "Z. Tu"
                },
                {
                    "authorId": "39353098",
                    "name": "Kaiming He"
                }
            ],
            "doi": "10.1109/CVPR.2017.634",
            "intent": [
                "background"
            ],
            "isInfluential": false,
            "paperId": "f6e0856b4a9199fa968ac00da612a9407b5cb85c",
            "title": "Aggregated Residual Transformations for Deep Neural Networks",
            "url": "https://www.semanticscholar.org/paper/f6e0856b4a9199fa968ac00da612a9407b5cb85c",
            "venue": "2017 IEEE Conference on Computer Vision and Pattern Recognition (CVPR)",
            "year": 2016
        },
        {
            "arxivId": "1512.03385",
            "authors": [
                {
                    "authorId": "39353098",
                    "name": "Kaiming He"
                },
                {
                    "authorId": "1771551",
                    "name": "X. Zhang"
                },
                {
                    "authorId": "3080683",
                    "name": "Shaoqing Ren"
                },
                {
                    "authorId": null,
                    "name": "Jian Sun"
                }
            ],
            "doi": "10.1109/cvpr.2016.90",
            "intent": [
                "background"
            ],
            "isInfluential": false,
            "paperId": "2c03df8b48bf3fa39054345bafabfeff15bfd11d",
            "title": "Deep Residual Learning for Image Recognition",
            "url": "https://www.semanticscholar.org/paper/2c03df8b48bf3fa39054345bafabfeff15bfd11d",
            "venue": "2016 IEEE Conference on Computer Vision and Pattern Recognition (CVPR)",
            "year": 2015
        },
        {
            "arxivId": "1512.02325",
            "authors": [
                {
                    "authorId": "46641573",
                    "name": "W. Liu"
                },
                {
                    "authorId": "1838674",
                    "name": "Dragomir Anguelov"
                },
                {
                    "authorId": "1761978",
                    "name": "D. Erhan"
                },
                {
                    "authorId": "2574060",
                    "name": "Christian Szegedy"
                },
                {
                    "authorId": "144828948",
                    "name": "Scott E. Reed"
                },
                {
                    "authorId": "2084646762",
                    "name": "Cheng-Yang Fu"
                },
                {
                    "authorId": "39668247",
                    "name": "A. Berg"
                }
            ],
            "doi": "10.1007/978-3-319-46448-0_2",
            "intent": [
                "background"
            ],
            "isInfluential": false,
            "paperId": "4d7a9197433acbfb24ef0e9d0f33ed1699e4a5b0",
            "title": "SSD: Single Shot MultiBox Detector",
            "url": "https://www.semanticscholar.org/paper/4d7a9197433acbfb24ef0e9d0f33ed1699e4a5b0",
            "venue": "ECCV",
            "year": 2015
        },
        {
            "arxivId": "1506.01497",
            "authors": [
                {
                    "authorId": "3080683",
                    "name": "Shaoqing Ren"
                },
                {
                    "authorId": "39353098",
                    "name": "Kaiming He"
                },
                {
                    "authorId": "2983898",
                    "name": "Ross B. Girshick"
                },
                {
                    "authorId": "2032184078",
                    "name": "Jian Sun"
                }
            ],
            "doi": "10.1109/TPAMI.2016.2577031",
            "intent": [
                "methodology",
                "background"
            ],
            "isInfluential": true,
            "paperId": "424561d8585ff8ebce7d5d07de8dbf7aae5e7270",
            "title": "Faster R-CNN: Towards Real-Time Object Detection with Region Proposal Networks",
            "url": "https://www.semanticscholar.org/paper/424561d8585ff8ebce7d5d07de8dbf7aae5e7270",
            "venue": "IEEE Transactions on Pattern Analysis and Machine Intelligence",
            "year": 2015
        },
        {
            "arxivId": "1504.08083",
            "authors": [
                {
                    "authorId": "2983898",
                    "name": "Ross B. Girshick"
                }
            ],
            "doi": null,
            "intent": [
                "methodology"
            ],
            "isInfluential": false,
            "paperId": "7ffdbc358b63378f07311e883dddacc9faeeaf4b",
            "title": "Fast R-CNN",
            "url": "https://www.semanticscholar.org/paper/7ffdbc358b63378f07311e883dddacc9faeeaf4b",
            "venue": "",
            "year": 2015
        },
        {
            "arxivId": "1405.0312",
            "authors": [
                {
                    "authorId": "33493200",
                    "name": "Tsung-Yi Lin"
                },
                {
                    "authorId": "145854440",
                    "name": "M. Maire"
                },
                {
                    "authorId": "50172592",
                    "name": "Serge J. Belongie"
                },
                {
                    "authorId": "48966748",
                    "name": "James Hays"
                },
                {
                    "authorId": "1690922",
                    "name": "P. Perona"
                },
                {
                    "authorId": "1770537",
                    "name": "Deva Ramanan"
                },
                {
                    "authorId": "3127283",
                    "name": "Piotr Doll\u00e1r"
                },
                {
                    "authorId": "1699161",
                    "name": "C. L. Zitnick"
                }
            ],
            "doi": "10.1007/978-3-319-10602-1_48",
            "intent": [
                "methodology",
                "background"
            ],
            "isInfluential": false,
            "paperId": "71b7178df5d2b112d07e45038cb5637208659ff7",
            "title": "Microsoft COCO: Common Objects in Context",
            "url": "https://www.semanticscholar.org/paper/71b7178df5d2b112d07e45038cb5637208659ff7",
            "venue": "ECCV",
            "year": 2014
        },
        {
            "arxivId": null,
            "authors": [
                {
                    "authorId": "47055692",
                    "name": "P. Werbos"
                }
            ],
            "doi": "10.1109/5.58337",
            "intent": [
                "methodology",
                "background"
            ],
            "isInfluential": false,
            "paperId": "1a3d22599028a05669e884f3eaf19a342e190a87",
            "title": "Backpropagation Through Time: What It Does and How to Do It",
            "url": "https://www.semanticscholar.org/paper/1a3d22599028a05669e884f3eaf19a342e190a87",
            "venue": "Proc. IEEE",
            "year": 1990
        },
        {
            "arxivId": null,
            "authors": [
                {
                    "authorId": "145929303",
                    "name": "Donald G. M. Anderson"
                }
            ],
            "doi": "10.1145/321296.321305",
            "intent": [
                "methodology"
            ],
            "isInfluential": false,
            "paperId": "899b8bac810d3fc50e59425a3b6d7faf96470895",
            "title": "Iterative Procedures for Nonlinear Integral Equations",
            "url": "https://www.semanticscholar.org/paper/899b8bac810d3fc50e59425a3b6d7faf96470895",
            "venue": "JACM",
            "year": 1965
        },
        {
            "arxivId": "2103.14030",
            "authors": [
                {
                    "authorId": "2109371439",
                    "name": "Ze Liu"
                },
                {
                    "authorId": "51091819",
                    "name": "Yutong Lin"
                },
                {
                    "authorId": "2112823372",
                    "name": "Yue Cao"
                },
                {
                    "authorId": "1823518756",
                    "name": "Han Hu"
                },
                {
                    "authorId": "2107995927",
                    "name": "Yixuan Wei"
                },
                {
                    "authorId": "2148904543",
                    "name": "Zheng Zhang"
                },
                {
                    "authorId": "145676588",
                    "name": "Stephen Lin"
                },
                {
                    "authorId": "2261753424",
                    "name": "B. Guo"
                }
            ],
            "doi": "10.1109/ICCV48922.2021.00986",
            "intent": [
                "background"
            ],
            "isInfluential": false,
            "paperId": "c8b25fab5608c3e033d34b4483ec47e68ba109b7",
            "title": "Swin Transformer: Hierarchical Vision Transformer using Shifted Windows",
            "url": "https://www.semanticscholar.org/paper/c8b25fab5608c3e033d34b4483ec47e68ba109b7",
            "venue": "2021 IEEE/CVF International Conference on Computer Vision (ICCV)",
            "year": 2021
        },
        {
            "arxivId": null,
            "authors": [
                {
                    "authorId": "30320952",
                    "name": "F. Pineda"
                }
            ],
            "doi": null,
            "intent": [],
            "isInfluential": false,
            "paperId": "cdbfb3714e19680dafb3711d525b481c08a1566f",
            "title": "Generalization of Back propagation to Recurrent and Higher Order Neural Networks",
            "url": "https://www.semanticscholar.org/paper/cdbfb3714e19680dafb3711d525b481c08a1566f",
            "venue": "NIPS",
            "year": 1987
        }
    ],
    "s2FieldsOfStudy": [
        {
            "category": "Computer Science",
            "source": "external"
        },
        {
            "category": "Computer Science",
            "source": "s2-fos-model"
        }
    ],
    "title": "Deep Equilibrium Object Detection",
    "topics": [],
    "url": "https://www.semanticscholar.org/paper/64bff6b4be1a8dbde5968598df53f239baa8e7ab",
    "venue": "IEEE International Conference on Computer Vision",
    "year": 2023
}