{
    "abstract": "Generative Error Correction (GEC) has emerged as a powerful post-processing method to enhance the performance of Automatic Speech Recognition (ASR) systems. However, we show that GEC models struggle to generalize beyond the specific types of errors encountered during training, limiting their ability to correct new, unseen errors at test time, particularly in out-of-domain (OOD) scenarios. This phenomenon amplifies with named entities (NEs), where, in addition to insufficient contextual information or knowledge about the NEs, novel NEs keep emerging. To address these issues, we propose DARAG (Data- and Retrieval-Augmented Generative Error Correction), a novel approach designed to improve GEC for ASR in in-domain (ID) and OOD scenarios. We augment the GEC training dataset with synthetic data generated by prompting LLMs and text-to-speech models, thereby simulating additional errors from which the model can learn. For OOD scenarios, we simulate test-time errors from new domains similarly and in an unsupervised fashion. Additionally, to better handle named entities, we introduce retrieval-augmented correction by augmenting the input with entities retrieved from a database. Our approach is simple, scalable, and both domain- and language-agnostic. We experiment on multiple datasets and settings, showing that DARAG outperforms all our baselines, achieving 8\\% -- 30\\% relative WER improvements in ID and 10\\% -- 33\\% improvements in OOD settings.",
    "arxivId": "2410.13198",
    "authors": [
        {
            "authorId": "3488077",
            "name": "Sreyan Ghosh",
            "url": "https://www.semanticscholar.org/author/3488077"
        },
        {
            "authorId": "2653340",
            "name": "Mohammad Sadegh Rasooli",
            "url": "https://www.semanticscholar.org/author/2653340"
        },
        {
            "authorId": "2326299219",
            "name": "Michael Levit",
            "url": "https://www.semanticscholar.org/author/2326299219"
        },
        {
            "authorId": "2257594695",
            "name": "Peidong Wang",
            "url": "https://www.semanticscholar.org/author/2257594695"
        },
        {
            "authorId": "2243639068",
            "name": "Jian Xue",
            "url": "https://www.semanticscholar.org/author/2243639068"
        },
        {
            "authorId": "2172597446",
            "name": "Dinesh Manocha",
            "url": "https://www.semanticscholar.org/author/2172597446"
        },
        {
            "authorId": "2243300852",
            "name": "Jinyu Li",
            "url": "https://www.semanticscholar.org/author/2243300852"
        }
    ],
    "citationVelocity": 0,
    "citations": [],
    "corpusId": 273403918,
    "doi": "10.48550/arXiv.2410.13198",
    "fieldsOfStudy": [
        "Computer Science",
        "Engineering"
    ],
    "influentialCitationCount": 0,
    "isOpenAccess": false,
    "isPublisherLicensed": true,
    "is_open_access": false,
    "is_publisher_licensed": true,
    "numCitedBy": 0,
    "numCiting": 40,
    "paperId": "7468a76f715ca70a50aceb15c0aa297a50c775ea",
    "references": [
        {
            "arxivId": "2410.02056",
            "authors": [
                {
                    "authorId": "3488077",
                    "name": "Sreyan Ghosh"
                },
                {
                    "authorId": "2109551329",
                    "name": "Sonal Kumar"
                },
                {
                    "authorId": "2229373549",
                    "name": "Zhifeng Kong"
                },
                {
                    "authorId": "2281035249",
                    "name": "Rafael Valle"
                },
                {
                    "authorId": "2264406909",
                    "name": "Bryan Catanzaro"
                },
                {
                    "authorId": "2172597446",
                    "name": "Dinesh Manocha"
                }
            ],
            "doi": "10.48550/arXiv.2410.02056",
            "intent": [],
            "isInfluential": false,
            "paperId": "b21178fd7c4e4848fc7507ed8c5af584b72a2ff0",
            "title": "Synthio: Augmenting Small-Scale Audio Classification Datasets with Synthetic Data",
            "url": "https://www.semanticscholar.org/paper/b21178fd7c4e4848fc7507ed8c5af584b72a2ff0",
            "venue": "ArXiv",
            "year": 2024
        },
        {
            "arxivId": "2405.14161",
            "authors": [
                {
                    "authorId": "2223605554",
                    "name": "Yuchen Hu"
                },
                {
                    "authorId": "2279256911",
                    "name": "Chen Chen"
                },
                {
                    "authorId": "2249458520",
                    "name": "Chao-Han Huck Yang"
                },
                {
                    "authorId": "2301454986",
                    "name": "Chengwei Qin"
                },
                {
                    "authorId": "2249078602",
                    "name": "Pin-Yu Chen"
                },
                {
                    "authorId": "2053534715",
                    "name": "Chng Eng Siong"
                },
                {
                    "authorId": "2256776223",
                    "name": "Chao Zhang"
                }
            ],
            "doi": "10.48550/arXiv.2405.14161",
            "intent": [
                "background"
            ],
            "isInfluential": false,
            "paperId": "5d7c197f181843443fceeb0abba7d880c23e16a8",
            "title": "Self-Taught Recognizer: Toward Unsupervised Adaptation for Speech Foundation Models",
            "url": "https://www.semanticscholar.org/paper/5d7c197f181843443fceeb0abba7d880c23e16a8",
            "venue": "ArXiv",
            "year": 2024
        },
        {
            "arxivId": "2311.08402",
            "authors": [
                {
                    "authorId": "31602573",
                    "name": "Sai Muralidhar Jayanthi"
                },
                {
                    "authorId": "38321735",
                    "name": "Devang Kulshreshtha"
                },
                {
                    "authorId": "68972710",
                    "name": "Saket Dingliwal"
                },
                {
                    "authorId": "3404365",
                    "name": "S. Ronanki"
                },
                {
                    "authorId": "40696276",
                    "name": "S. Bodapati"
                }
            ],
            "doi": "10.48550/arXiv.2311.08402",
            "intent": [
                "background"
            ],
            "isInfluential": false,
            "paperId": "20972a4ad3e54908d71bf84a0b326a410abd5c73",
            "title": "Retrieve and Copy: Scaling ASR Personalization to Large Catalogs",
            "url": "https://www.semanticscholar.org/paper/20972a4ad3e54908d71bf84a0b326a410abd5c73",
            "venue": "EMNLP",
            "year": 2023
        },
        {
            "arxivId": "2307.09288",
            "authors": [
                {
                    "authorId": "2113243762",
                    "name": "Hugo Touvron"
                },
                {
                    "authorId": "143792623",
                    "name": "Louis Martin"
                },
                {
                    "authorId": "2059203763",
                    "name": "Kevin R. Stone"
                },
                {
                    "authorId": "2214809450",
                    "name": "Peter Albert"
                },
                {
                    "authorId": "2634674",
                    "name": "Amjad Almahairi"
                },
                {
                    "authorId": "2223764353",
                    "name": "Yasmine Babaei"
                },
                {
                    "authorId": "2223756247",
                    "name": "Nikolay Bashlykov"
                },
                {
                    "authorId": "47505161",
                    "name": "Soumya Batra"
                },
                {
                    "authorId": "51229603",
                    "name": "Prajjwal Bhargava"
                },
                {
                    "authorId": "2116473",
                    "name": "Shruti Bhosale"
                },
                {
                    "authorId": "2023469",
                    "name": "D. Bikel"
                },
                {
                    "authorId": "2040305955",
                    "name": "Lukas Blecher"
                },
                {
                    "authorId": "66286536",
                    "name": "Cristian Cant\u00f3n Ferrer"
                },
                {
                    "authorId": "2108267192",
                    "name": "Moya Chen"
                },
                {
                    "authorId": "7153363",
                    "name": "Guillem Cucurull"
                },
                {
                    "authorId": "71039937",
                    "name": "David Esiobu"
                },
                {
                    "authorId": "2166312768",
                    "name": "Jude Fernandes"
                },
                {
                    "authorId": "2223974989",
                    "name": "Jeremy Fu"
                },
                {
                    "authorId": "2223742000",
                    "name": "Wenyin Fu"
                },
                {
                    "authorId": "2223748737",
                    "name": "Brian Fuller"
                },
                {
                    "authorId": "2107063269",
                    "name": "Cynthia Gao"
                },
                {
                    "authorId": "28554843",
                    "name": "Vedanuj Goswami"
                },
                {
                    "authorId": "39589154",
                    "name": "Naman Goyal"
                },
                {
                    "authorId": "4305645",
                    "name": "A. Hartshorn"
                },
                {
                    "authorId": "2195458",
                    "name": "Saghar Hosseini"
                },
                {
                    "authorId": "2132302721",
                    "name": "Rui Hou"
                },
                {
                    "authorId": "2065277797",
                    "name": "Hakan Inan"
                },
                {
                    "authorId": "2059886128",
                    "name": "Marcin Kardas"
                },
                {
                    "authorId": "2190957318",
                    "name": "Viktor Kerkez"
                },
                {
                    "authorId": "2072010",
                    "name": "Madian Khabsa"
                },
                {
                    "authorId": "2207049",
                    "name": "Isabel M. Kloumann"
                },
                {
                    "authorId": "2135297476",
                    "name": "A. Korenev"
                },
                {
                    "authorId": "2146367061",
                    "name": "Punit Singh Koura"
                },
                {
                    "authorId": "114952298",
                    "name": "Marie-Anne Lachaux"
                },
                {
                    "authorId": "46183616",
                    "name": "Thibaut Lavril"
                },
                {
                    "authorId": "2223749565",
                    "name": "Jenya Lee"
                },
                {
                    "authorId": "2145259939",
                    "name": "Diana Liskovich"
                },
                {
                    "authorId": "1768032",
                    "name": "Yinghai Lu"
                },
                {
                    "authorId": "3375249",
                    "name": "Yuning Mao"
                },
                {
                    "authorId": "1490887583",
                    "name": "Xavier Martinet"
                },
                {
                    "authorId": "39980906",
                    "name": "Todor Mihaylov"
                },
                {
                    "authorId": "3047561",
                    "name": "Pushkar Mishra"
                },
                {
                    "authorId": "2322981055",
                    "name": "Igor Molybog"
                },
                {
                    "authorId": "40383658",
                    "name": "Yixin Nie"
                },
                {
                    "authorId": "38579672",
                    "name": "Andrew Poulton"
                },
                {
                    "authorId": "39906022",
                    "name": "Jeremy Reizenstein"
                },
                {
                    "authorId": "150282885",
                    "name": "Rashi Rungta"
                },
                {
                    "authorId": "1859294",
                    "name": "Kalyan Saladi"
                },
                {
                    "authorId": "14279694",
                    "name": "Alan Schelten"
                },
                {
                    "authorId": "2214818043",
                    "name": "Ruan Silva"
                },
                {
                    "authorId": "51324296",
                    "name": "Eric Michael Smith"
                },
                {
                    "authorId": "2066074360",
                    "name": "R. Subramanian"
                },
                {
                    "authorId": "2112782199",
                    "name": "Xia Tan"
                },
                {
                    "authorId": "71292072",
                    "name": "Binh Tang"
                },
                {
                    "authorId": "2110697298",
                    "name": "Ross Taylor"
                },
                {
                    "authorId": "2110032535",
                    "name": "Adina Williams"
                },
                {
                    "authorId": "2223770369",
                    "name": "Jian Xiang Kuan"
                },
                {
                    "authorId": "2214843767",
                    "name": "Puxin Xu"
                },
                {
                    "authorId": "14701107",
                    "name": "Zhengxu Yan"
                },
                {
                    "authorId": "121929334",
                    "name": "Iliyan Zarov"
                },
                {
                    "authorId": "2108473229",
                    "name": "Yuchen Zhang"
                },
                {
                    "authorId": "144270981",
                    "name": "Angela Fan"
                },
                {
                    "authorId": "2165660870",
                    "name": "M. Kambadur"
                },
                {
                    "authorId": "46617804",
                    "name": "Sharan Narang"
                },
                {
                    "authorId": "2166043087",
                    "name": "Aur\u00e9lien Rodriguez"
                },
                {
                    "authorId": "1962768",
                    "name": "Robert Stojnic"
                },
                {
                    "authorId": "2068070",
                    "name": "Sergey Edunov"
                },
                {
                    "authorId": "2073456043",
                    "name": "Thomas Scialom"
                }
            ],
            "doi": null,
            "intent": [
                "background"
            ],
            "isInfluential": false,
            "paperId": "104b0bb1da562d53cbda87aec79ef6a2827d191a",
            "title": "Llama 2: Open Foundation and Fine-Tuned Chat Models",
            "url": "https://www.semanticscholar.org/paper/104b0bb1da562d53cbda87aec79ef6a2827d191a",
            "venue": "ArXiv",
            "year": 2023
        },
        {
            "arxivId": "2307.04172",
            "authors": [
                {
                    "authorId": "50397234",
                    "name": "Rao Ma"
                },
                {
                    "authorId": "10769548",
                    "name": "Mengjie Qian"
                },
                {
                    "authorId": "89355510",
                    "name": "Potsawee Manakul"
                },
                {
                    "authorId": "1740397",
                    "name": "M. Gales"
                },
                {
                    "authorId": "145962472",
                    "name": "K. Knill"
                }
            ],
            "doi": "10.48550/arXiv.2307.04172",
            "intent": [],
            "isInfluential": false,
            "paperId": "f52ea31e37c45e0de7ab4a5324d4d970479c110a",
            "title": "Can Generative Large Language Models Perform ASR Error Correction?",
            "url": "https://www.semanticscholar.org/paper/f52ea31e37c45e0de7ab4a5324d4d970479c110a",
            "venue": "ArXiv",
            "year": 2023
        },
        {
            "arxivId": "2303.00456",
            "authors": [
                {
                    "authorId": "50397234",
                    "name": "Rao Ma"
                },
                {
                    "authorId": "1740397",
                    "name": "M. Gales"
                },
                {
                    "authorId": "145962472",
                    "name": "K. Knill"
                },
                {
                    "authorId": "10769548",
                    "name": "Mengjie Qian"
                }
            ],
            "doi": "10.21437/Interspeech.2023-1616",
            "intent": [],
            "isInfluential": false,
            "paperId": "740b6c5c8c4ad4892a51bdc9da433f3177dbc6f3",
            "title": "N-best T5: Robust ASR Error Correction using Multiple Input Hypotheses and Constrained Decoding Space",
            "url": "https://www.semanticscholar.org/paper/740b6c5c8c4ad4892a51bdc9da433f3177dbc6f3",
            "venue": "INTERSPEECH",
            "year": 2023
        },
        {
            "arxivId": "2302.05040",
            "authors": [
                {
                    "authorId": "2144371164",
                    "name": "Zi Xuan Zhang"
                },
                {
                    "authorId": "2141311615",
                    "name": "Zhehui Wang"
                },
                {
                    "authorId": "108416867",
                    "name": "R. Kamma"
                },
                {
                    "authorId": "36868353",
                    "name": "S. Eswaran"
                },
                {
                    "authorId": "2074296975",
                    "name": "Narayanan Sadagopan"
                }
            ],
            "doi": "10.48550/arXiv.2302.05040",
            "intent": [
                "methodology"
            ],
            "isInfluential": false,
            "paperId": "54d3de259781262e586218dcf05a15cf67441987",
            "title": "PATCorrect: Non-autoregressive Phoneme-augmented Transformer for ASR Error Correction",
            "url": "https://www.semanticscholar.org/paper/54d3de259781262e586218dcf05a15cf67441987",
            "venue": "INTERSPEECH",
            "year": 2023
        },
        {
            "arxivId": "2212.04356",
            "authors": [
                {
                    "authorId": "38909097",
                    "name": "Alec Radford"
                },
                {
                    "authorId": "2110935237",
                    "name": "Jong Wook Kim"
                },
                {
                    "authorId": "2118717067",
                    "name": "Tao Xu"
                },
                {
                    "authorId": "2065151121",
                    "name": "Greg Brockman"
                },
                {
                    "authorId": "3028785",
                    "name": "C. McLeavey"
                },
                {
                    "authorId": "1701686",
                    "name": "I. Sutskever"
                }
            ],
            "doi": "10.48550/arXiv.2212.04356",
            "intent": [
                "methodology",
                "background"
            ],
            "isInfluential": false,
            "paperId": "a02fbaf22237a1aedacb1320b6007cd70c1fe6ec",
            "title": "Robust Speech Recognition via Large-Scale Weak Supervision",
            "url": "https://www.semanticscholar.org/paper/a02fbaf22237a1aedacb1320b6007cd70c1fe6ec",
            "venue": "ICML",
            "year": 2022
        },
        {
            "arxivId": null,
            "authors": [
                {
                    "authorId": "3386912",
                    "name": "Nilaksh Das"
                },
                {
                    "authorId": "1796272030",
                    "name": "Monica Sunkara"
                },
                {
                    "authorId": "93836311",
                    "name": "Dhanush Bekal"
                },
                {
                    "authorId": "1793506",
                    "name": "Duen Horng Chau"
                },
                {
                    "authorId": "40696276",
                    "name": "S. Bodapati"
                },
                {
                    "authorId": "1783839",
                    "name": "K. Kirchhoff"
                }
            ],
            "doi": "10.1109/icassp43922.2022.9746748",
            "intent": [
                "methodology",
                "background"
            ],
            "isInfluential": false,
            "paperId": "36d3533616b4bc26665b8ca8059bfdffbbf35ca0",
            "title": "Listen, Know and Spell: Knowledge-Infused Subword Modeling for Improving ASR Performance of OOV Named Entities",
            "url": "https://www.semanticscholar.org/paper/36d3533616b4bc26665b8ca8059bfdffbbf35ca0",
            "venue": "ICASSP 2022 - 2022 IEEE International Conference on Acoustics, Speech and Signal Processing (ICASSP)",
            "year": 2022
        },
        {
            "arxivId": "2203.15321",
            "authors": [
                {
                    "authorId": "2127381096",
                    "name": "Chen Chen"
                },
                {
                    "authorId": "35324425",
                    "name": "Nana Hou"
                },
                {
                    "authorId": "2112209120",
                    "name": "Yuchen Hu"
                },
                {
                    "authorId": "2160632127",
                    "name": "Shashank Shirol"
                },
                {
                    "authorId": "1742722",
                    "name": "Chng Eng Siong"
                }
            ],
            "doi": "10.48550/arXiv.2203.15321",
            "intent": [
                "background"
            ],
            "isInfluential": false,
            "paperId": "0b60c096c29894048638331f87dc6e9ec83694d0",
            "title": "Noise-Robust Speech Recognition With 10 Minutes Unparalleled In-Domain Data",
            "url": "https://www.semanticscholar.org/paper/0b60c096c29894048638331f87dc6e9ec83694d0",
            "venue": "ICASSP 2022 - 2022 IEEE International Conference on Acoustics, Speech and Signal Processing (ICASSP)",
            "year": 2022
        },
        {
            "arxivId": "2109.05092",
            "authors": [
                {
                    "authorId": "93836311",
                    "name": "Dhanush Bekal"
                },
                {
                    "authorId": "2052661789",
                    "name": "Ashish Shenoy"
                },
                {
                    "authorId": "1796272030",
                    "name": "Monica Sunkara"
                },
                {
                    "authorId": "40696276",
                    "name": "S. Bodapati"
                },
                {
                    "authorId": "1783839",
                    "name": "K. Kirchhoff"
                }
            ],
            "doi": "10.1109/ASRU51503.2021.9688109",
            "intent": [
                "background"
            ],
            "isInfluential": false,
            "paperId": "b1110a5aea67c467ab15c76adc8ef59a41b409da",
            "title": "Remember the Context! ASR Slot Error Correction Through Memorization",
            "url": "https://www.semanticscholar.org/paper/b1110a5aea67c467ab15c76adc8ef59a41b409da",
            "venue": "2021 IEEE Automatic Speech Recognition and Understanding Workshop (ASRU)",
            "year": 2021
        },
        {
            "arxivId": "2109.01754",
            "authors": [
                {
                    "authorId": "147887099",
                    "name": "Rakesh Chada"
                },
                {
                    "authorId": "49824581",
                    "name": "P. Natarajan"
                },
                {
                    "authorId": "2121339589",
                    "name": "Darshan Fofadiya"
                },
                {
                    "authorId": "2121359655",
                    "name": "Prathap Ramachandra"
                }
            ],
            "doi": "10.18653/v1/2021.findings-acl.44",
            "intent": [
                "methodology"
            ],
            "isInfluential": false,
            "paperId": "db899c6191e25818091d4bab1c2da88689554e7f",
            "title": "Error Detection in Large-Scale Natural Language Understanding Systems Using Transformer Models",
            "url": "https://www.semanticscholar.org/paper/db899c6191e25818091d4bab1c2da88689554e7f",
            "venue": "FINDINGS",
            "year": 2021
        },
        {
            "arxivId": "2106.09685",
            "authors": [
                {
                    "authorId": "2157840220",
                    "name": "J. E. Hu"
                },
                {
                    "authorId": "1752875",
                    "name": "Yelong Shen"
                },
                {
                    "authorId": "104100507",
                    "name": "Phillip Wallis"
                },
                {
                    "authorId": "1388725932",
                    "name": "Zeyuan Allen-Zhu"
                },
                {
                    "authorId": "2110486765",
                    "name": "Yuanzhi Li"
                },
                {
                    "authorId": "2135571585",
                    "name": "Shean Wang"
                },
                {
                    "authorId": "2109136147",
                    "name": "Weizhu Chen"
                }
            ],
            "doi": null,
            "intent": [
                "methodology"
            ],
            "isInfluential": false,
            "paperId": "a8ca46b171467ceb2d7652fbfb67fe701ad86092",
            "title": "LoRA: Low-Rank Adaptation of Large Language Models",
            "url": "https://www.semanticscholar.org/paper/a8ca46b171467ceb2d7652fbfb67fe701ad86092",
            "venue": "ICLR",
            "year": 2021
        },
        {
            "arxivId": "2106.06909",
            "authors": [
                {
                    "authorId": "2335354",
                    "name": "Guoguo Chen"
                },
                {
                    "authorId": "1576852409",
                    "name": "Shuzhou Chai"
                },
                {
                    "authorId": "4215230",
                    "name": "Guan-Bo Wang"
                },
                {
                    "authorId": "2111146120",
                    "name": "Jiayu Du"
                },
                {
                    "authorId": "50549927",
                    "name": "Weiqiang Zhang"
                },
                {
                    "authorId": "145350701",
                    "name": "Chao Weng"
                },
                {
                    "authorId": "144610227",
                    "name": "Dan Su"
                },
                {
                    "authorId": "1792214",
                    "name": "Daniel Povey"
                },
                {
                    "authorId": "2587544",
                    "name": "J. Trmal"
                },
                {
                    "authorId": "2108792807",
                    "name": "Junbo Zhang"
                },
                {
                    "authorId": "1500648342",
                    "name": "Mingjie Jin"
                },
                {
                    "authorId": "2803071",
                    "name": "S. Khudanpur"
                },
                {
                    "authorId": "1746678",
                    "name": "Shinji Watanabe"
                },
                {
                    "authorId": "46250834",
                    "name": "Shuaijiang Zhao"
                },
                {
                    "authorId": "2143709440",
                    "name": "Wei Zou"
                },
                {
                    "authorId": "1898780",
                    "name": "Xiangang Li"
                },
                {
                    "authorId": "33219438",
                    "name": "Xuchen Yao"
                },
                {
                    "authorId": "2143454200",
                    "name": "Yongqing Wang"
                },
                {
                    "authorId": "2115657742",
                    "name": "Yujun Wang"
                },
                {
                    "authorId": "2062515476",
                    "name": "Zhao You"
                },
                {
                    "authorId": "2110155728",
                    "name": "Zhiyong Yan"
                }
            ],
            "doi": "10.21437/interspeech.2021-1965",
            "intent": [
                "methodology"
            ],
            "isInfluential": false,
            "paperId": "6f1ca0249eafa36a5762ac53f6ba2a4ee2133456",
            "title": "GigaSpeech: An Evolving, Multi-domain ASR Corpus with 10, 000 Hours of Transcribed Audio",
            "url": "https://www.semanticscholar.org/paper/6f1ca0249eafa36a5762ac53f6ba2a4ee2133456",
            "venue": "Interspeech",
            "year": 2021
        },
        {
            "arxivId": "2106.01064",
            "authors": [
                {
                    "authorId": "18417916",
                    "name": "S. Syed"
                },
                {
                    "authorId": "2065425673",
                    "name": "Khalid Al-Khatib"
                },
                {
                    "authorId": "2300829",
                    "name": "Milad Alshomary"
                },
                {
                    "authorId": "2626599",
                    "name": "Henning Wachsmuth"
                },
                {
                    "authorId": "3046200",
                    "name": "Martin Potthast"
                }
            ],
            "doi": "10.18653/v1/2021.findings-acl.306",
            "intent": [
                "background"
            ],
            "isInfluential": false,
            "paperId": "4b905b2577962362764d263460034513f417c49e",
            "title": "Generating Informative Conclusions for Argumentative Texts",
            "url": "https://www.semanticscholar.org/paper/4b905b2577962362764d263460034513f417c49e",
            "venue": "FINDINGS",
            "year": 2021
        },
        {
            "arxivId": "2104.02014",
            "authors": [
                {
                    "authorId": "2060090062",
                    "name": "Patrick K. O\u2019Neill"
                },
                {
                    "authorId": "46200473",
                    "name": "Vitaly Lavrukhin"
                },
                {
                    "authorId": "9099952",
                    "name": "Somshubra Majumdar"
                },
                {
                    "authorId": "2353998",
                    "name": "V. Noroozi"
                },
                {
                    "authorId": "2145914344",
                    "name": "Yuekai Zhang"
                },
                {
                    "authorId": "2787022",
                    "name": "Oleksii Kuchaiev"
                },
                {
                    "authorId": "2494510",
                    "name": "Jagadeesh Balam"
                },
                {
                    "authorId": "2099050974",
                    "name": "Yuliya Dovzhenko"
                },
                {
                    "authorId": "2064613108",
                    "name": "Keenan Freyberg"
                },
                {
                    "authorId": "2064976071",
                    "name": "Michael D. Shulman"
                },
                {
                    "authorId": "31963005",
                    "name": "Boris Ginsburg"
                },
                {
                    "authorId": "1746678",
                    "name": "Shinji Watanabe"
                },
                {
                    "authorId": "4301543",
                    "name": "G. Kucsko"
                }
            ],
            "doi": "10.21437/interspeech.2021-1860",
            "intent": [
                "methodology"
            ],
            "isInfluential": false,
            "paperId": "ca201db9980e49647feedf39eb30b19f074bf68a",
            "title": "SPGISpeech: 5, 000 hours of transcribed financial audio for fully formatted end-to-end speech recognition",
            "url": "https://www.semanticscholar.org/paper/ca201db9980e49647feedf39eb30b19f074bf68a",
            "venue": "Interspeech",
            "year": 2021
        },
        {
            "arxivId": "2101.00390",
            "authors": [
                {
                    "authorId": "20132361",
                    "name": "Changhan Wang"
                },
                {
                    "authorId": "46928736",
                    "name": "M. Rivi\u00e8re"
                },
                {
                    "authorId": "145732777",
                    "name": "Ann Lee"
                },
                {
                    "authorId": "2075410398",
                    "name": "Anne Wu"
                },
                {
                    "authorId": "2877071",
                    "name": "Chaitanya Talnikar"
                },
                {
                    "authorId": "40864100",
                    "name": "Daniel Haziza"
                },
                {
                    "authorId": "2066769956",
                    "name": "Mary Williamson"
                },
                {
                    "authorId": "145503806",
                    "name": "J. Pino"
                },
                {
                    "authorId": "2202008",
                    "name": "Emmanuel Dupoux"
                }
            ],
            "doi": "10.18653/v1/2021.acl-long.80",
            "intent": [
                "methodology"
            ],
            "isInfluential": true,
            "paperId": "6da74c5b1b3cffc236c4b2d75ac46b767f327e62",
            "title": "VoxPopuli: A Large-Scale Multilingual Speech Corpus for Representation Learning, Semi-Supervised Learning and Interpretation",
            "url": "https://www.semanticscholar.org/paper/6da74c5b1b3cffc236c4b2d75ac46b767f327e62",
            "venue": "ACL",
            "year": 2021
        },
        {
            "arxivId": "2008.09036",
            "authors": [
                {
                    "authorId": "2266692",
                    "name": "Benjamin Heinzerling"
                },
                {
                    "authorId": "3040648",
                    "name": "Kentaro Inui"
                }
            ],
            "doi": "10.18653/v1/2021.eacl-main.153",
            "intent": [
                "background"
            ],
            "isInfluential": false,
            "paperId": "51ae2c451a1a05293334a509b71c9c9e0377d35c",
            "title": "Language Models as Knowledge Bases: On Entity Representations, Storage Capacity, and Paraphrased Queries",
            "url": "https://www.semanticscholar.org/paper/51ae2c451a1a05293334a509b71c9c9e0377d35c",
            "venue": "EACL",
            "year": 2020
        },
        {
            "arxivId": null,
            "authors": [
                {
                    "authorId": "24040678",
                    "name": "S. Latif"
                },
                {
                    "authorId": "1734917",
                    "name": "Junaid Qadir"
                },
                {
                    "authorId": "9514351",
                    "name": "A. Qayyum"
                },
                {
                    "authorId": "145474282",
                    "name": "Muhammad Usama"
                },
                {
                    "authorId": "9558148",
                    "name": "Shahzad Younis"
                }
            ],
            "doi": "10.1109/RBME.2020.3006860",
            "intent": [
                "background"
            ],
            "isInfluential": false,
            "paperId": "f2b3364ff526424c401135d97e9f3f5900fa6530",
            "title": "Speech Technology for Healthcare: Opportunities, Challenges, and State of the Art",
            "url": "https://www.semanticscholar.org/paper/f2b3364ff526424c401135d97e9f3f5900fa6530",
            "venue": "IEEE Reviews in Biomedical Engineering",
            "year": 2020
        },
        {
            "arxivId": "2006.05694",
            "authors": [
                {
                    "authorId": "2116959865",
                    "name": "Jiaqi Su"
                },
                {
                    "authorId": "2165582",
                    "name": "Zeyu Jin"
                },
                {
                    "authorId": "37737599",
                    "name": "Adam Finkelstein"
                }
            ],
            "doi": "10.21437/interspeech.2020-2143",
            "intent": [
                "methodology"
            ],
            "isInfluential": false,
            "paperId": "73f3c8da2e9ffd1efb372ef38fdf5767797aec63",
            "title": "HiFi-GAN: High-Fidelity Denoising and Dereverberation Based on Speech Deep Features in Adversarial Networks",
            "url": "https://www.semanticscholar.org/paper/73f3c8da2e9ffd1efb372ef38fdf5767797aec63",
            "venue": "INTERSPEECH",
            "year": 2020
        },
        {
            "arxivId": "2005.11401",
            "authors": [
                {
                    "authorId": "145222654",
                    "name": "Patrick Lewis"
                },
                {
                    "authorId": "3439053",
                    "name": "Ethan Perez"
                },
                {
                    "authorId": "1716179427",
                    "name": "Aleksandara Piktus"
                },
                {
                    "authorId": "40052301",
                    "name": "F. Petroni"
                },
                {
                    "authorId": "2067091563",
                    "name": "Vladimir Karpukhin"
                },
                {
                    "authorId": "39589154",
                    "name": "Naman Goyal"
                },
                {
                    "authorId": "103131985",
                    "name": "Heinrich Kuttler"
                },
                {
                    "authorId": "35084211",
                    "name": "M. Lewis"
                },
                {
                    "authorId": "144105277",
                    "name": "Wen-tau Yih"
                },
                {
                    "authorId": "2620211",
                    "name": "Tim Rockt\u00e4schel"
                },
                {
                    "authorId": "48662861",
                    "name": "Sebastian Riedel"
                },
                {
                    "authorId": "1743722",
                    "name": "Douwe Kiela"
                }
            ],
            "doi": null,
            "intent": [
                "methodology"
            ],
            "isInfluential": false,
            "paperId": "58ed1fbaabe027345f7bb3a6312d41c5aac63e22",
            "title": "Retrieval-Augmented Generation for Knowledge-Intensive NLP Tasks",
            "url": "https://www.semanticscholar.org/paper/58ed1fbaabe027345f7bb3a6312d41c5aac63e22",
            "venue": "NeurIPS",
            "year": 2020
        },
        {
            "arxivId": "1908.10084",
            "authors": [
                {
                    "authorId": "2959414",
                    "name": "Nils Reimers"
                },
                {
                    "authorId": "1730400",
                    "name": "Iryna Gurevych"
                }
            ],
            "doi": "10.18653/v1/D19-1410",
            "intent": [
                "methodology"
            ],
            "isInfluential": true,
            "paperId": "93d63ec754f29fa22572615320afe0521f7ec66d",
            "title": "Sentence-BERT: Sentence Embeddings using Siamese BERT-Networks",
            "url": "https://www.semanticscholar.org/paper/93d63ec754f29fa22572615320afe0521f7ec66d",
            "venue": "EMNLP",
            "year": 2019
        },
        {
            "arxivId": "1807.10857",
            "authors": [
                {
                    "authorId": "2634203",
                    "name": "Shubham Toshniwal"
                },
                {
                    "authorId": "31801501",
                    "name": "Anjuli Kannan"
                },
                {
                    "authorId": "145039780",
                    "name": "Chung-Cheng Chiu"
                },
                {
                    "authorId": "48607963",
                    "name": "Yonghui Wu"
                },
                {
                    "authorId": "1784851",
                    "name": "Tara N. Sainath"
                },
                {
                    "authorId": "2924113",
                    "name": "Karen Livescu"
                }
            ],
            "doi": "10.1109/SLT.2018.8639038",
            "intent": [
                "methodology"
            ],
            "isInfluential": false,
            "paperId": "da4b7f47d0d9c4d46740cdd6fb712c6a87c10db3",
            "title": "A Comparison of Techniques for Language Model Integration in Encoder-Decoder Speech Recognition",
            "url": "https://www.semanticscholar.org/paper/da4b7f47d0d9c4d46740cdd6fb712c6a87c10db3",
            "venue": "2018 IEEE Spoken Language Technology Workshop (SLT)",
            "year": 2018
        },
        {
            "arxivId": "1804.00015",
            "authors": [
                {
                    "authorId": "1746678",
                    "name": "Shinji Watanabe"
                },
                {
                    "authorId": "145443186",
                    "name": "Takaaki Hori"
                },
                {
                    "authorId": "39678391",
                    "name": "Shigeki Karita"
                },
                {
                    "authorId": "3326124",
                    "name": "Tomoki Hayashi"
                },
                {
                    "authorId": "134196908",
                    "name": "Jiro Nishitoba"
                },
                {
                    "authorId": "40939427",
                    "name": "Y. Unno"
                },
                {
                    "authorId": "9694913",
                    "name": "Nelson Yalta"
                },
                {
                    "authorId": "25006055",
                    "name": "Jahn Heymann"
                },
                {
                    "authorId": "1500652334",
                    "name": "Matthew Wiesner"
                },
                {
                    "authorId": "34507928",
                    "name": "Nanxin Chen"
                },
                {
                    "authorId": "3286437",
                    "name": "Adithya Renduchintala"
                },
                {
                    "authorId": "3038673",
                    "name": "Tsubasa Ochiai"
                }
            ],
            "doi": "10.21437/Interspeech.2018-1456",
            "intent": [
                "methodology"
            ],
            "isInfluential": false,
            "paperId": "30f86d38f0660af5ea2e16d996434c72eee8c5ee",
            "title": "ESPnet: End-to-End Speech Processing Toolkit",
            "url": "https://www.semanticscholar.org/paper/30f86d38f0660af5ea2e16d996434c72eee8c5ee",
            "venue": "INTERSPEECH",
            "year": 2018
        },
        {
            "arxivId": "1712.01996",
            "authors": [
                {
                    "authorId": "31801501",
                    "name": "Anjuli Kannan"
                },
                {
                    "authorId": "48607963",
                    "name": "Yonghui Wu"
                },
                {
                    "authorId": "14902530",
                    "name": "Patrick Nguyen"
                },
                {
                    "authorId": "1784851",
                    "name": "Tara N. Sainath"
                },
                {
                    "authorId": "2545358",
                    "name": "Z. Chen"
                },
                {
                    "authorId": "2557391",
                    "name": "Rohit Prabhavalkar"
                }
            ],
            "doi": "10.1109/ICASSP.2018.8462682",
            "intent": [
                "methodology"
            ],
            "isInfluential": false,
            "paperId": "478d6102a2df86b0f4e69e398f96619312ecdc8c",
            "title": "An Analysis of Incorporating an External Language Model into a Sequence-to-Sequence Model",
            "url": "https://www.semanticscholar.org/paper/478d6102a2df86b0f4e69e398f96619312ecdc8c",
            "venue": "2018 IEEE International Conference on Acoustics, Speech and Signal Processing (ICASSP)",
            "year": 2017
        },
        {
            "arxivId": null,
            "authors": [
                {
                    "authorId": "39318309",
                    "name": "Daniela Caballero"
                },
                {
                    "authorId": "40342233",
                    "name": "R. Araya"
                },
                {
                    "authorId": "24057183",
                    "name": "Hanna Kronholm"
                },
                {
                    "authorId": "24055941",
                    "name": "J. Viiri"
                },
                {
                    "authorId": "3304808",
                    "name": "Andr\u00e9 Mansikkaniemi"
                },
                {
                    "authorId": "24043865",
                    "name": "Sami Lehesvuori"
                },
                {
                    "authorId": "1684454",
                    "name": "Tuomas Virtanen"
                },
                {
                    "authorId": "1719346",
                    "name": "M. Kurimo"
                }
            ],
            "doi": "10.1007/978-3-319-66610-5_58",
            "intent": [
                "background"
            ],
            "isInfluential": false,
            "paperId": "b3036ac16afa2b970cab032a4c1dcee2b9bd6b44",
            "title": "ASR in Classroom Today: Automatic Visualization of Conceptual Network in Science Classrooms",
            "url": "https://www.semanticscholar.org/paper/b3036ac16afa2b970cab032a4c1dcee2b9bd6b44",
            "venue": "EC-TEL",
            "year": 2017
        },
        {
            "arxivId": null,
            "authors": [
                {
                    "authorId": "152319568",
                    "name": "Jinyu Li"
                },
                {
                    "authorId": "144718788",
                    "name": "L. Deng"
                },
                {
                    "authorId": "1405500402",
                    "name": "R. Haeb-Umbach"
                },
                {
                    "authorId": "1777280",
                    "name": "Y. Gong"
                }
            ],
            "doi": "10.1016/c2014-0-02251-4",
            "intent": [
                "background"
            ],
            "isInfluential": false,
            "paperId": "be3e536f406c9433d11cc9ccb4e1c02a0ad43042",
            "title": "Robust automatic speech recognition : a bridge to practical application",
            "url": "https://www.semanticscholar.org/paper/be3e536f406c9433d11cc9ccb4e1c02a0ad43042",
            "venue": "",
            "year": 2015
        },
        {
            "arxivId": null,
            "authors": [
                {
                    "authorId": "2150714",
                    "name": "Vassil Panayotov"
                },
                {
                    "authorId": "2335354",
                    "name": "Guoguo Chen"
                },
                {
                    "authorId": "1792214",
                    "name": "Daniel Povey"
                },
                {
                    "authorId": "2803071",
                    "name": "S. Khudanpur"
                }
            ],
            "doi": "10.1109/ICASSP.2015.7178964",
            "intent": [
                "methodology"
            ],
            "isInfluential": false,
            "paperId": "34038d9424ce602d7ac917a4e582d977725d4393",
            "title": "Librispeech: An ASR corpus based on public domain audio books",
            "url": "https://www.semanticscholar.org/paper/34038d9424ce602d7ac917a4e582d977725d4393",
            "venue": "2015 IEEE International Conference on Acoustics, Speech and Signal Processing (ICASSP)",
            "year": 2015
        },
        {
            "arxivId": null,
            "authors": [
                {
                    "authorId": "34812618",
                    "name": "Anthony Rousseau"
                },
                {
                    "authorId": "1682046",
                    "name": "P. Del\u00e9glise"
                },
                {
                    "authorId": "1736665",
                    "name": "Y. Est\u00e8ve"
                }
            ],
            "doi": null,
            "intent": [
                "methodology"
            ],
            "isInfluential": false,
            "paperId": "1e0b8416b9d2afb9b1ef87557958ef964cb4472b",
            "title": "TED-LIUM: an Automatic Speech Recognition dedicated corpus",
            "url": "https://www.semanticscholar.org/paper/1e0b8416b9d2afb9b1ef87557958ef964cb4472b",
            "venue": "LREC",
            "year": 2012
        },
        {
            "arxivId": null,
            "authors": [
                {
                    "authorId": "1609468282",
                    "name": "Danni Liu"
                },
                {
                    "authorId": "2244618418",
                    "name": "Jan Niehues"
                }
            ],
            "doi": "10.18653/v1/2024.iwslt-1.29",
            "intent": [
                "background"
            ],
            "isInfluential": false,
            "paperId": "6ffe2ee01c905d9fe314df496ab8f8d2621c4454",
            "title": "Recent Highlights in Multilingual and Multimodal Speech Translation",
            "url": "https://www.semanticscholar.org/paper/6ffe2ee01c905d9fe314df496ab8f8d2621c4454",
            "venue": "IWSLT",
            "year": 2024
        },
        {
            "arxivId": null,
            "authors": [
                {
                    "authorId": "2202297058",
                    "name": "Peeyush Singhal"
                },
                {
                    "authorId": "30744258",
                    "name": "Rahee Walambe"
                },
                {
                    "authorId": "2322366",
                    "name": "S. Ramanna"
                },
                {
                    "authorId": "1794896",
                    "name": "K. Kotecha"
                }
            ],
            "doi": "10.1109/ACCESS.2023.3237025",
            "intent": [
                "background"
            ],
            "isInfluential": false,
            "paperId": "45682ab07edcd5eea200084ea7346d657607f852",
            "title": "Domain Adaptation: Challenges, Methods, Datasets, and Applications",
            "url": "https://www.semanticscholar.org/paper/45682ab07edcd5eea200084ea7346d657607f852",
            "venue": "IEEE Access",
            "year": 2023
        },
        {
            "arxivId": null,
            "authors": [
                {
                    "authorId": "2223433867",
                    "name": "Tu\u011ftekin Turan"
                },
                {
                    "authorId": "2561225",
                    "name": "D. Klakow"
                },
                {
                    "authorId": "1692147",
                    "name": "E. Vincent"
                },
                {
                    "authorId": "1735696",
                    "name": "D. Jouvet"
                }
            ],
            "doi": null,
            "intent": [
                "background"
            ],
            "isInfluential": false,
            "paperId": "2a1d8699959272be22cb8af33c4d6cf2eb081baa",
            "title": "Adapting Language Models When Training on Privacy-Transformed Data",
            "url": "https://www.semanticscholar.org/paper/2a1d8699959272be22cb8af33c4d6cf2eb081baa",
            "venue": "LREC",
            "year": 2022
        },
        {
            "arxivId": null,
            "authors": [
                {
                    "authorId": "35512065",
                    "name": "Joachim Van den Bogaert"
                },
                {
                    "authorId": "21119345",
                    "name": "Laurens Meeus"
                },
                {
                    "authorId": "1870039174",
                    "name": "Alina Kramchaninova"
                },
                {
                    "authorId": "5284512",
                    "name": "Arne Defauw"
                },
                {
                    "authorId": "119902318",
                    "name": "Sara Szoc"
                },
                {
                    "authorId": "1381330735",
                    "name": "Frederic Everaert"
                },
                {
                    "authorId": "1381330852",
                    "name": "Koen Van Winckel"
                },
                {
                    "authorId": "1381330820",
                    "name": "Anna Bardadym"
                },
                {
                    "authorId": "3161494",
                    "name": "T. Vanallemeersch"
                }
            ],
            "doi": null,
            "intent": [
                "background"
            ],
            "isInfluential": false,
            "paperId": "9b196e49319e8e574e351ed86504656892a3f896",
            "title": "Automatically extracting the semantic network out of public services to support cities becoming Smart Cities",
            "url": "https://www.semanticscholar.org/paper/9b196e49319e8e574e351ed86504656892a3f896",
            "venue": "EAMT",
            "year": 2022
        }
    ],
    "s2FieldsOfStudy": [
        {
            "category": "Computer Science",
            "source": "external"
        },
        {
            "category": "Engineering",
            "source": "external"
        },
        {
            "category": "Computer Science",
            "source": "s2-fos-model"
        }
    ],
    "title": "Failing Forward: Improving Generative Error Correction for ASR with Synthetic Data and Retrieval Augmentation",
    "topics": [],
    "url": "https://www.semanticscholar.org/paper/7468a76f715ca70a50aceb15c0aa297a50c775ea",
    "venue": "arXiv.org",
    "year": 2024
}