{
    "abstract": "Retrieval Augmented Generation (RAG) is increasingly being used when building Generative AI applications. Evaluating these applications and RAG pipelines is mostly done manually, via a trial and error process. Automating evaluation of RAG pipelines requires overcoming challenges such as context misunderstanding, wrong format, incorrect specificity, and missing content. Prior works therefore focused on improving evaluation metrics as well as enhancing components within the pipeline using available question and answer datasets. However, they have not focused on 1) providing a schema for capturing different types of question-answer pairs or 2) creating a set of templates for generating question-answer pairs that can support automation of RAG pipeline evaluation. In this paper, we present a technique for generating variations in question-answer pairs to trigger failures in RAG pipelines. We validate 5 open-source RAG pipelines using 3 datasets. Our approach revealed the highest failure rates when prompts combine multiple questions: 91% for questions when spanning multiple documents and 78% for questions from a single document; indicating a need for developers to prioritise handling these combined questions. 60% failure rate was observed in academic domain dataset and 53% and 62% failure rates were observed in open-domain datasets. Our automated approach outperforms the existing state-of-the-art methods, by increasing the failure rate by 51% on average per dataset. Our work presents an automated approach for continuously monitoring the health of RAG pipelines, which can be integrated into existing CI/CD pipelines, allowing for improved quality.",
    "arxivId": "2409.19019",
    "authors": [
        {
            "authorId": "2141777704",
            "name": "Shangeetha Sivasothy",
            "url": "https://www.semanticscholar.org/author/2141777704"
        },
        {
            "authorId": "2279752649",
            "name": "Scott Barnett",
            "url": "https://www.semanticscholar.org/author/2279752649"
        },
        {
            "authorId": "2266469333",
            "name": "Stefanus Kurniawan",
            "url": "https://www.semanticscholar.org/author/2266469333"
        },
        {
            "authorId": "1491749731",
            "name": "Zafaryab Rasool",
            "url": "https://www.semanticscholar.org/author/1491749731"
        },
        {
            "authorId": "2266054873",
            "name": "Rajesh Vasa",
            "url": "https://www.semanticscholar.org/author/2266054873"
        }
    ],
    "citationVelocity": 0,
    "citations": [],
    "corpusId": 272986654,
    "doi": "10.48550/arXiv.2409.19019",
    "fieldsOfStudy": [
        "Computer Science"
    ],
    "influentialCitationCount": 0,
    "isOpenAccess": false,
    "isPublisherLicensed": true,
    "is_open_access": false,
    "is_publisher_licensed": true,
    "numCitedBy": 0,
    "numCiting": 35,
    "paperId": "917cef7bf9841044af50f4bdd75db057aba1aed9",
    "references": [
        {
            "arxivId": "2404.17347",
            "authors": [
                {
                    "authorId": "3468202",
                    "name": "Kshitij P. Fadnis"
                },
                {
                    "authorId": "2298938126",
                    "name": "Siva Sankalp Patel"
                },
                {
                    "authorId": "1997603",
                    "name": "O. Boni"
                },
                {
                    "authorId": "2114890014",
                    "name": "Yannis Katsis"
                },
                {
                    "authorId": "144063596",
                    "name": "Sara Rosenthal"
                },
                {
                    "authorId": "2298756560",
                    "name": "Benjamin Sznajder"
                },
                {
                    "authorId": "1994333",
                    "name": "Marina Danilevsky"
                }
            ],
            "doi": "10.48550/arXiv.2404.17347",
            "intent": [
                "background"
            ],
            "isInfluential": true,
            "paperId": "9aac23b61414400493c2dcf95d7dc7a5a4e3b068",
            "title": "InspectorRAGet: An Introspection Platform for RAG Evaluation",
            "url": "https://www.semanticscholar.org/paper/9aac23b61414400493c2dcf95d7dc7a5a4e3b068",
            "venue": "ArXiv",
            "year": 2024
        },
        {
            "arxivId": "2404.02103",
            "authors": [
                {
                    "authorId": "144063596",
                    "name": "Sara Rosenthal"
                },
                {
                    "authorId": "2707234",
                    "name": "Avirup Sil"
                },
                {
                    "authorId": "2261287685",
                    "name": "Radu Florian"
                },
                {
                    "authorId": "1781292",
                    "name": "S. Roukos"
                }
            ],
            "doi": "10.48550/arXiv.2404.02103",
            "intent": [
                "background"
            ],
            "isInfluential": false,
            "paperId": "62390c0002c6de5e9252e12e2eec2e78ebc1c3d4",
            "title": "CLAPNQ: Cohesive Long-form Answers from Passages in Natural Questions for RAG systems",
            "url": "https://www.semanticscholar.org/paper/62390c0002c6de5e9252e12e2eec2e78ebc1c3d4",
            "venue": "ArXiv",
            "year": 2024
        },
        {
            "arxivId": "2403.10131",
            "authors": [
                {
                    "authorId": "1993655237",
                    "name": "Tianjun Zhang"
                },
                {
                    "authorId": "2257979820",
                    "name": "Shishir G. Patil"
                },
                {
                    "authorId": "1646458461",
                    "name": "Naman Jain"
                },
                {
                    "authorId": "2191455",
                    "name": "Sheng Shen"
                },
                {
                    "authorId": "143834867",
                    "name": "M. Zaharia"
                },
                {
                    "authorId": "2055174324",
                    "name": "Ion Stoica"
                },
                {
                    "authorId": "2254681613",
                    "name": "Joseph E. Gonzalez"
                }
            ],
            "doi": "10.48550/arXiv.2403.10131",
            "intent": [
                "background"
            ],
            "isInfluential": false,
            "paperId": "fdefb6a9b51c742d71740d25a76973116a2e0893",
            "title": "RAFT: Adapting Language Model to Domain Specific RAG",
            "url": "https://www.semanticscholar.org/paper/fdefb6a9b51c742d71740d25a76973116a2e0893",
            "venue": "ArXiv",
            "year": 2024
        },
        {
            "arxivId": "2403.05676",
            "authors": [
                {
                    "authorId": "2288227983",
                    "name": "Wenqi Jiang"
                },
                {
                    "authorId": "1583098764",
                    "name": "Shuai Zhang"
                },
                {
                    "authorId": "2257285260",
                    "name": "Boran Han"
                },
                {
                    "authorId": "2290949154",
                    "name": "Jie Wang"
                },
                {
                    "authorId": "2290866430",
                    "name": "Bernie Wang"
                },
                {
                    "authorId": "2312328583",
                    "name": "Tim Kraska"
                }
            ],
            "doi": "10.48550/arXiv.2403.05676",
            "intent": [
                "background"
            ],
            "isInfluential": false,
            "paperId": "858cbd99d5a3d2658254d055cd26e06f81050927",
            "title": "PipeRAG: Fast Retrieval-Augmented Generation via Algorithm-System Co-design",
            "url": "https://www.semanticscholar.org/paper/858cbd99d5a3d2658254d055cd26e06f81050927",
            "venue": "ArXiv",
            "year": 2024
        },
        {
            "arxivId": "2402.09171",
            "authors": [
                {
                    "authorId": "3000736",
                    "name": "N. Alshahwan"
                },
                {
                    "authorId": "2284065831",
                    "name": "Jubin Chheda"
                },
                {
                    "authorId": "2310703720",
                    "name": "Anastasia Finogenova"
                },
                {
                    "authorId": "98314101",
                    "name": "Beliz Gokkaya"
                },
                {
                    "authorId": "2283135282",
                    "name": "Mark Harman"
                },
                {
                    "authorId": "2283136077",
                    "name": "Inna Harper"
                },
                {
                    "authorId": "2740715",
                    "name": "Alexandru Marginean"
                },
                {
                    "authorId": "2254257953",
                    "name": "Shubho Sengupta"
                },
                {
                    "authorId": "2283551705",
                    "name": "Eddy Wang"
                }
            ],
            "doi": "10.48550/arXiv.2402.09171",
            "intent": [
                "methodology"
            ],
            "isInfluential": false,
            "paperId": "ce4e101950554c41d3b35f5b297722abd1ce6403",
            "title": "Automated Unit Test Improvement using Large Language Models at Meta",
            "url": "https://www.semanticscholar.org/paper/ce4e101950554c41d3b35f5b297722abd1ce6403",
            "venue": "SIGSOFT FSE Companion",
            "year": 2024
        },
        {
            "arxivId": "2401.15391",
            "authors": [
                {
                    "authorId": "2260449655",
                    "name": "Yixuan Tang"
                },
                {
                    "authorId": "2246043972",
                    "name": "Yi Yang"
                }
            ],
            "doi": "10.48550/arXiv.2401.15391",
            "intent": [],
            "isInfluential": false,
            "paperId": "4e71624e90960cb003e311a0fe3b8be4c2863239",
            "title": "MultiHop-RAG: Benchmarking Retrieval-Augmented Generation for Multi-Hop Queries",
            "url": "https://www.semanticscholar.org/paper/4e71624e90960cb003e311a0fe3b8be4c2863239",
            "venue": "ArXiv",
            "year": 2024
        },
        {
            "arxivId": "2401.14887",
            "authors": [
                {
                    "authorId": "2281641042",
                    "name": "Florin Cuconasu"
                },
                {
                    "authorId": "120709579",
                    "name": "Giovanni Trappolini"
                },
                {
                    "authorId": "1752951302",
                    "name": "F. Siciliano"
                },
                {
                    "authorId": "2281640399",
                    "name": "Simone Filice"
                },
                {
                    "authorId": "2061745788",
                    "name": "Cesare Campagnano"
                },
                {
                    "authorId": "1781257",
                    "name": "Y. Maarek"
                },
                {
                    "authorId": "2281641625",
                    "name": "Nicola Tonellotto"
                },
                {
                    "authorId": "2276426254",
                    "name": "Fabrizio Silvestri"
                }
            ],
            "doi": "10.1145/3626772.3657834",
            "intent": [
                "background"
            ],
            "isInfluential": false,
            "paperId": "77179e5ff669452b9bea479a4236a6e2009ee422",
            "title": "The Power of Noise: Redefining Retrieval for RAG Systems",
            "url": "https://www.semanticscholar.org/paper/77179e5ff669452b9bea479a4236a6e2009ee422",
            "venue": "SIGIR",
            "year": 2024
        },
        {
            "arxivId": "2401.08406",
            "authors": [
                {
                    "authorId": "34938986",
                    "name": "M. A. D. L. Balaguer"
                },
                {
                    "authorId": "3456623",
                    "name": "Vinamra Benara"
                },
                {
                    "authorId": "2279752416",
                    "name": "Renato Luiz de Freitas Cunha"
                },
                {
                    "authorId": "2279750954",
                    "name": "Roberto de M. Estevao Filho"
                },
                {
                    "authorId": "2279749685",
                    "name": "Todd Hendry"
                },
                {
                    "authorId": "2279750514",
                    "name": "Daniel Holstein"
                },
                {
                    "authorId": "2279752770",
                    "name": "Jennifer Marsman"
                },
                {
                    "authorId": "2279750706",
                    "name": "Nick Mecklenburg"
                },
                {
                    "authorId": "145707932",
                    "name": "S. Malvar"
                },
                {
                    "authorId": "2256989583",
                    "name": "Leonardo Nunes"
                },
                {
                    "authorId": "2279548480",
                    "name": "Rafael Padilha"
                },
                {
                    "authorId": "2279750745",
                    "name": "Morris Sharp"
                },
                {
                    "authorId": "2257019569",
                    "name": "B. Silva"
                },
                {
                    "authorId": "2279667352",
                    "name": "Swati Sharma"
                },
                {
                    "authorId": "2257349985",
                    "name": "Vijay Aski"
                },
                {
                    "authorId": "2256993742",
                    "name": "Ranveer Chandra"
                }
            ],
            "doi": "10.48550/arXiv.2401.08406",
            "intent": [
                "background"
            ],
            "isInfluential": false,
            "paperId": "fef0393e997ec51b184e39c712be63197d99fd46",
            "title": "RAG vs Fine-tuning: Pipelines, Tradeoffs, and a Case Study on Agriculture",
            "url": "https://www.semanticscholar.org/paper/fef0393e997ec51b184e39c712be63197d99fd46",
            "venue": "ArXiv",
            "year": 2024
        },
        {
            "arxivId": "2401.05856",
            "authors": [
                {
                    "authorId": "2052845461",
                    "name": "Scott Barnett"
                },
                {
                    "authorId": "2266469333",
                    "name": "Stefanus Kurniawan"
                },
                {
                    "authorId": "2257020336",
                    "name": "Srikanth Thudumu"
                },
                {
                    "authorId": "2279020735",
                    "name": "Zach Brannelly"
                },
                {
                    "authorId": "47505933",
                    "name": "Mohamed Abdelrazek"
                }
            ],
            "doi": "10.1145/3644815.3644945",
            "intent": [
                "background"
            ],
            "isInfluential": false,
            "paperId": "ba454ba8c594dfb86c25dff2e265c8a2686aa037",
            "title": "Seven Failure Points When Engineering a Retrieval Augmented Generation System",
            "url": "https://www.semanticscholar.org/paper/ba454ba8c594dfb86c25dff2e265c8a2686aa037",
            "venue": "2024 IEEE/ACM 3rd International Conference on AI Engineering \u2013 Software Engineering for AI (CAIN)",
            "year": 2024
        },
        {
            "arxivId": "2312.10997",
            "authors": [
                {
                    "authorId": "2280046531",
                    "name": "Yunfan Gao"
                },
                {
                    "authorId": "2275320371",
                    "name": "Yun Xiong"
                },
                {
                    "authorId": "2275341478",
                    "name": "Xinyu Gao"
                },
                {
                    "authorId": "2275191447",
                    "name": "Kangxiang Jia"
                },
                {
                    "authorId": "2275530552",
                    "name": "Jinliu Pan"
                },
                {
                    "authorId": "2275171009",
                    "name": "Yuxi Bi"
                },
                {
                    "authorId": "2276187454",
                    "name": "Yi Dai"
                },
                {
                    "authorId": "2275540959",
                    "name": "Jiawei Sun"
                },
                {
                    "authorId": "2258800561",
                    "name": "Qianyu Guo"
                },
                {
                    "authorId": "2291409458",
                    "name": "Meng Wang"
                },
                {
                    "authorId": "2256769434",
                    "name": "Haofen Wang"
                }
            ],
            "doi": "10.48550/arXiv.2312.10997",
            "intent": [
                "background"
            ],
            "isInfluential": false,
            "paperId": "46f9f7b8f88f72e12cbdb21e3311f995eb6e65c5",
            "title": "Retrieval-Augmented Generation for Large Language Models: A Survey",
            "url": "https://www.semanticscholar.org/paper/46f9f7b8f88f72e12cbdb21e3311f995eb6e65c5",
            "venue": "ArXiv",
            "year": 2023
        },
        {
            "arxivId": "2311.07878",
            "authors": [
                {
                    "authorId": "1491749731",
                    "name": "Zafaryab Rasool"
                },
                {
                    "authorId": "2052845461",
                    "name": "Scott Barnett"
                },
                {
                    "authorId": "2266469333",
                    "name": "Stefanus Kurniawan"
                },
                {
                    "authorId": "2266469340",
                    "name": "Sherwin Balugo"
                },
                {
                    "authorId": "2266054873",
                    "name": "Rajesh Vasa"
                },
                {
                    "authorId": "2266469407",
                    "name": "Courtney Chesser"
                },
                {
                    "authorId": "1400951205",
                    "name": "Alex Bahar-Fuchs"
                }
            ],
            "doi": "10.48550/arXiv.2311.07878",
            "intent": [
                "methodology"
            ],
            "isInfluential": false,
            "paperId": "b3b314c2c60049a6006ae2e987e9cc3fafb2114c",
            "title": "Evaluating LLMs on Document-Based QA: Exact Answer Selection and Numerical Extraction using Cogtale dataset",
            "url": "https://www.semanticscholar.org/paper/b3b314c2c60049a6006ae2e987e9cc3fafb2114c",
            "venue": "Nat. Lang. Process. J.",
            "year": 2023
        },
        {
            "arxivId": "2310.07064",
            "authors": [
                {
                    "authorId": "9031926",
                    "name": "Zhaocheng Zhu"
                },
                {
                    "authorId": "2257628452",
                    "name": "Yuan Xue"
                },
                {
                    "authorId": "2238263119",
                    "name": "Xinyun Chen"
                },
                {
                    "authorId": "2256313467",
                    "name": "Denny Zhou"
                },
                {
                    "authorId": "2255480226",
                    "name": "Jian Tang"
                },
                {
                    "authorId": "50319359",
                    "name": "D. Schuurmans"
                },
                {
                    "authorId": "2257041187",
                    "name": "Hanjun Dai"
                }
            ],
            "doi": "10.48550/arXiv.2310.07064",
            "intent": [
                "background"
            ],
            "isInfluential": false,
            "paperId": "f014f0ea9867c2912e625b54d57713f1937d124f",
            "title": "Large Language Models can Learn Rules",
            "url": "https://www.semanticscholar.org/paper/f014f0ea9867c2912e625b54d57713f1937d124f",
            "venue": "ArXiv",
            "year": 2023
        },
        {
            "arxivId": "2305.13691",
            "authors": [
                {
                    "authorId": "46221498",
                    "name": "Mingda Chen"
                },
                {
                    "authorId": "1769736",
                    "name": "Xilun Chen"
                },
                {
                    "authorId": "2072801764",
                    "name": "Wen-tau Yih"
                }
            ],
            "doi": null,
            "intent": [
                "methodology"
            ],
            "isInfluential": false,
            "paperId": "d99d64cd270084a695aad34f0348af4fb966c9b5",
            "title": "Few-Shot Data Synthesis for Open Domain Multi-Hop Question Answering",
            "url": "https://www.semanticscholar.org/paper/d99d64cd270084a695aad34f0348af4fb966c9b5",
            "venue": "EACL",
            "year": 2023
        },
        {
            "arxivId": "2108.07258",
            "authors": [
                {
                    "authorId": "150272855",
                    "name": "Rishi Bommasani"
                },
                {
                    "authorId": "152951058",
                    "name": "Drew A. Hudson"
                },
                {
                    "authorId": "3419364",
                    "name": "E. Adeli"
                },
                {
                    "authorId": "2055661703",
                    "name": "R. Altman"
                },
                {
                    "authorId": "47038321",
                    "name": "Simran Arora"
                },
                {
                    "authorId": "1825243321",
                    "name": "Sydney von Arx"
                },
                {
                    "authorId": "145879842",
                    "name": "Michael S. Bernstein"
                },
                {
                    "authorId": "1775407",
                    "name": "Jeannette Bohg"
                },
                {
                    "authorId": "2691021",
                    "name": "Antoine Bosselut"
                },
                {
                    "authorId": "2563117",
                    "name": "E. Brunskill"
                },
                {
                    "authorId": "2841157",
                    "name": "Erik Brynjolfsson"
                },
                {
                    "authorId": "8983218",
                    "name": "S. Buch"
                },
                {
                    "authorId": "35540755",
                    "name": "Dallas Card"
                },
                {
                    "authorId": "2119294311",
                    "name": "Rodrigo Castellon"
                },
                {
                    "authorId": "22193324",
                    "name": "Niladri S. Chatterji"
                },
                {
                    "authorId": "2111073657",
                    "name": "Annie S. Chen"
                },
                {
                    "authorId": "1383066965",
                    "name": "Kathleen A. Creel"
                },
                {
                    "authorId": "29827891",
                    "name": "Jared Davis"
                },
                {
                    "authorId": "2123319430",
                    "name": "Dora Demszky"
                },
                {
                    "authorId": "1872307",
                    "name": "Chris Donahue"
                },
                {
                    "authorId": "2086066795",
                    "name": "M. Doumbouya"
                },
                {
                    "authorId": "41152329",
                    "name": "Esin Durmus"
                },
                {
                    "authorId": "2490652",
                    "name": "Stefano Ermon"
                },
                {
                    "authorId": "3141819",
                    "name": "J. Etchemendy"
                },
                {
                    "authorId": "10324691",
                    "name": "Kawin Ethayarajh"
                },
                {
                    "authorId": "1435579960",
                    "name": "L. Fei-Fei"
                },
                {
                    "authorId": "46881670",
                    "name": "Chelsea Finn"
                },
                {
                    "authorId": "2066558041",
                    "name": "Trevor Gale"
                },
                {
                    "authorId": "2059025041",
                    "name": "Lauren Gillespie"
                },
                {
                    "authorId": "1822288",
                    "name": "Karan Goel"
                },
                {
                    "authorId": "144002017",
                    "name": "Noah D. Goodman"
                },
                {
                    "authorId": "69487116",
                    "name": "S. Grossman"
                },
                {
                    "authorId": "2820009",
                    "name": "Neel Guha"
                },
                {
                    "authorId": "2117567142",
                    "name": "Tatsunori Hashimoto"
                },
                {
                    "authorId": "40068904",
                    "name": "Peter Henderson"
                },
                {
                    "authorId": "145430120",
                    "name": "John Hewitt"
                },
                {
                    "authorId": "2056459887",
                    "name": "Daniel E. Ho"
                },
                {
                    "authorId": "2110641422",
                    "name": "Jenny Hong"
                },
                {
                    "authorId": "32028215",
                    "name": "Kyle Hsu"
                },
                {
                    "authorId": "30768523",
                    "name": "Jing Huang"
                },
                {
                    "authorId": "8938047",
                    "name": "Thomas F. Icard"
                },
                {
                    "authorId": "2116998535",
                    "name": "Saahil Jain"
                },
                {
                    "authorId": "1746807",
                    "name": "Dan Jurafsky"
                },
                {
                    "authorId": "13014201",
                    "name": "Pratyusha Kalluri"
                },
                {
                    "authorId": "10737060",
                    "name": "Siddharth Karamcheti"
                },
                {
                    "authorId": "12604592",
                    "name": "G. Keeling"
                },
                {
                    "authorId": "3218675",
                    "name": "Fereshte Khani"
                },
                {
                    "authorId": "144112155",
                    "name": "O. Khattab"
                },
                {
                    "authorId": "2572525",
                    "name": "Pang Wei Koh"
                },
                {
                    "authorId": "2053832474",
                    "name": "M. Krass"
                },
                {
                    "authorId": "145237361",
                    "name": "Ranjay Krishna"
                },
                {
                    "authorId": "82787161",
                    "name": "Rohith Kuditipudi"
                },
                {
                    "authorId": "32423266",
                    "name": "Ananya Kumar"
                },
                {
                    "authorId": "8759332",
                    "name": "Faisal Ladhak"
                },
                {
                    "authorId": "49316195",
                    "name": "Mina Lee"
                },
                {
                    "authorId": "2110585783",
                    "name": "Tony Lee"
                },
                {
                    "authorId": "1702139",
                    "name": "J. Leskovec"
                },
                {
                    "authorId": "2123318613",
                    "name": "Isabelle Levent"
                },
                {
                    "authorId": "32551341",
                    "name": "Xiang Lisa Li"
                },
                {
                    "authorId": "2145429039",
                    "name": "Xuechen Li"
                },
                {
                    "authorId": "2114186424",
                    "name": "Tengyu Ma"
                },
                {
                    "authorId": "47938601",
                    "name": "Ali Malik"
                },
                {
                    "authorId": "144783904",
                    "name": "Christopher D. Manning"
                },
                {
                    "authorId": "2247302",
                    "name": "Suvir Mirchandani"
                },
                {
                    "authorId": "49688913",
                    "name": "E. Mitchell"
                },
                {
                    "authorId": "2123319428",
                    "name": "Zanele Munyikwa"
                },
                {
                    "authorId": "4734949",
                    "name": "Suraj Nair"
                },
                {
                    "authorId": "1381444249",
                    "name": "A. Narayan"
                },
                {
                    "authorId": "22252150",
                    "name": "D. Narayanan"
                },
                {
                    "authorId": "51149693",
                    "name": "Benjamin Newman"
                },
                {
                    "authorId": "21771052",
                    "name": "Allen Nie"
                },
                {
                    "authorId": "9200530",
                    "name": "Juan Carlos Niebles"
                },
                {
                    "authorId": "8791376",
                    "name": "H. Nilforoshan"
                },
                {
                    "authorId": "2091807392",
                    "name": "J. Nyarko"
                },
                {
                    "authorId": "2123320295",
                    "name": "Giray Ogut"
                },
                {
                    "authorId": "4773175",
                    "name": "Laurel J. Orr"
                },
                {
                    "authorId": "2085843465",
                    "name": "Isabel Papadimitriou"
                },
                {
                    "authorId": "2116649486",
                    "name": "J. Park"
                },
                {
                    "authorId": "2012749",
                    "name": "C. Piech"
                },
                {
                    "authorId": "2329377986",
                    "name": "Eva Portelance"
                },
                {
                    "authorId": "144922861",
                    "name": "Christopher Potts"
                },
                {
                    "authorId": "2655157",
                    "name": "Aditi Raghunathan"
                },
                {
                    "authorId": "145523471",
                    "name": "Robert Reich"
                },
                {
                    "authorId": "40046694",
                    "name": "Hongyu Ren"
                },
                {
                    "authorId": "2047004093",
                    "name": "Frieda Rong"
                },
                {
                    "authorId": "51285810",
                    "name": "Yusuf Roohani"
                },
                {
                    "authorId": "123463839",
                    "name": "Camilo Ruiz"
                },
                {
                    "authorId": "2004576551",
                    "name": "Jack Ryan"
                },
                {
                    "authorId": "2061444681",
                    "name": "Christopher R'e"
                },
                {
                    "authorId": "1779671",
                    "name": "Dorsa Sadigh"
                },
                {
                    "authorId": "2389237",
                    "name": "Shiori Sagawa"
                },
                {
                    "authorId": "50818255",
                    "name": "Keshav Santhanam"
                },
                {
                    "authorId": "145117953",
                    "name": "Andy Shih"
                },
                {
                    "authorId": "2093939303",
                    "name": "K. Srinivasan"
                },
                {
                    "authorId": "88726969",
                    "name": "Alex Tamkin"
                },
                {
                    "authorId": "46199305",
                    "name": "Rohan Taori"
                },
                {
                    "authorId": "81623398",
                    "name": "A. Thomas"
                },
                {
                    "authorId": "2444919",
                    "name": "Florian Tram\u00e8r"
                },
                {
                    "authorId": "2155890009",
                    "name": "Rose E. Wang"
                },
                {
                    "authorId": "2127971344",
                    "name": "William Wang"
                },
                {
                    "authorId": "95528042",
                    "name": "Bohan Wu"
                },
                {
                    "authorId": "3045089",
                    "name": "Jiajun Wu"
                },
                {
                    "authorId": "3374063",
                    "name": "Yuhuai Wu"
                },
                {
                    "authorId": "46215055",
                    "name": "Sang Michael Xie"
                },
                {
                    "authorId": "19168196",
                    "name": "Michihiro Yasunaga"
                },
                {
                    "authorId": "145829303",
                    "name": "Jiaxuan You"
                },
                {
                    "authorId": "143834867",
                    "name": "M. Zaharia"
                },
                {
                    "authorId": "2124860797",
                    "name": "Michael Zhang"
                },
                {
                    "authorId": "123437034",
                    "name": "Tianyi Zhang"
                },
                {
                    "authorId": "88342435",
                    "name": "Xikun Zhang"
                },
                {
                    "authorId": "49889860",
                    "name": "Yuhui Zhang"
                },
                {
                    "authorId": "2118604716",
                    "name": "Lucia Zheng"
                },
                {
                    "authorId": "3396547",
                    "name": "Kaitlyn Zhou"
                },
                {
                    "authorId": "145419642",
                    "name": "Percy Liang"
                }
            ],
            "doi": null,
            "intent": [
                "methodology"
            ],
            "isInfluential": false,
            "paperId": "76e9e2ec3de437ffb30d8b7b629f7fe3e61de5c2",
            "title": "On the Opportunities and Risks of Foundation Models",
            "url": "https://www.semanticscholar.org/paper/76e9e2ec3de437ffb30d8b7b629f7fe3e61de5c2",
            "venue": "ArXiv",
            "year": 2021
        },
        {
            "arxivId": "2106.11517",
            "authors": [
                {
                    "authorId": "51516859",
                    "name": "Shamane Siriwardhana"
                },
                {
                    "authorId": "52001535",
                    "name": "Rivindu Weerasekera"
                },
                {
                    "authorId": "2114425044",
                    "name": "Elliott Wen"
                },
                {
                    "authorId": "1486464114",
                    "name": "Suranga Nanayakkara"
                }
            ],
            "doi": null,
            "intent": [
                "background"
            ],
            "isInfluential": false,
            "paperId": "0768cacd594fe087a6187c5464770c3af6b66ee7",
            "title": "Fine-tune the Entire RAG Architecture (including DPR retriever) for Question-Answering",
            "url": "https://www.semanticscholar.org/paper/0768cacd594fe087a6187c5464770c3af6b66ee7",
            "venue": "ArXiv",
            "year": 2021
        },
        {
            "arxivId": "2009.08553",
            "authors": [
                {
                    "authorId": "3375249",
                    "name": "Yuning Mao"
                },
                {
                    "authorId": "2107782398",
                    "name": "Pengcheng He"
                },
                {
                    "authorId": "2108860856",
                    "name": "Xiaodong Liu"
                },
                {
                    "authorId": "1752875",
                    "name": "Yelong Shen"
                },
                {
                    "authorId": "1800422",
                    "name": "Jianfeng Gao"
                },
                {
                    "authorId": "153034701",
                    "name": "Jiawei Han"
                },
                {
                    "authorId": "2109136147",
                    "name": "Weizhu Chen"
                }
            ],
            "doi": "10.18653/v1/2021.acl-long.316",
            "intent": [
                "background"
            ],
            "isInfluential": false,
            "paperId": "a64fbcf815a4f7e4d8b2d97be86451dca0a10d2f",
            "title": "Generation-Augmented Retrieval for Open-Domain Question Answering",
            "url": "https://www.semanticscholar.org/paper/a64fbcf815a4f7e4d8b2d97be86451dca0a10d2f",
            "venue": "ACL",
            "year": 2020
        },
        {
            "arxivId": null,
            "authors": [
                {
                    "authorId": "15652489",
                    "name": "T. Kwiatkowski"
                },
                {
                    "authorId": "52578817",
                    "name": "J. Palomaki"
                },
                {
                    "authorId": "90784578",
                    "name": "Olivia Redfield"
                },
                {
                    "authorId": "123052390",
                    "name": "Michael Collins"
                },
                {
                    "authorId": "144729897",
                    "name": "Ankur P. Parikh"
                },
                {
                    "authorId": "114577307",
                    "name": "Chris Alberti"
                },
                {
                    "authorId": "153215783",
                    "name": "D. Epstein"
                },
                {
                    "authorId": "3443442",
                    "name": "Illia Polosukhin"
                },
                {
                    "authorId": "39172707",
                    "name": "Jacob Devlin"
                },
                {
                    "authorId": "2544107",
                    "name": "Kenton Lee"
                },
                {
                    "authorId": "3259253",
                    "name": "Kristina Toutanova"
                },
                {
                    "authorId": "145024664",
                    "name": "Llion Jones"
                },
                {
                    "authorId": "2554321",
                    "name": "Matthew Kelcey"
                },
                {
                    "authorId": "1744179",
                    "name": "Ming-Wei Chang"
                },
                {
                    "authorId": "2555924",
                    "name": "Andrew M. Dai"
                },
                {
                    "authorId": "39328010",
                    "name": "Jakob Uszkoreit"
                },
                {
                    "authorId": "2827616",
                    "name": "Quoc V. Le"
                },
                {
                    "authorId": "1754497",
                    "name": "Slav Petrov"
                }
            ],
            "doi": "10.1162/tacl_a_00276",
            "intent": [
                "methodology"
            ],
            "isInfluential": false,
            "paperId": "17dbd7b72029181327732e4d11b52a08ed4630d0",
            "title": "Natural Questions: A Benchmark for Question Answering Research",
            "url": "https://www.semanticscholar.org/paper/17dbd7b72029181327732e4d11b52a08ed4630d0",
            "venue": "TACL",
            "year": 2019
        },
        {
            "arxivId": "1611.09268",
            "authors": [
                {
                    "authorId": "144081089",
                    "name": "Daniel Fernando Campos"
                },
                {
                    "authorId": "2116109215",
                    "name": "Tri Nguyen"
                },
                {
                    "authorId": "40319105",
                    "name": "Mir Rosenberg"
                },
                {
                    "authorId": "50706785",
                    "name": "Xia Song"
                },
                {
                    "authorId": "1800422",
                    "name": "Jianfeng Gao"
                },
                {
                    "authorId": "40070335",
                    "name": "Saurabh Tiwary"
                },
                {
                    "authorId": "32431940",
                    "name": "Rangan Majumder"
                },
                {
                    "authorId": "144718788",
                    "name": "L. Deng"
                },
                {
                    "authorId": "116506812",
                    "name": "Bhaskar Mitra"
                }
            ],
            "doi": null,
            "intent": [
                "methodology"
            ],
            "isInfluential": false,
            "paperId": "dd95f96e3322dcaee9b1e3f7871ecc3ebcd51bfe",
            "title": "MS MARCO: A Human Generated MAchine Reading COmprehension Dataset",
            "url": "https://www.semanticscholar.org/paper/dd95f96e3322dcaee9b1e3f7871ecc3ebcd51bfe",
            "venue": "CoCo@NIPS",
            "year": 2016
        },
        {
            "arxivId": null,
            "authors": [
                {
                    "authorId": "2272783165",
                    "name": "Ronald H. Randles"
                }
            ],
            "doi": "10.1002/0471667196.ESS2935.PUB2",
            "intent": [
                "methodology"
            ],
            "isInfluential": false,
            "paperId": "7e6de4d7bc8f9a74e6ce6c6a9e781443e19abd9d",
            "title": "Wilcoxon Signed Rank Test",
            "url": "https://www.semanticscholar.org/paper/7e6de4d7bc8f9a74e6ce6c6a9e781443e19abd9d",
            "venue": "",
            "year": 2006
        }
    ],
    "s2FieldsOfStudy": [
        {
            "category": "Computer Science",
            "source": "external"
        },
        {
            "category": "Computer Science",
            "source": "s2-fos-model"
        }
    ],
    "title": "RAGProbe: An Automated Approach for Evaluating RAG Applications",
    "topics": [],
    "url": "https://www.semanticscholar.org/paper/917cef7bf9841044af50f4bdd75db057aba1aed9",
    "venue": "arXiv.org",
    "year": 2024
}