{
    "abstract": "Knowledge graphs (KGs) generated by large language models (LLMs) are becoming increasingly valuable for Retrieval-Augmented Generation (RAG) applications that require knowledge-intensive reasoning. However, existing KG extraction methods predominantly rely on prompt-based approaches, which are inefficient for processing large-scale corpora. These approaches often suffer from information loss, particularly with long documents, due to the lack of specialized design for KG construction. Additionally, there is a gap in evaluation datasets and methodologies for ontology-free KG construction. To overcome these limitations, we propose SynthKG, a multi-step, document-level ontology-free KG synthesis workflow based on LLMs. By fine-tuning a smaller LLM on the synthesized document-KG pairs, we streamline the multi-step process into a single-step KG generation approach called Distill-SynthKG, substantially reducing the number of LLM inference calls. Furthermore, we re-purpose existing question-answering datasets to establish KG evaluation datasets and introduce new evaluation metrics. Using KGs produced by Distill-SynthKG, we also design a novel graph-based retrieval framework for RAG. Experimental results demonstrate that Distill-SynthKG not only surpasses all baseline models in KG quality -- including models up to eight times larger -- but also consistently excels in retrieval and question-answering tasks. Our proposed graph retrieval framework also outperforms all KG-retrieval methods across multiple benchmark datasets. We release the SynthKG dataset and Distill-SynthKG model publicly to support further research and development.",
    "arxivId": "2410.16597",
    "authors": [
        {
            "authorId": "3466801",
            "name": "Prafulla Kumar Choubey",
            "url": "https://www.semanticscholar.org/author/3466801"
        },
        {
            "authorId": "2263587631",
            "name": "Xin Su",
            "url": "https://www.semanticscholar.org/author/2263587631"
        },
        {
            "authorId": "2309218122",
            "name": "Man Luo",
            "url": "https://www.semanticscholar.org/author/2309218122"
        },
        {
            "authorId": "2324805044",
            "name": "Xiangyu Peng",
            "url": "https://www.semanticscholar.org/author/2324805044"
        },
        {
            "authorId": "2266753302",
            "name": "Caiming Xiong",
            "url": "https://www.semanticscholar.org/author/2266753302"
        },
        {
            "authorId": "2249909984",
            "name": "Tiep Le",
            "url": "https://www.semanticscholar.org/author/2249909984"
        },
        {
            "authorId": "1992685069",
            "name": "Shachar Rosenman",
            "url": "https://www.semanticscholar.org/author/1992685069"
        },
        {
            "authorId": "2309247409",
            "name": "Vasudev Lal",
            "url": "https://www.semanticscholar.org/author/2309247409"
        },
        {
            "authorId": "2122258484",
            "name": "P. M\u00f9i",
            "url": "https://www.semanticscholar.org/author/2122258484"
        },
        {
            "authorId": "2327047843",
            "name": "Ricky Ho",
            "url": "https://www.semanticscholar.org/author/2327047843"
        },
        {
            "authorId": "2263959561",
            "name": "Phillip Howard",
            "url": "https://www.semanticscholar.org/author/2263959561"
        },
        {
            "authorId": "2267031643",
            "name": "Chien-Sheng Wu",
            "url": "https://www.semanticscholar.org/author/2267031643"
        }
    ],
    "citationVelocity": 0,
    "citations": [],
    "corpusId": 273507580,
    "doi": "10.48550/arXiv.2410.16597",
    "fieldsOfStudy": [
        "Computer Science"
    ],
    "influentialCitationCount": 0,
    "isOpenAccess": false,
    "isPublisherLicensed": true,
    "is_open_access": false,
    "is_publisher_licensed": true,
    "numCitedBy": 0,
    "numCiting": 30,
    "paperId": "73aa44579cb7c28d4287bf94645abc14318f03bd",
    "references": [
        {
            "arxivId": "2405.12035",
            "authors": [
                {
                    "authorId": "2302321748",
                    "name": "Diego Sanmartin"
                }
            ],
            "doi": "10.48550/arXiv.2405.12035",
            "intent": [],
            "isInfluential": false,
            "paperId": "26702869774950e03b10a3657bca0621aa0d8d07",
            "title": "KG-RAG: Bridging the Gap Between Knowledge and Creativity",
            "url": "https://www.semanticscholar.org/paper/26702869774950e03b10a3657bca0621aa0d8d07",
            "venue": "ArXiv",
            "year": 2024
        },
        {
            "arxivId": "2404.19146",
            "authors": [
                {
                    "authorId": "2299109396",
                    "name": "Linyi Ding"
                },
                {
                    "authorId": "2187778761",
                    "name": "Sizhe Zhou"
                },
                {
                    "authorId": "2259895758",
                    "name": "Jinfeng Xiao"
                },
                {
                    "authorId": "2259869646",
                    "name": "Jiawei Han"
                }
            ],
            "doi": "10.48550/arXiv.2404.19146",
            "intent": [],
            "isInfluential": false,
            "paperId": "7238be6ddad7a199aa160e7a2bb77291f299ee99",
            "title": "Automated Construction of Theme-specific Knowledge Graphs",
            "url": "https://www.semanticscholar.org/paper/7238be6ddad7a199aa160e7a2bb77291f299ee99",
            "venue": "ArXiv",
            "year": 2024
        },
        {
            "arxivId": "2404.17723",
            "authors": [
                {
                    "authorId": "2298963010",
                    "name": "Zhentao Xu"
                },
                {
                    "authorId": "2298950259",
                    "name": "Mark Jerome Cruz"
                },
                {
                    "authorId": "2298905096",
                    "name": "Matthew Guevara"
                },
                {
                    "authorId": "2298945918",
                    "name": "Tie Wang"
                },
                {
                    "authorId": "2298905834",
                    "name": "Manasi Deshpande"
                },
                {
                    "authorId": "2298932063",
                    "name": "Xiaofeng Wang"
                },
                {
                    "authorId": "2299007327",
                    "name": "Zheng Li"
                }
            ],
            "doi": "10.1145/3626772.3661370",
            "intent": [
                "background"
            ],
            "isInfluential": false,
            "paperId": "b708e0f49d8e9708bc649debd9a9372748fffa3d",
            "title": "Retrieval-Augmented Generation with Knowledge Graphs for Customer Service Question Answering",
            "url": "https://www.semanticscholar.org/paper/b708e0f49d8e9708bc649debd9a9372748fffa3d",
            "venue": "SIGIR",
            "year": 2024
        },
        {
            "arxivId": "2404.16130",
            "authors": [
                {
                    "authorId": "2298275009",
                    "name": "Darren Edge"
                },
                {
                    "authorId": "2213073417",
                    "name": "Ha Trinh"
                },
                {
                    "authorId": "2298273973",
                    "name": "Newman Cheng"
                },
                {
                    "authorId": "2298275805",
                    "name": "Joshua Bradley"
                },
                {
                    "authorId": "2298274563",
                    "name": "Alex Chao"
                },
                {
                    "authorId": "2210994342",
                    "name": "Apurva Mody"
                },
                {
                    "authorId": "2298273810",
                    "name": "Steven Truitt"
                },
                {
                    "authorId": "2298278846",
                    "name": "Jonathan Larson"
                }
            ],
            "doi": "10.48550/arXiv.2404.16130",
            "intent": [
                "background",
                "methodology"
            ],
            "isInfluential": true,
            "paperId": "c1799bf28d1ae93e1631be5b59196ee1e568f538",
            "title": "From Local to Global: A Graph RAG Approach to Query-Focused Summarization",
            "url": "https://www.semanticscholar.org/paper/c1799bf28d1ae93e1631be5b59196ee1e568f538",
            "venue": "ArXiv",
            "year": 2024
        },
        {
            "arxivId": "2401.13598",
            "authors": [
                {
                    "authorId": "2258678494",
                    "name": "Qi Sun"
                },
                {
                    "authorId": "2112706130",
                    "name": "Kun Huang"
                },
                {
                    "authorId": "2135971356",
                    "name": "Xiaocui Yang"
                },
                {
                    "authorId": "2280906554",
                    "name": "Rong Tong"
                },
                {
                    "authorId": "2217679552",
                    "name": "Kun Zhang"
                },
                {
                    "authorId": "1746416",
                    "name": "Soujanya Poria"
                }
            ],
            "doi": "10.1145/3589334.3645678",
            "intent": [],
            "isInfluential": false,
            "paperId": "1ee1f4dd35b8d78af8381a47e4d655856427f02f",
            "title": "Consistency Guided Knowledge Retrieval and Denoising in LLMs for Zero-shot Document-level Relation Triplet Extraction",
            "url": "https://www.semanticscholar.org/paper/1ee1f4dd35b8d78af8381a47e4d655856427f02f",
            "venue": "WWW",
            "year": 2024
        },
        {
            "arxivId": "2311.14740",
            "authors": [
                {
                    "authorId": "2152691135",
                    "name": "Bohan Chen"
                },
                {
                    "authorId": "2267332568",
                    "name": "Andrea L. Bertozzi"
                }
            ],
            "doi": "10.1109/BigData59044.2023.10386454",
            "intent": [],
            "isInfluential": false,
            "paperId": "33e82c122f325f61e07dc7b7573e83dd3754a35b",
            "title": "AutoKG: Efficient Automated Knowledge Graph Generation for Language Models",
            "url": "https://www.semanticscholar.org/paper/33e82c122f325f61e07dc7b7573e83dd3754a35b",
            "venue": "2023 IEEE International Conference on Big Data (BigData)",
            "year": 2023
        },
        {
            "arxivId": "2310.16040",
            "authors": [
                {
                    "authorId": "1381900594",
                    "name": "Yizhu Jiao"
                },
                {
                    "authorId": "1606040932",
                    "name": "Ming Zhong"
                },
                {
                    "authorId": "2263798673",
                    "name": "Sha Li"
                },
                {
                    "authorId": "2261459570",
                    "name": "Ruining Zhao"
                },
                {
                    "authorId": "2260339714",
                    "name": "Siru Ouyang"
                },
                {
                    "authorId": "2181650518",
                    "name": "Heng Ji"
                },
                {
                    "authorId": "2259869648",
                    "name": "Jiawei Han"
                }
            ],
            "doi": "10.48550/arXiv.2310.16040",
            "intent": [],
            "isInfluential": false,
            "paperId": "2967ab775f6cdabc6ab59010734f352dd3ebc8d6",
            "title": "Instruct and Extract: Instruction Tuning for On-Demand Information Extraction",
            "url": "https://www.semanticscholar.org/paper/2967ab775f6cdabc6ab59010734f352dd3ebc8d6",
            "venue": "EMNLP",
            "year": 2023
        },
        {
            "arxivId": "2309.06180",
            "authors": [
                {
                    "authorId": "2239096468",
                    "name": "Woosuk Kwon"
                },
                {
                    "authorId": "2141335450",
                    "name": "Zhuohan Li"
                },
                {
                    "authorId": "92721493",
                    "name": "Siyuan Zhuang"
                },
                {
                    "authorId": "2209360681",
                    "name": "Ying Sheng"
                },
                {
                    "authorId": "2149970173",
                    "name": "Lianmin Zheng"
                },
                {
                    "authorId": "2239168517",
                    "name": "Cody Hao Yu"
                },
                {
                    "authorId": "49988044",
                    "name": "Joseph E. Gonzalez"
                },
                {
                    "authorId": "145140331",
                    "name": "Haotong Zhang"
                },
                {
                    "authorId": "2055174324",
                    "name": "Ion Stoica"
                }
            ],
            "doi": "10.1145/3600006.3613165",
            "intent": [],
            "isInfluential": false,
            "paperId": "83b90f4a0ae4cc214eb3cc140ccfef9cd99fac05",
            "title": "Efficient Memory Management for Large Language Model Serving with PagedAttention",
            "url": "https://www.semanticscholar.org/paper/83b90f4a0ae4cc214eb3cc140ccfef9cd99fac05",
            "venue": "SOSP",
            "year": 2023
        },
        {
            "arxivId": "2308.02357",
            "authors": [
                {
                    "authorId": "2689774",
                    "name": "Nandana Mihindukulasooriya"
                },
                {
                    "authorId": "148152134",
                    "name": "S. Tiwari"
                },
                {
                    "authorId": "3162814",
                    "name": "Carlos F. Enguix"
                },
                {
                    "authorId": "2065138211",
                    "name": "K. Lata"
                }
            ],
            "doi": "10.48550/arXiv.2308.02357",
            "intent": [],
            "isInfluential": false,
            "paperId": "70a75b05a9410198fd71c3a0fe937a77d15d6bc8",
            "title": "Text2KGBench: A Benchmark for Ontology-Driven Knowledge Graph Generation from Text",
            "url": "https://www.semanticscholar.org/paper/70a75b05a9410198fd71c3a0fe937a77d15d6bc8",
            "venue": "SEMWEB",
            "year": 2023
        },
        {
            "arxivId": "2305.14314",
            "authors": [
                {
                    "authorId": "3239480",
                    "name": "Tim Dettmers"
                },
                {
                    "authorId": "51152502",
                    "name": "Artidoro Pagnoni"
                },
                {
                    "authorId": "14487640",
                    "name": "Ari Holtzman"
                },
                {
                    "authorId": "1982950",
                    "name": "Luke Zettlemoyer"
                }
            ],
            "doi": "10.48550/arXiv.2305.14314",
            "intent": [
                "methodology"
            ],
            "isInfluential": true,
            "paperId": "32ac52069e562d4f900afee70bdca63f53461481",
            "title": "QLoRA: Efficient Finetuning of Quantized LLMs",
            "url": "https://www.semanticscholar.org/paper/32ac52069e562d4f900afee70bdca63f53461481",
            "venue": "NeurIPS",
            "year": 2023
        },
        {
            "arxivId": "2305.12392",
            "authors": [
                {
                    "authorId": "2133405108",
                    "name": "Jiuzhou Han"
                },
                {
                    "authorId": "50638196",
                    "name": "Nigel Collier"
                },
                {
                    "authorId": "70219052",
                    "name": "Wray L. Buntine"
                },
                {
                    "authorId": "2888926",
                    "name": "Ehsan Shareghi"
                }
            ],
            "doi": "10.48550/arXiv.2305.12392",
            "intent": [],
            "isInfluential": false,
            "paperId": "c7ae496ae37b5c1fca5c0f7e277bc9356172efd1",
            "title": "PiVe: Prompting with Iterative Verification Improving Graph-based Generative Capability of LLMs",
            "url": "https://www.semanticscholar.org/paper/c7ae496ae37b5c1fca5c0f7e277bc9356172efd1",
            "venue": "ACL",
            "year": 2023
        },
        {
            "arxivId": "2305.11159",
            "authors": [
                {
                    "authorId": "145086492",
                    "name": "Kai Zhang"
                },
                {
                    "authorId": "1666169546",
                    "name": "Bernal Jimenez Gutierrez"
                },
                {
                    "authorId": "1758652",
                    "name": "Yu Su"
                }
            ],
            "doi": "10.48550/arXiv.2305.11159",
            "intent": [],
            "isInfluential": false,
            "paperId": "e01c2a01d54365c8833b816de8ef39a752ffa9b0",
            "title": "Aligning Instruction Tasks Unlocks Large Language Models as Zero-Shot Relation Extractors",
            "url": "https://www.semanticscholar.org/paper/e01c2a01d54365c8833b816de8ef39a752ffa9b0",
            "venue": "ACL",
            "year": 2023
        },
        {
            "arxivId": "2305.08804",
            "authors": [
                {
                    "authorId": "2007922846",
                    "name": "H. Khorashadizadeh"
                },
                {
                    "authorId": "2689774",
                    "name": "Nandana Mihindukulasooriya"
                },
                {
                    "authorId": "148152134",
                    "name": "S. Tiwari"
                },
                {
                    "authorId": "2378835",
                    "name": "Jinghua Groppe"
                },
                {
                    "authorId": "145267753",
                    "name": "Sven Groppe"
                }
            ],
            "doi": "10.48550/arXiv.2305.08804",
            "intent": [],
            "isInfluential": false,
            "paperId": "ca0c955699f552e1c2fbda747bd41faf8a2513ce",
            "title": "Exploring In-Context Learning Capabilities of Foundation Models for Generating Knowledge Graphs from Text",
            "url": "https://www.semanticscholar.org/paper/ca0c955699f552e1c2fbda747bd41faf8a2513ce",
            "venue": "TEXT2KG/BiKE@ESWC",
            "year": 2023
        },
        {
            "arxivId": "2203.09101",
            "authors": [
                {
                    "authorId": "2066312627",
                    "name": "Yew Ken Chia"
                },
                {
                    "authorId": "1996394",
                    "name": "Lidong Bing"
                },
                {
                    "authorId": "1746416",
                    "name": "Soujanya Poria"
                },
                {
                    "authorId": "2059080424",
                    "name": "Luo Si"
                }
            ],
            "doi": "10.48550/arXiv.2203.09101",
            "intent": [
                "methodology"
            ],
            "isInfluential": false,
            "paperId": "743dcf234cffd54c4e096a10a284dd81572b16ea",
            "title": "RelationPrompt: Leveraging Prompts to Generate Synthetic Data for Zero-Shot Relation Triplet Extraction",
            "url": "https://www.semanticscholar.org/paper/743dcf234cffd54c4e096a10a284dd81572b16ea",
            "venue": "FINDINGS",
            "year": 2022
        },
        {
            "arxivId": "2011.01060",
            "authors": [
                {
                    "authorId": "1643889940",
                    "name": "Xanh Ho"
                },
                {
                    "authorId": "1997993126",
                    "name": "A. Nguyen"
                },
                {
                    "authorId": "2673984",
                    "name": "Saku Sugawara"
                },
                {
                    "authorId": "1705519",
                    "name": "Akiko Aizawa"
                }
            ],
            "doi": "10.18653/V1/2020.COLING-MAIN.580",
            "intent": [
                "methodology"
            ],
            "isInfluential": false,
            "paperId": "9001eb3c3d5a96ad3d804410c2437e6f60feade9",
            "title": "Constructing A Multi-hop QA Dataset for Comprehensive Evaluation of Reasoning Steps",
            "url": "https://www.semanticscholar.org/paper/9001eb3c3d5a96ad3d804410c2437e6f60feade9",
            "venue": "COLING",
            "year": 2020
        },
        {
            "arxivId": "1906.06127",
            "authors": [
                {
                    "authorId": "46461580",
                    "name": "Yuan Yao"
                },
                {
                    "authorId": "50816334",
                    "name": "Deming Ye"
                },
                {
                    "authorId": "144326610",
                    "name": "Peng Li"
                },
                {
                    "authorId": "48506411",
                    "name": "Xu Han"
                },
                {
                    "authorId": "2427350",
                    "name": "Yankai Lin"
                },
                {
                    "authorId": "49047064",
                    "name": "Zhenghao Liu"
                },
                {
                    "authorId": "49293587",
                    "name": "Zhiyuan Liu"
                },
                {
                    "authorId": "2110799018",
                    "name": "Lixin Huang"
                },
                {
                    "authorId": "49178343",
                    "name": "Jie Zhou"
                },
                {
                    "authorId": "1753344",
                    "name": "Maosong Sun"
                }
            ],
            "doi": "10.18653/v1/P19-1074",
            "intent": [
                "methodology"
            ],
            "isInfluential": false,
            "paperId": "2745fc72e1dd53d1c30f17cf05841b163c2f63c9",
            "title": "DocRED: A Large-Scale Document-Level Relation Extraction Dataset",
            "url": "https://www.semanticscholar.org/paper/2745fc72e1dd53d1c30f17cf05841b163c2f63c9",
            "venue": "ACL",
            "year": 2019
        },
        {
            "arxivId": "1809.09600",
            "authors": [
                {
                    "authorId": "2109512754",
                    "name": "Zhilin Yang"
                },
                {
                    "authorId": "50531624",
                    "name": "Peng Qi"
                },
                {
                    "authorId": "35097114",
                    "name": "Saizheng Zhang"
                },
                {
                    "authorId": "1751762",
                    "name": "Yoshua Bengio"
                },
                {
                    "authorId": "50056360",
                    "name": "William W. Cohen"
                },
                {
                    "authorId": "145124475",
                    "name": "R. Salakhutdinov"
                },
                {
                    "authorId": "144783904",
                    "name": "Christopher D. Manning"
                }
            ],
            "doi": "10.18653/v1/D18-1259",
            "intent": [
                "methodology"
            ],
            "isInfluential": true,
            "paperId": "22655979df781d222eaf812b0d325fa9adf11594",
            "title": "HotpotQA: A Dataset for Diverse, Explainable Multi-hop Question Answering",
            "url": "https://www.semanticscholar.org/paper/22655979df781d222eaf812b0d325fa9adf11594",
            "venue": "EMNLP",
            "year": 2018
        },
        {
            "arxivId": null,
            "authors": [
                {
                    "authorId": "1781574",
                    "name": "Chin-Yew Lin"
                }
            ],
            "doi": null,
            "intent": [
                "methodology"
            ],
            "isInfluential": true,
            "paperId": "60b05f32c32519a809f21642ef1eb3eaf3848008",
            "title": "ROUGE: A Package for Automatic Evaluation of Summaries",
            "url": "https://www.semanticscholar.org/paper/60b05f32c32519a809f21642ef1eb3eaf3848008",
            "venue": "ACL 2004",
            "year": 2004
        }
    ],
    "s2FieldsOfStudy": [
        {
            "category": "Computer Science",
            "source": "external"
        },
        {
            "category": "Computer Science",
            "source": "s2-fos-model"
        }
    ],
    "title": "Distill-SynthKG: Distilling Knowledge Graph Synthesis Workflow for Improved Coverage and Efficiency",
    "topics": [],
    "url": "https://www.semanticscholar.org/paper/73aa44579cb7c28d4287bf94645abc14318f03bd",
    "venue": "arXiv.org",
    "year": 2024
}