{
    "abstract": "This paper presents our experience developing a Llama-based chatbot for question answering about continuous integration and continuous delivery (CI/CD) at Ericsson, a multinational telecommunications company. Our chatbot is designed to handle the specificities of CI/CD documents at Ericsson, employing a retrieval-augmented generation (RAG) model to enhance accuracy and relevance. Our empirical evaluation of the chatbot on industrial CI/CD-related questions indicates that an ensemble retriever, combining BM25 and embedding retrievers, yields the best performance. When evaluated against a ground truth of 72 CI/CD questions and answers at Ericsson, our most accurate chatbot configuration provides fully correct answers for 61.11% of the questions, partially correct answers for 26.39%, and incorrect answers for 12.50%. Through an error analysis of the partially correct and incorrect answers, we discuss the underlying causes of inaccuracies and provide insights for further refinement. We also reflect on lessons learned and suggest future directions for further improving our chatbot's accuracy.",
    "arxivId": "2408.09277",
    "authors": [
        {
            "authorId": "2316434559",
            "name": "Daksh Chaudhary",
            "url": "https://www.semanticscholar.org/author/2316434559"
        },
        {
            "authorId": "2316428748",
            "name": "Sri Lakshmi Vadlamani",
            "url": "https://www.semanticscholar.org/author/2316428748"
        },
        {
            "authorId": "2316516563",
            "name": "Dimple Thomas",
            "url": "https://www.semanticscholar.org/author/2316516563"
        },
        {
            "authorId": "1753944",
            "name": "S. Nejati",
            "url": "https://www.semanticscholar.org/author/1753944"
        },
        {
            "authorId": "2416077",
            "name": "M. Sabetzadeh",
            "url": "https://www.semanticscholar.org/author/2416077"
        }
    ],
    "citationVelocity": 0,
    "citations": [],
    "corpusId": 271903834,
    "doi": "10.1109/ICSME58944.2024.00075",
    "fieldsOfStudy": [
        "Computer Science"
    ],
    "influentialCitationCount": 0,
    "isOpenAccess": false,
    "isPublisherLicensed": true,
    "is_open_access": false,
    "is_publisher_licensed": true,
    "numCitedBy": 0,
    "numCiting": 40,
    "paperId": "8914e60bd4205ce0141b4442b596dd5768b9a1ce",
    "references": [
        {
            "arxivId": null,
            "authors": [
                {
                    "authorId": "2304795554",
                    "name": "Samuel Abedu"
                },
                {
                    "authorId": "145141548",
                    "name": "Ahmad Abdellatif"
                },
                {
                    "authorId": "2065557640",
                    "name": "Emad Shihab"
                }
            ],
            "doi": "10.1145/3661167.3661218",
            "intent": [],
            "isInfluential": false,
            "paperId": "7d0c26c0abb86eeb7447d46e6cdba9f159fb81c0",
            "title": "LLM-Based Chatbots for Mining Software Repositories: Challenges and Opportunities",
            "url": "https://www.semanticscholar.org/paper/7d0c26c0abb86eeb7447d46e6cdba9f159fb81c0",
            "venue": "EASE",
            "year": 2024
        },
        {
            "arxivId": "2404.14356",
            "authors": [
                {
                    "authorId": "2204947577",
                    "name": "Shabnam Hassani"
                },
                {
                    "authorId": "2416077",
                    "name": "M. Sabetzadeh"
                },
                {
                    "authorId": "2257198794",
                    "name": "Daniel Amyot"
                },
                {
                    "authorId": "2298726337",
                    "name": "Jain Liao"
                }
            ],
            "doi": "10.1109/RE59067.2024.00051",
            "intent": [],
            "isInfluential": false,
            "paperId": "e0a4003983ce05696cc34b1da2dfd63d11aee0cf",
            "title": "Rethinking Legal Compliance Automation: Opportunities with Large Language Models",
            "url": "https://www.semanticscholar.org/paper/e0a4003983ce05696cc34b1da2dfd63d11aee0cf",
            "venue": "2024 IEEE 32nd International Requirements Engineering Conference (RE)",
            "year": 2024
        },
        {
            "arxivId": null,
            "authors": [
                {
                    "authorId": "2294436185",
                    "name": "Sandra Breitenberger"
                }
            ],
            "doi": "10.53349/schuleverantworten.2024.i1.a405",
            "intent": [],
            "isInfluential": false,
            "paperId": "ac1d3d1b2f04b292bad4d58cad03c3d62738a52c",
            "title": "Prompt Engineering",
            "url": "https://www.semanticscholar.org/paper/ac1d3d1b2f04b292bad4d58cad03c3d62738a52c",
            "venue": "#schuleverantworten",
            "year": 2024
        },
        {
            "arxivId": "2403.08798",
            "authors": [
                {
                    "authorId": "2305841628",
                    "name": "Joao Paulo Karol Santos Nunes"
                },
                {
                    "authorId": "1753944",
                    "name": "S. Nejati"
                },
                {
                    "authorId": "2416077",
                    "name": "M. Sabetzadeh"
                },
                {
                    "authorId": "2249615888",
                    "name": "E. Nakagawa"
                }
            ],
            "doi": "10.1145/3643915.3644094",
            "intent": [],
            "isInfluential": false,
            "paperId": "155da036459436787ff73439278c478b32f9b480",
            "title": "Self-Adaptive, Requirements-Driven Autoscaling of Microservices",
            "url": "https://www.semanticscholar.org/paper/155da036459436787ff73439278c478b32f9b480",
            "venue": "2024 IEEE/ACM 19th Symposium on Software Engineering for Adaptive and Self-Managing Systems (SEAMS)",
            "year": 2024
        },
        {
            "arxivId": "2402.01383",
            "authors": [
                {
                    "authorId": "82340188",
                    "name": "Mingqi Gao"
                },
                {
                    "authorId": "1486281414",
                    "name": "Xinyu Hu"
                },
                {
                    "authorId": "2265758439",
                    "name": "Jie Ruan"
                },
                {
                    "authorId": "2243189215",
                    "name": "Xiao Pu"
                },
                {
                    "authorId": "2262215991",
                    "name": "Xiaojun Wan"
                }
            ],
            "doi": "10.48550/arXiv.2402.01383",
            "intent": [],
            "isInfluential": false,
            "paperId": "05ab4b262a2a343aa505ff3640fdf30b2530ac99",
            "title": "LLM-based NLG Evaluation: Current Status and Challenges",
            "url": "https://www.semanticscholar.org/paper/05ab4b262a2a343aa505ff3640fdf30b2530ac99",
            "venue": "ArXiv",
            "year": 2024
        },
        {
            "arxivId": "2310.15556",
            "authors": [
                {
                    "authorId": "2261392830",
                    "name": "Junyi Liu"
                },
                {
                    "authorId": "2248408249",
                    "name": "Liangzhi Li"
                },
                {
                    "authorId": "119564884",
                    "name": "Tong Xiang"
                },
                {
                    "authorId": "2261851953",
                    "name": "Bowen Wang"
                },
                {
                    "authorId": "2261689267",
                    "name": "Yiming Qian"
                }
            ],
            "doi": "10.48550/arXiv.2310.15556",
            "intent": [],
            "isInfluential": false,
            "paperId": "d5c358380b2b2fb9c0e8be6212158e0a01dacb16",
            "title": "TCRA-LLM: Token Compression Retrieval Augmented Large Language Model for Inference Cost Reduction",
            "url": "https://www.semanticscholar.org/paper/d5c358380b2b2fb9c0e8be6212158e0a01dacb16",
            "venue": "EMNLP",
            "year": 2023
        },
        {
            "arxivId": null,
            "authors": [
                {
                    "authorId": "144392618",
                    "name": "Gwendal Daniel"
                },
                {
                    "authorId": "2253872677",
                    "name": "Jordi Cabot"
                }
            ],
            "doi": "10.1016/j.scico.2023.103032",
            "intent": [],
            "isInfluential": false,
            "paperId": "76fa01eaaea80cff548a5a02bec63cf2f28f124c",
            "title": "Applying model-driven engineering to the domain of chatbots: The Xatkit experience",
            "url": "https://www.semanticscholar.org/paper/76fa01eaaea80cff548a5a02bec63cf2f28f124c",
            "venue": "Sci. Comput. Program.",
            "year": 2023
        },
        {
            "arxivId": "2308.03784",
            "authors": [
                {
                    "authorId": "2204948150",
                    "name": "Dipeeka Luitel"
                },
                {
                    "authorId": "2204947577",
                    "name": "Shabnam Hassani"
                },
                {
                    "authorId": "2416077",
                    "name": "M. Sabetzadeh"
                }
            ],
            "doi": "10.48550/arXiv.2308.03784",
            "intent": [],
            "isInfluential": true,
            "paperId": "a141bbb96b4c1b2f28305883fcc332ad33eb536e",
            "title": "Improving Requirements Completeness: Automated Assistance through Large Language Models",
            "url": "https://www.semanticscholar.org/paper/a141bbb96b4c1b2f28305883fcc332ad33eb536e",
            "venue": "Requir. Eng.",
            "year": 2023
        },
        {
            "arxivId": "2307.09288",
            "authors": [
                {
                    "authorId": "2113243762",
                    "name": "Hugo Touvron"
                },
                {
                    "authorId": "143792623",
                    "name": "Louis Martin"
                },
                {
                    "authorId": "2059203763",
                    "name": "Kevin R. Stone"
                },
                {
                    "authorId": "2214809450",
                    "name": "Peter Albert"
                },
                {
                    "authorId": "2634674",
                    "name": "Amjad Almahairi"
                },
                {
                    "authorId": "2223764353",
                    "name": "Yasmine Babaei"
                },
                {
                    "authorId": "2223756247",
                    "name": "Nikolay Bashlykov"
                },
                {
                    "authorId": "47505161",
                    "name": "Soumya Batra"
                },
                {
                    "authorId": "51229603",
                    "name": "Prajjwal Bhargava"
                },
                {
                    "authorId": "2116473",
                    "name": "Shruti Bhosale"
                },
                {
                    "authorId": "2023469",
                    "name": "D. Bikel"
                },
                {
                    "authorId": "2040305955",
                    "name": "Lukas Blecher"
                },
                {
                    "authorId": "66286536",
                    "name": "Cristian Cant\u00f3n Ferrer"
                },
                {
                    "authorId": "2108267192",
                    "name": "Moya Chen"
                },
                {
                    "authorId": "7153363",
                    "name": "Guillem Cucurull"
                },
                {
                    "authorId": "71039937",
                    "name": "David Esiobu"
                },
                {
                    "authorId": "2166312768",
                    "name": "Jude Fernandes"
                },
                {
                    "authorId": "2223974989",
                    "name": "Jeremy Fu"
                },
                {
                    "authorId": "2223742000",
                    "name": "Wenyin Fu"
                },
                {
                    "authorId": "2223748737",
                    "name": "Brian Fuller"
                },
                {
                    "authorId": "2107063269",
                    "name": "Cynthia Gao"
                },
                {
                    "authorId": "28554843",
                    "name": "Vedanuj Goswami"
                },
                {
                    "authorId": "39589154",
                    "name": "Naman Goyal"
                },
                {
                    "authorId": "4305645",
                    "name": "A. Hartshorn"
                },
                {
                    "authorId": "2195458",
                    "name": "Saghar Hosseini"
                },
                {
                    "authorId": "2132302721",
                    "name": "Rui Hou"
                },
                {
                    "authorId": "2065277797",
                    "name": "Hakan Inan"
                },
                {
                    "authorId": "2059886128",
                    "name": "Marcin Kardas"
                },
                {
                    "authorId": "2190957318",
                    "name": "Viktor Kerkez"
                },
                {
                    "authorId": "2072010",
                    "name": "Madian Khabsa"
                },
                {
                    "authorId": "2207049",
                    "name": "Isabel M. Kloumann"
                },
                {
                    "authorId": "2135297476",
                    "name": "A. Korenev"
                },
                {
                    "authorId": "2146367061",
                    "name": "Punit Singh Koura"
                },
                {
                    "authorId": "114952298",
                    "name": "Marie-Anne Lachaux"
                },
                {
                    "authorId": "46183616",
                    "name": "Thibaut Lavril"
                },
                {
                    "authorId": "2223749565",
                    "name": "Jenya Lee"
                },
                {
                    "authorId": "2145259939",
                    "name": "Diana Liskovich"
                },
                {
                    "authorId": "1768032",
                    "name": "Yinghai Lu"
                },
                {
                    "authorId": "3375249",
                    "name": "Yuning Mao"
                },
                {
                    "authorId": "1490887583",
                    "name": "Xavier Martinet"
                },
                {
                    "authorId": "39980906",
                    "name": "Todor Mihaylov"
                },
                {
                    "authorId": "3047561",
                    "name": "Pushkar Mishra"
                },
                {
                    "authorId": "2322981055",
                    "name": "Igor Molybog"
                },
                {
                    "authorId": "40383658",
                    "name": "Yixin Nie"
                },
                {
                    "authorId": "38579672",
                    "name": "Andrew Poulton"
                },
                {
                    "authorId": "39906022",
                    "name": "Jeremy Reizenstein"
                },
                {
                    "authorId": "150282885",
                    "name": "Rashi Rungta"
                },
                {
                    "authorId": "1859294",
                    "name": "Kalyan Saladi"
                },
                {
                    "authorId": "14279694",
                    "name": "Alan Schelten"
                },
                {
                    "authorId": "2214818043",
                    "name": "Ruan Silva"
                },
                {
                    "authorId": "51324296",
                    "name": "Eric Michael Smith"
                },
                {
                    "authorId": "2066074360",
                    "name": "R. Subramanian"
                },
                {
                    "authorId": "2112782199",
                    "name": "Xia Tan"
                },
                {
                    "authorId": "71292072",
                    "name": "Binh Tang"
                },
                {
                    "authorId": "2110697298",
                    "name": "Ross Taylor"
                },
                {
                    "authorId": "2110032535",
                    "name": "Adina Williams"
                },
                {
                    "authorId": "2223770369",
                    "name": "Jian Xiang Kuan"
                },
                {
                    "authorId": "2214843767",
                    "name": "Puxin Xu"
                },
                {
                    "authorId": "14701107",
                    "name": "Zhengxu Yan"
                },
                {
                    "authorId": "121929334",
                    "name": "Iliyan Zarov"
                },
                {
                    "authorId": "2108473229",
                    "name": "Yuchen Zhang"
                },
                {
                    "authorId": "144270981",
                    "name": "Angela Fan"
                },
                {
                    "authorId": "2165660870",
                    "name": "M. Kambadur"
                },
                {
                    "authorId": "46617804",
                    "name": "Sharan Narang"
                },
                {
                    "authorId": "2166043087",
                    "name": "Aur\u00e9lien Rodriguez"
                },
                {
                    "authorId": "1962768",
                    "name": "Robert Stojnic"
                },
                {
                    "authorId": "2068070",
                    "name": "Sergey Edunov"
                },
                {
                    "authorId": "2073456043",
                    "name": "Thomas Scialom"
                }
            ],
            "doi": null,
            "intent": [],
            "isInfluential": true,
            "paperId": "104b0bb1da562d53cbda87aec79ef6a2827d191a",
            "title": "Llama 2: Open Foundation and Fine-Tuned Chat Models",
            "url": "https://www.semanticscholar.org/paper/104b0bb1da562d53cbda87aec79ef6a2827d191a",
            "venue": "ArXiv",
            "year": 2023
        },
        {
            "arxivId": "2307.03172",
            "authors": [
                {
                    "authorId": "22243769",
                    "name": "Nelson F. Liu"
                },
                {
                    "authorId": "48085802",
                    "name": "Kevin Lin"
                },
                {
                    "authorId": "145430120",
                    "name": "John Hewitt"
                },
                {
                    "authorId": "40404493",
                    "name": "Ashwin Paranjape"
                },
                {
                    "authorId": "143802044",
                    "name": "Michele Bevilacqua"
                },
                {
                    "authorId": "40052301",
                    "name": "F. Petroni"
                },
                {
                    "authorId": "145419642",
                    "name": "Percy Liang"
                }
            ],
            "doi": "10.1162/tacl_a_00638",
            "intent": [],
            "isInfluential": false,
            "paperId": "1733eb7792f7a43dd21f51f4d1017a1bffd217b5",
            "title": "Lost in the Middle: How Language Models Use Long Contexts",
            "url": "https://www.semanticscholar.org/paper/1733eb7792f7a43dd21f51f4d1017a1bffd217b5",
            "venue": "TACL",
            "year": 2023
        },
        {
            "arxivId": "2306.05212",
            "authors": [
                {
                    "authorId": "1830383266",
                    "name": "Jiongnan Liu"
                },
                {
                    "authorId": "4376097",
                    "name": "Jiajie Jin"
                },
                {
                    "authorId": "2243360876",
                    "name": "Zihan Wang"
                },
                {
                    "authorId": "2219726925",
                    "name": "Jiehan Cheng"
                },
                {
                    "authorId": "1897235",
                    "name": "Zhicheng Dou"
                },
                {
                    "authorId": "153693432",
                    "name": "Ji-rong Wen"
                }
            ],
            "doi": "10.48550/arXiv.2306.05212",
            "intent": [],
            "isInfluential": false,
            "paperId": "cc78babfacce48e715dac56886d7dd9746cfcab0",
            "title": "RETA-LLM: A Retrieval-Augmented Large Language Model Toolkit",
            "url": "https://www.semanticscholar.org/paper/cc78babfacce48e715dac56886d7dd9746cfcab0",
            "venue": "ArXiv",
            "year": 2023
        },
        {
            "arxivId": "2305.14292",
            "authors": [
                {
                    "authorId": "1922611796",
                    "name": "Sina J. Semnani"
                },
                {
                    "authorId": "1986608238",
                    "name": "Violet Z. Yao"
                },
                {
                    "authorId": "2153528787",
                    "name": "He Zhang"
                },
                {
                    "authorId": "39682108",
                    "name": "M. Lam"
                }
            ],
            "doi": "10.18653/v1/2023.findings-emnlp.157",
            "intent": [],
            "isInfluential": false,
            "paperId": "2c8945b1730f64dc30b13befa7cc8c3f89d08a37",
            "title": "WikiChat: Stopping the Hallucination of Large Language Model Chatbots by Few-Shot Grounding on Wikipedia",
            "url": "https://www.semanticscholar.org/paper/2c8945b1730f64dc30b13befa7cc8c3f89d08a37",
            "venue": "EMNLP",
            "year": 2023
        },
        {
            "arxivId": "2302.04793",
            "authors": [
                {
                    "authorId": "2316558168",
                    "name": "Saad Ezzini"
                },
                {
                    "authorId": "2115020289",
                    "name": "S. Abualhaija"
                },
                {
                    "authorId": "38772597",
                    "name": "Chetan Arora"
                },
                {
                    "authorId": "2416077",
                    "name": "M. Sabetzadeh"
                }
            ],
            "doi": "10.1109/ICSE48619.2023.00113",
            "intent": [],
            "isInfluential": true,
            "paperId": "964777614f7ed3851a8e25c02b4119fa2450a43a",
            "title": "AI-based Question Answering Assistance for Analyzing Natural-language Requirements",
            "url": "https://www.semanticscholar.org/paper/964777614f7ed3851a8e25c02b4119fa2450a43a",
            "venue": "2023 IEEE/ACM 45th International Conference on Software Engineering (ICSE)",
            "year": 2023
        },
        {
            "arxivId": "2208.03299",
            "authors": [
                {
                    "authorId": "1410231361",
                    "name": "Gautier Izacard"
                },
                {
                    "authorId": "145222654",
                    "name": "Patrick Lewis"
                },
                {
                    "authorId": "3376175",
                    "name": "M. Lomeli"
                },
                {
                    "authorId": "26360550",
                    "name": "Lucas Hosseini"
                },
                {
                    "authorId": "40052301",
                    "name": "F. Petroni"
                },
                {
                    "authorId": "32246932",
                    "name": "Timo Schick"
                },
                {
                    "authorId": "2129456957",
                    "name": "Jane A. Yu"
                },
                {
                    "authorId": "2319608",
                    "name": "Armand Joulin"
                },
                {
                    "authorId": "48662861",
                    "name": "Sebastian Riedel"
                },
                {
                    "authorId": "3024698",
                    "name": "Edouard Grave"
                }
            ],
            "doi": "10.48550/arXiv.2208.03299",
            "intent": [],
            "isInfluential": false,
            "paperId": "916be31cbf847faa65cad0549e153f0c25b9f424",
            "title": "Few-shot Learning with Retrieval Augmented Language Models",
            "url": "https://www.semanticscholar.org/paper/916be31cbf847faa65cad0549e153f0c25b9f424",
            "venue": "J. Mach. Learn. Res.",
            "year": 2022
        },
        {
            "arxivId": "2201.11903",
            "authors": [
                {
                    "authorId": "119640649",
                    "name": "Jason Wei"
                },
                {
                    "authorId": "1524732527",
                    "name": "Xuezhi Wang"
                },
                {
                    "authorId": "1714772",
                    "name": "Dale Schuurmans"
                },
                {
                    "authorId": "40377863",
                    "name": "Maarten Bosma"
                },
                {
                    "authorId": "2226805",
                    "name": "Ed H. Chi"
                },
                {
                    "authorId": "144956443",
                    "name": "F. Xia"
                },
                {
                    "authorId": "1998340269",
                    "name": "Quoc Le"
                },
                {
                    "authorId": "65855107",
                    "name": "Denny Zhou"
                }
            ],
            "doi": null,
            "intent": [],
            "isInfluential": false,
            "paperId": "1b6e810ce0afd0dd093f789d2b2742d047e316d5",
            "title": "Chain of Thought Prompting Elicits Reasoning in Large Language Models",
            "url": "https://www.semanticscholar.org/paper/1b6e810ce0afd0dd093f789d2b2742d047e316d5",
            "venue": "NeurIPS",
            "year": 2022
        },
        {
            "arxivId": "2104.07567",
            "authors": [
                {
                    "authorId": "35752280",
                    "name": "Kurt Shuster"
                },
                {
                    "authorId": "1753626755",
                    "name": "Spencer Poff"
                },
                {
                    "authorId": "2108267192",
                    "name": "Moya Chen"
                },
                {
                    "authorId": "1743722",
                    "name": "Douwe Kiela"
                },
                {
                    "authorId": "145183709",
                    "name": "J. Weston"
                }
            ],
            "doi": "10.18653/v1/2021.findings-emnlp.320",
            "intent": [],
            "isInfluential": false,
            "paperId": "a2a7033a5a859e3a6e6f0a83018326400b4c5faa",
            "title": "Retrieval Augmentation Reduces Hallucination in Conversation",
            "url": "https://www.semanticscholar.org/paper/a2a7033a5a859e3a6e6f0a83018326400b4c5faa",
            "venue": "EMNLP",
            "year": 2021
        },
        {
            "arxivId": null,
            "authors": [
                {
                    "authorId": "145848824",
                    "name": "Karen Sp\u00e4rck Jones"
                }
            ],
            "doi": "10.1108/EB026526",
            "intent": [],
            "isInfluential": false,
            "paperId": "4f09e6ec1b7d4390d23881852fd7240994abeb58",
            "title": "A statistical interpretation of term specificity and its application in retrieval",
            "url": "https://www.semanticscholar.org/paper/4f09e6ec1b7d4390d23881852fd7240994abeb58",
            "venue": "J. Documentation",
            "year": 2021
        },
        {
            "arxivId": "2012.02640",
            "authors": [
                {
                    "authorId": "145141548",
                    "name": "Ahmad Abdellatif"
                },
                {
                    "authorId": "31428169",
                    "name": "K. Badran"
                },
                {
                    "authorId": "115989708",
                    "name": "D. Costa"
                },
                {
                    "authorId": "3318024",
                    "name": "Emad Shihab"
                }
            ],
            "doi": "10.1109/TSE.2021.3078384",
            "intent": [],
            "isInfluential": false,
            "paperId": "1931447908586e7fceb480b9142c29018f3cbf5b",
            "title": "A Comparison of Natural Language Understanding Platforms for Chatbots in Software Engineering",
            "url": "https://www.semanticscholar.org/paper/1931447908586e7fceb480b9142c29018f3cbf5b",
            "venue": "IEEE Transactions on Software Engineering",
            "year": 2020
        },
        {
            "arxivId": "2005.14165",
            "authors": [
                {
                    "authorId": "31035595",
                    "name": "Tom B. Brown"
                },
                {
                    "authorId": "2056658938",
                    "name": "Benjamin Mann"
                },
                {
                    "authorId": "39849748",
                    "name": "Nick Ryder"
                },
                {
                    "authorId": "2065894334",
                    "name": "Melanie Subbiah"
                },
                {
                    "authorId": "152724169",
                    "name": "J. Kaplan"
                },
                {
                    "authorId": "6515819",
                    "name": "Prafulla Dhariwal"
                },
                {
                    "authorId": "2072676",
                    "name": "Arvind Neelakantan"
                },
                {
                    "authorId": "67311962",
                    "name": "Pranav Shyam"
                },
                {
                    "authorId": "144864359",
                    "name": "Girish Sastry"
                },
                {
                    "authorId": "119609682",
                    "name": "Amanda Askell"
                },
                {
                    "authorId": "144517868",
                    "name": "Sandhini Agarwal"
                },
                {
                    "authorId": "1404060687",
                    "name": "Ariel Herbert-Voss"
                },
                {
                    "authorId": "2064404342",
                    "name": "Gretchen Krueger"
                },
                {
                    "authorId": "103143311",
                    "name": "T. Henighan"
                },
                {
                    "authorId": "48422824",
                    "name": "R. Child"
                },
                {
                    "authorId": "1992922591",
                    "name": "A. Ramesh"
                },
                {
                    "authorId": "2052152920",
                    "name": "Daniel M. Ziegler"
                },
                {
                    "authorId": "49387725",
                    "name": "Jeff Wu"
                },
                {
                    "authorId": "2059411355",
                    "name": "Clemens Winter"
                },
                {
                    "authorId": "144239765",
                    "name": "Christopher Hesse"
                },
                {
                    "authorId": "2108828435",
                    "name": "Mark Chen"
                },
                {
                    "authorId": "2064673055",
                    "name": "Eric Sigler"
                },
                {
                    "authorId": "1380985420",
                    "name": "Ma-teusz Litwin"
                },
                {
                    "authorId": "145565184",
                    "name": "Scott Gray"
                },
                {
                    "authorId": "1490681878",
                    "name": "B. Chess"
                },
                {
                    "authorId": "2115193883",
                    "name": "Jack Clark"
                },
                {
                    "authorId": "133740015",
                    "name": "Christopher Berner"
                },
                {
                    "authorId": "52238703",
                    "name": "Sam McCandlish"
                },
                {
                    "authorId": "38909097",
                    "name": "Alec Radford"
                },
                {
                    "authorId": "1701686",
                    "name": "I. Sutskever"
                },
                {
                    "authorId": "2698777",
                    "name": "Dario Amodei"
                }
            ],
            "doi": null,
            "intent": [],
            "isInfluential": false,
            "paperId": "90abbc2cf38462b954ae1b772fac9532e2ccd8b0",
            "title": "Language Models are Few-Shot Learners",
            "url": "https://www.semanticscholar.org/paper/90abbc2cf38462b954ae1b772fac9532e2ccd8b0",
            "venue": "NeurIPS",
            "year": 2020
        },
        {
            "arxivId": "2005.11401",
            "authors": [
                {
                    "authorId": "145222654",
                    "name": "Patrick Lewis"
                },
                {
                    "authorId": "3439053",
                    "name": "Ethan Perez"
                },
                {
                    "authorId": "1716179427",
                    "name": "Aleksandara Piktus"
                },
                {
                    "authorId": "40052301",
                    "name": "F. Petroni"
                },
                {
                    "authorId": "2067091563",
                    "name": "Vladimir Karpukhin"
                },
                {
                    "authorId": "39589154",
                    "name": "Naman Goyal"
                },
                {
                    "authorId": "103131985",
                    "name": "Heinrich Kuttler"
                },
                {
                    "authorId": "35084211",
                    "name": "M. Lewis"
                },
                {
                    "authorId": "144105277",
                    "name": "Wen-tau Yih"
                },
                {
                    "authorId": "2620211",
                    "name": "Tim Rockt\u00e4schel"
                },
                {
                    "authorId": "48662861",
                    "name": "Sebastian Riedel"
                },
                {
                    "authorId": "1743722",
                    "name": "Douwe Kiela"
                }
            ],
            "doi": null,
            "intent": [],
            "isInfluential": true,
            "paperId": "58ed1fbaabe027345f7bb3a6312d41c5aac63e22",
            "title": "Retrieval-Augmented Generation for Knowledge-Intensive NLP Tasks",
            "url": "https://www.semanticscholar.org/paper/58ed1fbaabe027345f7bb3a6312d41c5aac63e22",
            "venue": "NeurIPS",
            "year": 2020
        },
        {
            "arxivId": null,
            "authors": [
                {
                    "authorId": "145141548",
                    "name": "Ahmad Abdellatif"
                },
                {
                    "authorId": "115989708",
                    "name": "D. Costa"
                },
                {
                    "authorId": "31428169",
                    "name": "K. Badran"
                },
                {
                    "authorId": "2154809",
                    "name": "Rabe Abdalkareem"
                },
                {
                    "authorId": "3318024",
                    "name": "Emad Shihab"
                }
            ],
            "doi": "10.1145/3379597.3387472",
            "intent": [],
            "isInfluential": false,
            "paperId": "5a7b50d3574e840c8e96d44974a86a5f0acaaf1d",
            "title": "Challenges in Chatbot Development: A Study of Stack Overflow Posts",
            "url": "https://www.semanticscholar.org/paper/5a7b50d3574e840c8e96d44974a86a5f0acaaf1d",
            "venue": "2020 IEEE/ACM 17th International Conference on Mining Software Repositories (MSR)",
            "year": 2020
        },
        {
            "arxivId": "1910.13461",
            "authors": [
                {
                    "authorId": "35084211",
                    "name": "M. Lewis"
                },
                {
                    "authorId": "11323179",
                    "name": "Yinhan Liu"
                },
                {
                    "authorId": "39589154",
                    "name": "Naman Goyal"
                },
                {
                    "authorId": "2320509",
                    "name": "Marjan Ghazvininejad"
                },
                {
                    "authorId": "113947684",
                    "name": "Abdel-rahman Mohamed"
                },
                {
                    "authorId": "39455775",
                    "name": "Omer Levy"
                },
                {
                    "authorId": "1759422",
                    "name": "Veselin Stoyanov"
                },
                {
                    "authorId": "1982950",
                    "name": "Luke Zettlemoyer"
                }
            ],
            "doi": "10.18653/v1/2020.acl-main.703",
            "intent": [],
            "isInfluential": false,
            "paperId": "395de0bd3837fdf4b4b5e5f04835bcc69c279481",
            "title": "BART: Denoising Sequence-to-Sequence Pre-training for Natural Language Generation, Translation, and Comprehension",
            "url": "https://www.semanticscholar.org/paper/395de0bd3837fdf4b4b5e5f04835bcc69c279481",
            "venue": "ACL",
            "year": 2019
        },
        {
            "arxivId": null,
            "authors": [
                {
                    "authorId": "116506812",
                    "name": "Bhaskar Mitra"
                },
                {
                    "authorId": "2286321410",
                    "name": "Nick Craswell"
                }
            ],
            "doi": "10.1561/1500000061",
            "intent": [],
            "isInfluential": false,
            "paperId": "5f2cbe15668ed1365d3b3f34b13691673a75bfea",
            "title": "An Introduction to Neural Information Retrieval",
            "url": "https://www.semanticscholar.org/paper/5f2cbe15668ed1365d3b3f34b13691673a75bfea",
            "venue": "Found. Trends Inf. Retr.",
            "year": 2018
        },
        {
            "arxivId": "1603.08023",
            "authors": [
                {
                    "authorId": "2144634184",
                    "name": "Chia-Wei Liu"
                },
                {
                    "authorId": "2054294",
                    "name": "Ryan Lowe"
                },
                {
                    "authorId": "35224828",
                    "name": "Iulian Serban"
                },
                {
                    "authorId": "38107789",
                    "name": "Michael Noseworthy"
                },
                {
                    "authorId": "1778839",
                    "name": "Laurent Charlin"
                },
                {
                    "authorId": "145134886",
                    "name": "Joelle Pineau"
                }
            ],
            "doi": "10.18653/v1/D16-1230",
            "intent": [],
            "isInfluential": false,
            "paperId": "129cbad01be98ee88a930e31898cb76be79c41c1",
            "title": "How NOT To Evaluate Your Dialogue System: An Empirical Study of Unsupervised Evaluation Metrics for Dialogue Response Generation",
            "url": "https://www.semanticscholar.org/paper/129cbad01be98ee88a930e31898cb76be79c41c1",
            "venue": "EMNLP",
            "year": 2016
        },
        {
            "arxivId": "1206.5538",
            "authors": [
                {
                    "authorId": "1751762",
                    "name": "Yoshua Bengio"
                },
                {
                    "authorId": "1760871",
                    "name": "Aaron C. Courville"
                },
                {
                    "authorId": "145467703",
                    "name": "Pascal Vincent"
                }
            ],
            "doi": "10.1109/TPAMI.2013.50",
            "intent": [],
            "isInfluential": false,
            "paperId": "184ac0766262312ba76bbdece4e7ffad0aa8180b",
            "title": "Representation Learning: A Review and New Perspectives",
            "url": "https://www.semanticscholar.org/paper/184ac0766262312ba76bbdece4e7ffad0aa8180b",
            "venue": "IEEE Transactions on Pattern Analysis and Machine Intelligence",
            "year": 2012
        },
        {
            "arxivId": null,
            "authors": [
                {
                    "authorId": "10774914",
                    "name": "S. Pritchard"
                }
            ],
            "doi": "10.4159/harvard.9780674061231",
            "intent": [],
            "isInfluential": false,
            "paperId": "61d0d815b271f794849f6d0169012740b6ac46a1",
            "title": "Confluence",
            "url": "https://www.semanticscholar.org/paper/61d0d815b271f794849f6d0169012740b6ac46a1",
            "venue": "",
            "year": 2011
        },
        {
            "arxivId": null,
            "authors": [
                {
                    "authorId": "36061160",
                    "name": "Jez Humble"
                },
                {
                    "authorId": "48092244",
                    "name": "D. Farley"
                }
            ],
            "doi": null,
            "intent": [],
            "isInfluential": false,
            "paperId": "f1f724bb16cd549e9a59913e19d006d47904e9ca",
            "title": "Continuous Delivery: Reliable Software Releases Through Build, Test, and Deployment Automation",
            "url": "https://www.semanticscholar.org/paper/f1f724bb16cd549e9a59913e19d006d47904e9ca",
            "venue": "",
            "year": 2010
        },
        {
            "arxivId": null,
            "authors": [
                {
                    "authorId": "144430625",
                    "name": "S. Robertson"
                },
                {
                    "authorId": "2833561",
                    "name": "H. Zaragoza"
                }
            ],
            "doi": "10.1561/1500000019",
            "intent": [],
            "isInfluential": false,
            "paperId": "47ced790a563344efae66588b5fb7fe6cca29ed3",
            "title": "The Probabilistic Relevance Framework: BM25 and Beyond",
            "url": "https://www.semanticscholar.org/paper/47ced790a563344efae66588b5fb7fe6cca29ed3",
            "venue": "Found. Trends Inf. Retr.",
            "year": 2009
        },
        {
            "arxivId": null,
            "authors": [
                {
                    "authorId": "2141114505",
                    "name": "Xinbei Ma"
                },
                {
                    "authorId": "2254121650",
                    "name": "Yeyun Gong"
                },
                {
                    "authorId": "2273563882",
                    "name": "Pengcheng He"
                },
                {
                    "authorId": "2273409729",
                    "name": "Hai Zhao"
                },
                {
                    "authorId": "2269471632",
                    "name": "Nan Duan"
                }
            ],
            "doi": "10.18653/v1/2023.emnlp-main.322",
            "intent": [],
            "isInfluential": true,
            "paperId": "3dd9b9c85431534ef74a8a677b991ccc405c85cb",
            "title": "Query Rewriting in Retrieval-Augmented Large Language Models",
            "url": "https://www.semanticscholar.org/paper/3dd9b9c85431534ef74a8a677b991ccc405c85cb",
            "venue": "EMNLP",
            "year": 2023
        },
        {
            "arxivId": "1810.04805",
            "authors": [
                {
                    "authorId": "39172707",
                    "name": "Jacob Devlin"
                },
                {
                    "authorId": "1744179",
                    "name": "Ming-Wei Chang"
                },
                {
                    "authorId": "2544107",
                    "name": "Kenton Lee"
                },
                {
                    "authorId": "3259253",
                    "name": "Kristina Toutanova"
                }
            ],
            "doi": "10.18653/v1/N19-1423",
            "intent": [],
            "isInfluential": false,
            "paperId": "df2b0e26d0599ce3e70df8a9da02e51594e0e992",
            "title": "BERT: Pre-training of Deep Bidirectional Transformers for Language Understanding",
            "url": "https://www.semanticscholar.org/paper/df2b0e26d0599ce3e70df8a9da02e51594e0e992",
            "venue": "NAACL",
            "year": 2019
        }
    ],
    "s2FieldsOfStudy": [
        {
            "category": "Computer Science",
            "source": "external"
        },
        {
            "category": "Computer Science",
            "source": "s2-fos-model"
        }
    ],
    "title": "Developing a Llama-Based Chatbot for CI/CD Question Answering: A Case Study at Ericsson",
    "topics": [],
    "url": "https://www.semanticscholar.org/paper/8914e60bd4205ce0141b4442b596dd5768b9a1ce",
    "venue": "IEEE International Conference on Software Maintenance and Evolution",
    "year": 2024
}