{
    "abstract": "Information retrieval (IR) systems have played a vital role in modern digital life and have cemented their continued usefulness in this new era of generative AI via retrieval-augmented generation. With strong language processing capabilities and remarkable versatility, large language models (LLMs) have become popular choices for zero-shot re-ranking in IR systems. So far, LLM-based re-ranking methods rely on strong generative capabilities, which restricts their use to either specialized or powerful proprietary models. Given these restrictions, we ask: is autoregressive generation necessary and optimal for LLMs to perform re-ranking? We hypothesize that there are abundant signals relevant to re-ranking within LLMs that might not be used to their full potential via generation. To more directly leverage such signals, we propose in-context re-ranking (ICR), a novel method that leverages the change in attention pattern caused by the search query for accurate and efficient re-ranking. To mitigate the intrinsic biases in LLMs, we propose a calibration method using a content-free query. Due to the absence of generation, ICR only requires two ($O(1)$) forward passes to re-rank $N$ documents, making it substantially more efficient than generative re-ranking methods that require at least $O(N)$ forward passes. Our novel design also enables ICR to be applied to any LLM without specialized training while guaranteeing a well-formed ranking. Extensive experiments with two popular open-weight LLMs on standard single-hop and multi-hop information retrieval benchmarks show that ICR outperforms RankGPT while cutting the latency by more than 60% in practice. Through detailed analyses, we show that ICR's performance is specially strong on tasks that require more complex re-ranking signals. Our findings call for further exploration on novel ways of utilizing open-weight LLMs beyond text generation.",
    "arxivId": "2410.02642",
    "authors": [
        {
            "authorId": "2324213834",
            "name": "Shijie Chen",
            "url": "https://www.semanticscholar.org/author/2324213834"
        },
        {
            "authorId": "2324057735",
            "name": "Bernal Jim'enez Guti'errez",
            "url": "https://www.semanticscholar.org/author/2324057735"
        },
        {
            "authorId": "1758652",
            "name": "Yu Su",
            "url": "https://www.semanticscholar.org/author/1758652"
        }
    ],
    "citationVelocity": 0,
    "citations": [],
    "corpusId": 273098593,
    "doi": "10.48550/arXiv.2410.02642",
    "fieldsOfStudy": [
        "Computer Science"
    ],
    "influentialCitationCount": 0,
    "isOpenAccess": false,
    "isPublisherLicensed": true,
    "is_open_access": false,
    "is_publisher_licensed": true,
    "numCitedBy": 0,
    "numCiting": 49,
    "paperId": "c78422dff7c4dbf0aa7e41f08aa610a0d317eb3d",
    "references": [
        {
            "arxivId": "2406.11678",
            "authors": [
                {
                    "authorId": "2293552230",
                    "name": "Yiqun Chen"
                },
                {
                    "authorId": "2260822142",
                    "name": "Qi Liu"
                },
                {
                    "authorId": "2293461292",
                    "name": "Yi Zhang"
                },
                {
                    "authorId": "2307446753",
                    "name": "Weiwei Sun"
                },
                {
                    "authorId": "2104450297",
                    "name": "Daiting Shi"
                },
                {
                    "authorId": "2276418082",
                    "name": "Jiaxin Mao"
                },
                {
                    "authorId": "2306960158",
                    "name": "Dawei Yin"
                }
            ],
            "doi": "10.48550/arXiv.2406.11678",
            "intent": [
                "background"
            ],
            "isInfluential": false,
            "paperId": "0d25d0fadeb9091ea8c8e054c699d852eaf80374",
            "title": "TourRank: Utilizing Large Language Models for Documents Ranking with a Tournament-Inspired Strategy",
            "url": "https://www.semanticscholar.org/paper/0d25d0fadeb9091ea8c8e054c699d852eaf80374",
            "venue": "ArXiv",
            "year": 2024
        },
        {
            "arxivId": "2312.02724",
            "authors": [
                {
                    "authorId": "1816753042",
                    "name": "Ronak Pradeep"
                },
                {
                    "authorId": "71076877",
                    "name": "Sahel Sharifymoghaddam"
                },
                {
                    "authorId": "145580839",
                    "name": "Jimmy J. Lin"
                }
            ],
            "doi": "10.48550/arXiv.2312.02724",
            "intent": [
                "background",
                "methodology"
            ],
            "isInfluential": false,
            "paperId": "5605e5bbe71a6d52be0930865f1635ed8644dea8",
            "title": "RankZephyr: Effective and Robust Zero-Shot Listwise Reranking is a Breeze!",
            "url": "https://www.semanticscholar.org/paper/5605e5bbe71a6d52be0930865f1635ed8644dea8",
            "venue": "ArXiv",
            "year": 2023
        },
        {
            "arxivId": "2310.14587",
            "authors": [
                {
                    "authorId": "145769448",
                    "name": "Liang Wang"
                },
                {
                    "authorId": "2242947624",
                    "name": "Nan Yang"
                },
                {
                    "authorId": "2116768132",
                    "name": "Xiaolong Huang"
                },
                {
                    "authorId": "2261365008",
                    "name": "Linjun Yang"
                },
                {
                    "authorId": "32431940",
                    "name": "Rangan Majumder"
                },
                {
                    "authorId": "2257346447",
                    "name": "Furu Wei"
                }
            ],
            "doi": "10.1145/3642979.3643006",
            "intent": [
                "background"
            ],
            "isInfluential": false,
            "paperId": "da889f319de50236676ed5a30d9054574280e1c2",
            "title": "Large Search Model: Redefining Search Stack in the Era of LLMs",
            "url": "https://www.semanticscholar.org/paper/da889f319de50236676ed5a30d9054574280e1c2",
            "venue": "SIGIR Forum",
            "year": 2023
        },
        {
            "arxivId": "2310.14122",
            "authors": [
                {
                    "authorId": "39371343",
                    "name": "Honglei Zhuang"
                },
                {
                    "authorId": "2099586642",
                    "name": "Zhen Qin"
                },
                {
                    "authorId": "2261281337",
                    "name": "Kai Hui"
                },
                {
                    "authorId": "2261361394",
                    "name": "Junru Wu"
                },
                {
                    "authorId": "2110134250",
                    "name": "Le Yan"
                },
                {
                    "authorId": "2261356664",
                    "name": "Xuanhui Wang"
                },
                {
                    "authorId": "1815447",
                    "name": "Michael Bendersky"
                }
            ],
            "doi": "10.48550/arXiv.2310.14122",
            "intent": [
                "methodology"
            ],
            "isInfluential": false,
            "paperId": "da9b8b4073e6ad44b3da66e1e117cb1ddbf8836d",
            "title": "Beyond Yes and No: Improving Zero-Shot LLM Rankers via Scoring Fine-Grained Relevance Labels",
            "url": "https://www.semanticscholar.org/paper/da9b8b4073e6ad44b3da66e1e117cb1ddbf8836d",
            "venue": "NAACL",
            "year": 2023
        },
        {
            "arxivId": "2310.13243",
            "authors": [
                {
                    "authorId": "1630489015",
                    "name": "Shengyao Zhuang"
                },
                {
                    "authorId": "143830418",
                    "name": "Bing Liu"
                },
                {
                    "authorId": "1783566",
                    "name": "B. Koopman"
                },
                {
                    "authorId": "1692855",
                    "name": "G. Zuccon"
                }
            ],
            "doi": "10.48550/arXiv.2310.13243",
            "intent": [],
            "isInfluential": false,
            "paperId": "955ffeebf843f15334c5902fc1f74af512e5e8b6",
            "title": "Open-source Large Language Models are Strong Zero-shot Query Likelihood Models for Document Ranking",
            "url": "https://www.semanticscholar.org/paper/955ffeebf843f15334c5902fc1f74af512e5e8b6",
            "venue": "EMNLP",
            "year": 2023
        },
        {
            "arxivId": "2310.07712",
            "authors": [
                {
                    "authorId": "26917433",
                    "name": "Raphael Tang"
                },
                {
                    "authorId": "2118895402",
                    "name": "Xinyu Crystina Zhang"
                },
                {
                    "authorId": "2461713",
                    "name": "Xueguang Ma"
                },
                {
                    "authorId": "2257085301",
                    "name": "Jimmy Lin"
                },
                {
                    "authorId": "52416773",
                    "name": "Ferhan Ture"
                }
            ],
            "doi": "10.48550/arXiv.2310.07712",
            "intent": [
                "methodology"
            ],
            "isInfluential": false,
            "paperId": "c3af18fbc0ed47f07f1bbae075aa97bbc08b89e8",
            "title": "Found in the Middle: Permutation Self-Consistency Improves Listwise Ranking in Large Language Models",
            "url": "https://www.semanticscholar.org/paper/c3af18fbc0ed47f07f1bbae075aa97bbc08b89e8",
            "venue": "NAACL",
            "year": 2023
        },
        {
            "arxivId": "2310.06825",
            "authors": [
                {
                    "authorId": "2063969818",
                    "name": "Albert Qiaochu Jiang"
                },
                {
                    "authorId": "2256994781",
                    "name": "Alexandre Sablayrolles"
                },
                {
                    "authorId": "1697879",
                    "name": "A. Mensch"
                },
                {
                    "authorId": "2256994975",
                    "name": "Chris Bamford"
                },
                {
                    "authorId": "2328602",
                    "name": "Devendra Singh Chaplot"
                },
                {
                    "authorId": "40550616",
                    "name": "Diego de Las Casas"
                },
                {
                    "authorId": "2256995640",
                    "name": "Florian Bressand"
                },
                {
                    "authorId": "2256993163",
                    "name": "Gianna Lengyel"
                },
                {
                    "authorId": "1830914",
                    "name": "Guillaume Lample"
                },
                {
                    "authorId": "2113836860",
                    "name": "Lucile Saulnier"
                },
                {
                    "authorId": "2256995632",
                    "name": "L'elio Renard Lavaud"
                },
                {
                    "authorId": "114952298",
                    "name": "Marie-Anne Lachaux"
                },
                {
                    "authorId": "2256994779",
                    "name": "Pierre Stock"
                },
                {
                    "authorId": "1379806208",
                    "name": "Teven Le Scao"
                },
                {
                    "authorId": "46183616",
                    "name": "Thibaut Lavril"
                },
                {
                    "authorId": "2135734748",
                    "name": "Thomas Wang"
                },
                {
                    "authorId": "47733973",
                    "name": "Timoth\u00e9e Lacroix"
                },
                {
                    "authorId": "2256992826",
                    "name": "William El Sayed"
                }
            ],
            "doi": "10.48550/arXiv.2310.06825",
            "intent": [
                "methodology"
            ],
            "isInfluential": false,
            "paperId": "db633c6b1c286c0386f0078d8a2e6224e03a6227",
            "title": "Mistral 7B",
            "url": "https://www.semanticscholar.org/paper/db633c6b1c286c0386f0078d8a2e6224e03a6227",
            "venue": "ArXiv",
            "year": 2023
        },
        {
            "arxivId": "2310.01427",
            "authors": [
                {
                    "authorId": "1970752",
                    "name": "A. Peysakhovich"
                },
                {
                    "authorId": "1977806",
                    "name": "Adam Lerer"
                }
            ],
            "doi": "10.48550/arXiv.2310.01427",
            "intent": [
                "background"
            ],
            "isInfluential": false,
            "paperId": "ff01d3dab60dd4b7426c884b009dda83540c0c1e",
            "title": "Attention Sorting Combats Recency Bias In Long Context Language Models",
            "url": "https://www.semanticscholar.org/paper/ff01d3dab60dd4b7426c884b009dda83540c0c1e",
            "venue": "ArXiv",
            "year": 2023
        },
        {
            "arxivId": "2309.15088",
            "authors": [
                {
                    "authorId": "1816753042",
                    "name": "Ronak Pradeep"
                },
                {
                    "authorId": "71076877",
                    "name": "Sahel Sharifymoghaddam"
                },
                {
                    "authorId": "2121626141",
                    "name": "Jimmy Lin"
                }
            ],
            "doi": "10.48550/arXiv.2309.15088",
            "intent": [
                "methodology"
            ],
            "isInfluential": false,
            "paperId": "ba03ca8faa9f01cd9d26b80f08d421376f70de22",
            "title": "RankVicuna: Zero-Shot Listwise Document Reranking with Open-Source Large Language Models",
            "url": "https://www.semanticscholar.org/paper/ba03ca8faa9f01cd9d26b80f08d421376f70de22",
            "venue": "ArXiv",
            "year": 2023
        },
        {
            "arxivId": "2309.06180",
            "authors": [
                {
                    "authorId": "2239096468",
                    "name": "Woosuk Kwon"
                },
                {
                    "authorId": "2141335450",
                    "name": "Zhuohan Li"
                },
                {
                    "authorId": "92721493",
                    "name": "Siyuan Zhuang"
                },
                {
                    "authorId": "2209360681",
                    "name": "Ying Sheng"
                },
                {
                    "authorId": "2149970173",
                    "name": "Lianmin Zheng"
                },
                {
                    "authorId": "2239168517",
                    "name": "Cody Hao Yu"
                },
                {
                    "authorId": "49988044",
                    "name": "Joseph E. Gonzalez"
                },
                {
                    "authorId": "145140331",
                    "name": "Haotong Zhang"
                },
                {
                    "authorId": "2055174324",
                    "name": "Ion Stoica"
                }
            ],
            "doi": "10.1145/3600006.3613165",
            "intent": [
                "methodology"
            ],
            "isInfluential": false,
            "paperId": "83b90f4a0ae4cc214eb3cc140ccfef9cd99fac05",
            "title": "Efficient Memory Management for Large Language Model Serving with PagedAttention",
            "url": "https://www.semanticscholar.org/paper/83b90f4a0ae4cc214eb3cc140ccfef9cd99fac05",
            "venue": "SOSP",
            "year": 2023
        },
        {
            "arxivId": "2309.00770",
            "authors": [
                {
                    "authorId": "2237806749",
                    "name": "Isabel O. Gallegos"
                },
                {
                    "authorId": "2066337266",
                    "name": "Ryan A. Rossi"
                },
                {
                    "authorId": "40080808",
                    "name": "Joe Barrow"
                },
                {
                    "authorId": "35631602",
                    "name": "Md. Mehrab Tanjim"
                },
                {
                    "authorId": "2109571021",
                    "name": "Sungchul Kim"
                },
                {
                    "authorId": "2462276",
                    "name": "Franck Dernoncourt"
                },
                {
                    "authorId": "1500399016",
                    "name": "Tong Yu"
                },
                {
                    "authorId": "1940556",
                    "name": "Ruiyi Zhang"
                },
                {
                    "authorId": "47699955",
                    "name": "Nesreen Ahmed"
                }
            ],
            "doi": "10.1162/coli_a_00524",
            "intent": [
                "background"
            ],
            "isInfluential": false,
            "paperId": "bcfa73aedf1b2d1ee4f168e21298a37ac55a37f7",
            "title": "Bias and Fairness in Large Language Models: A Survey",
            "url": "https://www.semanticscholar.org/paper/bcfa73aedf1b2d1ee4f168e21298a37ac55a37f7",
            "venue": "Computational Linguistics",
            "year": 2023
        },
        {
            "arxivId": "2308.07107",
            "authors": [
                {
                    "authorId": "1900406",
                    "name": "Yutao Zhu"
                },
                {
                    "authorId": "51162759",
                    "name": "Huaying Yuan"
                },
                {
                    "authorId": "2109464614",
                    "name": "Shuting Wang"
                },
                {
                    "authorId": "1830383266",
                    "name": "Jiongnan Liu"
                },
                {
                    "authorId": "2229460959",
                    "name": "Wenhan Liu"
                },
                {
                    "authorId": "2057946598",
                    "name": "Chenlong Deng"
                },
                {
                    "authorId": "1897235",
                    "name": "Zhicheng Dou"
                },
                {
                    "authorId": "153693432",
                    "name": "Ji-rong Wen"
                }
            ],
            "doi": "10.48550/arXiv.2308.07107",
            "intent": [
                "background"
            ],
            "isInfluential": false,
            "paperId": "0b220041eb83c23b7b10d32a5d08c0309d528071",
            "title": "Large Language Models for Information Retrieval: A Survey",
            "url": "https://www.semanticscholar.org/paper/0b220041eb83c23b7b10d32a5d08c0309d528071",
            "venue": "ArXiv",
            "year": 2023
        },
        {
            "arxivId": "2307.03172",
            "authors": [
                {
                    "authorId": "22243769",
                    "name": "Nelson F. Liu"
                },
                {
                    "authorId": "48085802",
                    "name": "Kevin Lin"
                },
                {
                    "authorId": "145430120",
                    "name": "John Hewitt"
                },
                {
                    "authorId": "40404493",
                    "name": "Ashwin Paranjape"
                },
                {
                    "authorId": "143802044",
                    "name": "Michele Bevilacqua"
                },
                {
                    "authorId": "40052301",
                    "name": "F. Petroni"
                },
                {
                    "authorId": "145419642",
                    "name": "Percy Liang"
                }
            ],
            "doi": "10.1162/tacl_a_00638",
            "intent": [],
            "isInfluential": false,
            "paperId": "1733eb7792f7a43dd21f51f4d1017a1bffd217b5",
            "title": "Lost in the Middle: How Language Models Use Long Contexts",
            "url": "https://www.semanticscholar.org/paper/1733eb7792f7a43dd21f51f4d1017a1bffd217b5",
            "venue": "TACL",
            "year": 2023
        },
        {
            "arxivId": null,
            "authors": [
                {
                    "authorId": "145419642",
                    "name": "Percy Liang"
                },
                {
                    "authorId": "150272855",
                    "name": "Rishi Bommasani"
                },
                {
                    "authorId": "2110585783",
                    "name": "Tony Lee"
                },
                {
                    "authorId": "2754804",
                    "name": "Dimitris Tsipras"
                },
                {
                    "authorId": "1914569491",
                    "name": "Dilara Soylu"
                },
                {
                    "authorId": "19168196",
                    "name": "Michihiro Yasunaga"
                },
                {
                    "authorId": "9227100",
                    "name": "Yian Zhang"
                },
                {
                    "authorId": "22252150",
                    "name": "D. Narayanan"
                },
                {
                    "authorId": "3374063",
                    "name": "Yuhuai Wu"
                },
                {
                    "authorId": "32423266",
                    "name": "Ananya Kumar"
                },
                {
                    "authorId": "51149693",
                    "name": "Benjamin Newman"
                },
                {
                    "authorId": "2833699",
                    "name": "Binhang Yuan"
                },
                {
                    "authorId": "1748871792",
                    "name": "Bobby Yan"
                },
                {
                    "authorId": "2146064162",
                    "name": "Ce Zhang"
                },
                {
                    "authorId": "133749287",
                    "name": "Christian Cosgrove"
                },
                {
                    "authorId": "144783904",
                    "name": "Christopher D. Manning"
                },
                {
                    "authorId": "2061444681",
                    "name": "Christopher R'e"
                },
                {
                    "authorId": "1413421064",
                    "name": "Diana Acosta-Navas"
                },
                {
                    "authorId": "152951058",
                    "name": "Drew A. Hudson"
                },
                {
                    "authorId": "49456763",
                    "name": "E. Zelikman"
                },
                {
                    "authorId": "41152329",
                    "name": "Esin Durmus"
                },
                {
                    "authorId": "8759332",
                    "name": "Faisal Ladhak"
                },
                {
                    "authorId": "2047004093",
                    "name": "Frieda Rong"
                },
                {
                    "authorId": "40046694",
                    "name": "Hongyu Ren"
                },
                {
                    "authorId": "18307037",
                    "name": "Huaxiu Yao"
                },
                {
                    "authorId": "39597242",
                    "name": "Jue Wang"
                },
                {
                    "authorId": "50818255",
                    "name": "Keshav Santhanam"
                },
                {
                    "authorId": "4773175",
                    "name": "Laurel J. Orr"
                },
                {
                    "authorId": "2118604716",
                    "name": "Lucia Zheng"
                },
                {
                    "authorId": "2186981598",
                    "name": "Mert Yuksekgonul"
                },
                {
                    "authorId": "51903517",
                    "name": "Mirac Suzgun"
                },
                {
                    "authorId": "2182172863",
                    "name": "Nathan S. Kim"
                },
                {
                    "authorId": "2820009",
                    "name": "Neel Guha"
                },
                {
                    "authorId": "22193324",
                    "name": "Niladri S. Chatterji"
                },
                {
                    "authorId": "144112155",
                    "name": "O. Khattab"
                },
                {
                    "authorId": "2071773966",
                    "name": "Peter Henderson"
                },
                {
                    "authorId": "144862341",
                    "name": "Qian Huang"
                },
                {
                    "authorId": "2121293578",
                    "name": "Ryan Chi"
                },
                {
                    "authorId": "46215055",
                    "name": "Sang Michael Xie"
                },
                {
                    "authorId": "2852106",
                    "name": "Shibani Santurkar"
                },
                {
                    "authorId": "25769960",
                    "name": "S. Ganguli"
                },
                {
                    "authorId": "2117567142",
                    "name": "Tatsunori Hashimoto"
                },
                {
                    "authorId": "8938047",
                    "name": "Thomas F. Icard"
                },
                {
                    "authorId": "123437034",
                    "name": "Tianyi Zhang"
                },
                {
                    "authorId": "113810201",
                    "name": "Vishrav Chaudhary"
                },
                {
                    "authorId": "2127971344",
                    "name": "William Wang"
                },
                {
                    "authorId": "2145429039",
                    "name": "Xuechen Li"
                },
                {
                    "authorId": "2054708905",
                    "name": "Yifan Mai"
                },
                {
                    "authorId": "49889860",
                    "name": "Yuhui Zhang"
                },
                {
                    "authorId": "2740047",
                    "name": "Yuta Koreeda"
                }
            ],
            "doi": "10.1111/nyas.15007",
            "intent": [
                "background"
            ],
            "isInfluential": false,
            "paperId": "ce913026f693101e54d3ab9152e107034d81fce1",
            "title": "Holistic Evaluation of Language Models",
            "url": "https://www.semanticscholar.org/paper/ce913026f693101e54d3ab9152e107034d81fce1",
            "venue": "Trans. Mach. Learn. Res.",
            "year": 2023
        },
        {
            "arxivId": "2305.02156",
            "authors": [
                {
                    "authorId": "2461713",
                    "name": "Xueguang Ma"
                },
                {
                    "authorId": "2118895402",
                    "name": "Xinyu Crystina Zhang"
                },
                {
                    "authorId": "1816753042",
                    "name": "Ronak Pradeep"
                },
                {
                    "authorId": "145580839",
                    "name": "Jimmy J. Lin"
                }
            ],
            "doi": "10.48550/arXiv.2305.02156",
            "intent": [
                "methodology"
            ],
            "isInfluential": false,
            "paperId": "8be0ec99f80710887e3a8e6bac5fba51a8fd7186",
            "title": "Zero-Shot Listwise Document Reranking with a Large Language Model",
            "url": "https://www.semanticscholar.org/paper/8be0ec99f80710887e3a8e6bac5fba51a8fd7186",
            "venue": "ArXiv",
            "year": 2023
        },
        {
            "arxivId": "2304.09542",
            "authors": [
                {
                    "authorId": "2153198380",
                    "name": "Weiwei Sun"
                },
                {
                    "authorId": "1387839383",
                    "name": "Lingyong Yan"
                },
                {
                    "authorId": "121875983",
                    "name": "Xinyu Ma"
                },
                {
                    "authorId": "1749477",
                    "name": "Pengjie Ren"
                },
                {
                    "authorId": "2136400100",
                    "name": "Dawei Yin"
                },
                {
                    "authorId": "2780667",
                    "name": "Z. Ren"
                }
            ],
            "doi": "10.48550/arXiv.2304.09542",
            "intent": [
                "background",
                "methodology"
            ],
            "isInfluential": true,
            "paperId": "459c82205d2a27a8542bba7a4d478a8a23be2f5d",
            "title": "Is ChatGPT Good at Search? Investigating Large Language Models as Re-Ranking Agent",
            "url": "https://www.semanticscholar.org/paper/459c82205d2a27a8542bba7a4d478a8a23be2f5d",
            "venue": "EMNLP",
            "year": 2023
        },
        {
            "arxivId": "2204.07496",
            "authors": [
                {
                    "authorId": "39670454",
                    "name": "Devendra Singh Sachan"
                },
                {
                    "authorId": "35084211",
                    "name": "M. Lewis"
                },
                {
                    "authorId": "2052143361",
                    "name": "Mandar Joshi"
                },
                {
                    "authorId": "2201435",
                    "name": "Armen Aghajanyan"
                },
                {
                    "authorId": "2072801764",
                    "name": "Wen-tau Yih"
                },
                {
                    "authorId": "145134884",
                    "name": "J. Pineau"
                },
                {
                    "authorId": "1982950",
                    "name": "Luke Zettlemoyer"
                }
            ],
            "doi": "10.48550/arXiv.2204.07496",
            "intent": [
                "background"
            ],
            "isInfluential": false,
            "paperId": "5f8f992d84d5f8b5e8806dad6076bcc4dca11a34",
            "title": "Improving Passage Retrieval with Zero-Shot Question Generation",
            "url": "https://www.semanticscholar.org/paper/5f8f992d84d5f8b5e8806dad6076bcc4dca11a34",
            "venue": "EMNLP",
            "year": 2022
        },
        {
            "arxivId": "2112.01488",
            "authors": [
                {
                    "authorId": "50818255",
                    "name": "Keshav Santhanam"
                },
                {
                    "authorId": "144112155",
                    "name": "O. Khattab"
                },
                {
                    "authorId": "2127522115",
                    "name": "Jon Saad-Falcon"
                },
                {
                    "authorId": "144922861",
                    "name": "Christopher Potts"
                },
                {
                    "authorId": "143834867",
                    "name": "M. Zaharia"
                }
            ],
            "doi": "10.18653/v1/2022.naacl-main.272",
            "intent": [],
            "isInfluential": false,
            "paperId": "590432f953b6ce1b4b36bf66a2ac65eeee567515",
            "title": "ColBERTv2: Effective and Efficient Retrieval via Lightweight Late Interaction",
            "url": "https://www.semanticscholar.org/paper/590432f953b6ce1b4b36bf66a2ac65eeee567515",
            "venue": "NAACL",
            "year": 2021
        },
        {
            "arxivId": "2108.00573",
            "authors": [
                {
                    "authorId": "6365809",
                    "name": "H. Trivedi"
                },
                {
                    "authorId": "35217367",
                    "name": "Niranjan Balasubramanian"
                },
                {
                    "authorId": "2236429",
                    "name": "Tushar Khot"
                },
                {
                    "authorId": "48229640",
                    "name": "Ashish Sabharwal"
                }
            ],
            "doi": "10.1162/tacl_a_00475",
            "intent": [],
            "isInfluential": false,
            "paperId": "ec307b17f193b14292206b65a1bcc95bfd8f02ed",
            "title": "\u266b MuSiQue: Multihop Questions via Single-hop Question Composition",
            "url": "https://www.semanticscholar.org/paper/ec307b17f193b14292206b65a1bcc95bfd8f02ed",
            "venue": "TACL",
            "year": 2021
        },
        {
            "arxivId": "2104.08663",
            "authors": [
                {
                    "authorId": "47583894",
                    "name": "Nandan Thakur"
                },
                {
                    "authorId": "2959414",
                    "name": "Nils Reimers"
                },
                {
                    "authorId": "1404060894",
                    "name": "Andreas Ruckl'e"
                },
                {
                    "authorId": "153257123",
                    "name": "Abhishek Srivastava"
                },
                {
                    "authorId": "69033154",
                    "name": "Iryna Gurevych"
                }
            ],
            "doi": null,
            "intent": [
                "methodology"
            ],
            "isInfluential": false,
            "paperId": "807600ef43073cd9c59d4208ee710e90cf14efa8",
            "title": "BEIR: A Heterogenous Benchmark for Zero-shot Evaluation of Information Retrieval Models",
            "url": "https://www.semanticscholar.org/paper/807600ef43073cd9c59d4208ee710e90cf14efa8",
            "venue": "NeurIPS Datasets and Benchmarks",
            "year": 2021
        },
        {
            "arxivId": "2102.09690",
            "authors": [
                {
                    "authorId": "145914976",
                    "name": "Tony Zhao"
                },
                {
                    "authorId": "145217343",
                    "name": "Eric Wallace"
                },
                {
                    "authorId": "2113511266",
                    "name": "Shi Feng"
                },
                {
                    "authorId": "38666915",
                    "name": "D. Klein"
                },
                {
                    "authorId": "34650964",
                    "name": "Sameer Singh"
                }
            ],
            "doi": null,
            "intent": [
                "methodology"
            ],
            "isInfluential": false,
            "paperId": "56fa0b9cba4d9aee5ccc327365b3b3a721031c69",
            "title": "Calibrate Before Use: Improving Few-Shot Performance of Language Models",
            "url": "https://www.semanticscholar.org/paper/56fa0b9cba4d9aee5ccc327365b3b3a721031c69",
            "venue": "ICML",
            "year": 2021
        },
        {
            "arxivId": "2012.04584",
            "authors": [
                {
                    "authorId": "1410231361",
                    "name": "Gautier Izacard"
                },
                {
                    "authorId": "3024698",
                    "name": "Edouard Grave"
                }
            ],
            "doi": null,
            "intent": [
                "background"
            ],
            "isInfluential": false,
            "paperId": "2b4bc49a3b23229a060609380752666b24b435fb",
            "title": "Distilling Knowledge from Reader to Retriever for Question Answering",
            "url": "https://www.semanticscholar.org/paper/2b4bc49a3b23229a060609380752666b24b435fb",
            "venue": "ICLR",
            "year": 2020
        },
        {
            "arxivId": "2012.00614",
            "authors": [
                {
                    "authorId": "2106073554",
                    "name": "Thomas Diggelmann"
                },
                {
                    "authorId": "1389036863",
                    "name": "Jordan L. Boyd-Graber"
                },
                {
                    "authorId": "2362210",
                    "name": "Jannis Bulian"
                },
                {
                    "authorId": "2754495",
                    "name": "Massimiliano Ciaramita"
                },
                {
                    "authorId": "3073566",
                    "name": "Markus Leippold"
                }
            ],
            "doi": "10.5167/UZH-192000",
            "intent": [],
            "isInfluential": false,
            "paperId": "086e6733e5fda70bbce0c7545bd06d5634918a60",
            "title": "CLIMATE-FEVER: A Dataset for Verification of Real-World Climate Claims",
            "url": "https://www.semanticscholar.org/paper/086e6733e5fda70bbce0c7545bd06d5634918a60",
            "venue": "ArXiv",
            "year": 2020
        },
        {
            "arxivId": "2011.01060",
            "authors": [
                {
                    "authorId": "1643889940",
                    "name": "Xanh Ho"
                },
                {
                    "authorId": "1997993126",
                    "name": "A. Nguyen"
                },
                {
                    "authorId": "2673984",
                    "name": "Saku Sugawara"
                },
                {
                    "authorId": "1705519",
                    "name": "Akiko Aizawa"
                }
            ],
            "doi": "10.18653/V1/2020.COLING-MAIN.580",
            "intent": [
                "methodology"
            ],
            "isInfluential": false,
            "paperId": "9001eb3c3d5a96ad3d804410c2437e6f60feade9",
            "title": "Constructing A Multi-hop QA Dataset for Comprehensive Evaluation of Reasoning Steps",
            "url": "https://www.semanticscholar.org/paper/9001eb3c3d5a96ad3d804410c2437e6f60feade9",
            "venue": "COLING",
            "year": 2020
        },
        {
            "arxivId": "2005.11401",
            "authors": [
                {
                    "authorId": "145222654",
                    "name": "Patrick Lewis"
                },
                {
                    "authorId": "3439053",
                    "name": "Ethan Perez"
                },
                {
                    "authorId": "1716179427",
                    "name": "Aleksandara Piktus"
                },
                {
                    "authorId": "40052301",
                    "name": "F. Petroni"
                },
                {
                    "authorId": "2067091563",
                    "name": "Vladimir Karpukhin"
                },
                {
                    "authorId": "39589154",
                    "name": "Naman Goyal"
                },
                {
                    "authorId": "103131985",
                    "name": "Heinrich Kuttler"
                },
                {
                    "authorId": "35084211",
                    "name": "M. Lewis"
                },
                {
                    "authorId": "144105277",
                    "name": "Wen-tau Yih"
                },
                {
                    "authorId": "2620211",
                    "name": "Tim Rockt\u00e4schel"
                },
                {
                    "authorId": "48662861",
                    "name": "Sebastian Riedel"
                },
                {
                    "authorId": "1743722",
                    "name": "Douwe Kiela"
                }
            ],
            "doi": null,
            "intent": [
                "methodology"
            ],
            "isInfluential": false,
            "paperId": "58ed1fbaabe027345f7bb3a6312d41c5aac63e22",
            "title": "Retrieval-Augmented Generation for Knowledge-Intensive NLP Tasks",
            "url": "https://www.semanticscholar.org/paper/58ed1fbaabe027345f7bb3a6312d41c5aac63e22",
            "venue": "NeurIPS",
            "year": 2020
        },
        {
            "arxivId": "2004.14974",
            "authors": [
                {
                    "authorId": "30051202",
                    "name": "David Wadden"
                },
                {
                    "authorId": "46258841",
                    "name": "Kyle Lo"
                },
                {
                    "authorId": "31860505",
                    "name": "Lucy Lu Wang"
                },
                {
                    "authorId": "32370203",
                    "name": "Shanchuan Lin"
                },
                {
                    "authorId": "15292561",
                    "name": "Madeleine van Zuylen"
                },
                {
                    "authorId": "2527954",
                    "name": "Arman Cohan"
                },
                {
                    "authorId": "2548384",
                    "name": "Hannaneh Hajishirzi"
                }
            ],
            "doi": "10.18653/v1/2020.emnlp-main.609",
            "intent": [],
            "isInfluential": true,
            "paperId": "b770d84055c32febe922be9931c453fdbebe9002",
            "title": "Fact or Fiction: Verifying Scientific Claims",
            "url": "https://www.semanticscholar.org/paper/b770d84055c32febe922be9931c453fdbebe9002",
            "venue": "EMNLP",
            "year": 2020
        },
        {
            "arxivId": "2004.07180",
            "authors": [
                {
                    "authorId": "2527954",
                    "name": "Arman Cohan"
                },
                {
                    "authorId": "46411828",
                    "name": "Sergey Feldman"
                },
                {
                    "authorId": "46181066",
                    "name": "Iz Beltagy"
                },
                {
                    "authorId": "145612610",
                    "name": "Doug Downey"
                },
                {
                    "authorId": "1780531",
                    "name": "Daniel S. Weld"
                }
            ],
            "doi": "10.18653/v1/2020.acl-main.207",
            "intent": [],
            "isInfluential": false,
            "paperId": "a3e4ceb42cbcd2c807d53aff90a8cb1f5ee3f031",
            "title": "SPECTER: Document-level Representation Learning using Citation-informed Transformers",
            "url": "https://www.semanticscholar.org/paper/a3e4ceb42cbcd2c807d53aff90a8cb1f5ee3f031",
            "venue": "ACL",
            "year": 2020
        },
        {
            "arxivId": "2004.04906",
            "authors": [
                {
                    "authorId": "2067091563",
                    "name": "Vladimir Karpukhin"
                },
                {
                    "authorId": "9185192",
                    "name": "Barlas O\u011fuz"
                },
                {
                    "authorId": "48872685",
                    "name": "Sewon Min"
                },
                {
                    "authorId": "145222654",
                    "name": "Patrick Lewis"
                },
                {
                    "authorId": "51183248",
                    "name": "Ledell Yu Wu"
                },
                {
                    "authorId": "2068070",
                    "name": "Sergey Edunov"
                },
                {
                    "authorId": "50536468",
                    "name": "Danqi Chen"
                },
                {
                    "authorId": "144105277",
                    "name": "Wen-tau Yih"
                }
            ],
            "doi": "10.18653/v1/2020.emnlp-main.550",
            "intent": [
                "background"
            ],
            "isInfluential": false,
            "paperId": "b26f2037f769d5ffc5f7bdcec2de8da28ec14bee",
            "title": "Dense Passage Retrieval for Open-Domain Question Answering",
            "url": "https://www.semanticscholar.org/paper/b26f2037f769d5ffc5f7bdcec2de8da28ec14bee",
            "venue": "EMNLP",
            "year": 2020
        },
        {
            "arxivId": "2003.06713",
            "authors": [
                {
                    "authorId": "143744603",
                    "name": "Rodrigo Nogueira"
                },
                {
                    "authorId": "2197574931",
                    "name": "Zhiying Jiang"
                },
                {
                    "authorId": "1816753042",
                    "name": "Ronak Pradeep"
                },
                {
                    "authorId": "145580839",
                    "name": "Jimmy J. Lin"
                }
            ],
            "doi": "10.18653/v1/2020.findings-emnlp.63",
            "intent": [],
            "isInfluential": false,
            "paperId": "f6e0164466e827112fd415afdc28ddf8e0eb1ba3",
            "title": "Document Ranking with a Pretrained Sequence-to-Sequence Model",
            "url": "https://www.semanticscholar.org/paper/f6e0164466e827112fd415afdc28ddf8e0eb1ba3",
            "venue": "FINDINGS",
            "year": 2020
        },
        {
            "arxivId": "1910.14424",
            "authors": [
                {
                    "authorId": "143744603",
                    "name": "Rodrigo Nogueira"
                },
                {
                    "authorId": "144205313",
                    "name": "Wei Yang"
                },
                {
                    "authorId": "1979489",
                    "name": "Kyunghyun Cho"
                },
                {
                    "authorId": "145580839",
                    "name": "Jimmy J. Lin"
                }
            ],
            "doi": null,
            "intent": [
                "background"
            ],
            "isInfluential": false,
            "paperId": "63a2fabbe4b1615a84d5f4d90987733cf09e3ff8",
            "title": "Multi-Stage Document Ranking with BERT",
            "url": "https://www.semanticscholar.org/paper/63a2fabbe4b1615a84d5f4d90987733cf09e3ff8",
            "venue": "ArXiv",
            "year": 2019
        },
        {
            "arxivId": "1908.04626",
            "authors": [
                {
                    "authorId": "35823986",
                    "name": "Sarah Wiegreffe"
                },
                {
                    "authorId": "1826312",
                    "name": "Yuval Pinter"
                }
            ],
            "doi": "10.18653/v1/D19-1002",
            "intent": [
                "background"
            ],
            "isInfluential": false,
            "paperId": "ce177672b00ddf46e4906157a7e997ca9338b8b9",
            "title": "Attention is not not Explanation",
            "url": "https://www.semanticscholar.org/paper/ce177672b00ddf46e4906157a7e997ca9338b8b9",
            "venue": "EMNLP",
            "year": 2019
        },
        {
            "arxivId": null,
            "authors": [
                {
                    "authorId": "15652489",
                    "name": "T. Kwiatkowski"
                },
                {
                    "authorId": "52578817",
                    "name": "J. Palomaki"
                },
                {
                    "authorId": "90784578",
                    "name": "Olivia Redfield"
                },
                {
                    "authorId": "123052390",
                    "name": "Michael Collins"
                },
                {
                    "authorId": "144729897",
                    "name": "Ankur P. Parikh"
                },
                {
                    "authorId": "114577307",
                    "name": "Chris Alberti"
                },
                {
                    "authorId": "153215783",
                    "name": "D. Epstein"
                },
                {
                    "authorId": "3443442",
                    "name": "Illia Polosukhin"
                },
                {
                    "authorId": "39172707",
                    "name": "Jacob Devlin"
                },
                {
                    "authorId": "2544107",
                    "name": "Kenton Lee"
                },
                {
                    "authorId": "3259253",
                    "name": "Kristina Toutanova"
                },
                {
                    "authorId": "145024664",
                    "name": "Llion Jones"
                },
                {
                    "authorId": "2554321",
                    "name": "Matthew Kelcey"
                },
                {
                    "authorId": "1744179",
                    "name": "Ming-Wei Chang"
                },
                {
                    "authorId": "2555924",
                    "name": "Andrew M. Dai"
                },
                {
                    "authorId": "39328010",
                    "name": "Jakob Uszkoreit"
                },
                {
                    "authorId": "2827616",
                    "name": "Quoc V. Le"
                },
                {
                    "authorId": "1754497",
                    "name": "Slav Petrov"
                }
            ],
            "doi": "10.1162/tacl_a_00276",
            "intent": [],
            "isInfluential": false,
            "paperId": "17dbd7b72029181327732e4d11b52a08ed4630d0",
            "title": "Natural Questions: A Benchmark for Question Answering Research",
            "url": "https://www.semanticscholar.org/paper/17dbd7b72029181327732e4d11b52a08ed4630d0",
            "venue": "TACL",
            "year": 2019
        },
        {
            "arxivId": "1906.03731",
            "authors": [
                {
                    "authorId": "38618739",
                    "name": "Sofia Serrano"
                },
                {
                    "authorId": "144365875",
                    "name": "Noah A. Smith"
                }
            ],
            "doi": "10.18653/v1/P19-1282",
            "intent": [
                "background"
            ],
            "isInfluential": false,
            "paperId": "135112c7ba1762d65f39b1a61777f26ae4dfd8ad",
            "title": "Is Attention Interpretable?",
            "url": "https://www.semanticscholar.org/paper/135112c7ba1762d65f39b1a61777f26ae4dfd8ad",
            "venue": "ACL",
            "year": 2019
        },
        {
            "arxivId": null,
            "authors": [
                {
                    "authorId": "39493329",
                    "name": "Sarah Verschueren"
                },
                {
                    "authorId": "147170082",
                    "name": "J. van Aalst"
                },
                {
                    "authorId": "41034197",
                    "name": "A. Bangels"
                },
                {
                    "authorId": "4333271",
                    "name": "J. Toelen"
                },
                {
                    "authorId": "6115635",
                    "name": "K. Allegaert"
                },
                {
                    "authorId": "13686669",
                    "name": "C. Buffel"
                },
                {
                    "authorId": "115642118",
                    "name": "G. Vander Stichele"
                }
            ],
            "doi": "10.2196/preprints.12431",
            "intent": [],
            "isInfluential": false,
            "paperId": "6398cb8f2af1c988a097ed1e1cefb380195edfb8",
            "title": "(Preprint)",
            "url": "https://www.semanticscholar.org/paper/6398cb8f2af1c988a097ed1e1cefb380195edfb8",
            "venue": "",
            "year": 2018
        },
        {
            "arxivId": "1809.09600",
            "authors": [
                {
                    "authorId": "2109512754",
                    "name": "Zhilin Yang"
                },
                {
                    "authorId": "50531624",
                    "name": "Peng Qi"
                },
                {
                    "authorId": "35097114",
                    "name": "Saizheng Zhang"
                },
                {
                    "authorId": "1751762",
                    "name": "Yoshua Bengio"
                },
                {
                    "authorId": "50056360",
                    "name": "William W. Cohen"
                },
                {
                    "authorId": "145124475",
                    "name": "R. Salakhutdinov"
                },
                {
                    "authorId": "144783904",
                    "name": "Christopher D. Manning"
                }
            ],
            "doi": "10.18653/v1/D18-1259",
            "intent": [
                "methodology"
            ],
            "isInfluential": true,
            "paperId": "22655979df781d222eaf812b0d325fa9adf11594",
            "title": "HotpotQA: A Dataset for Diverse, Explainable Multi-hop Question Answering",
            "url": "https://www.semanticscholar.org/paper/22655979df781d222eaf812b0d325fa9adf11594",
            "venue": "EMNLP",
            "year": 2018
        },
        {
            "arxivId": null,
            "authors": [
                {
                    "authorId": "23685238",
                    "name": "Macedo Maia"
                },
                {
                    "authorId": "1789102",
                    "name": "S. Handschuh"
                },
                {
                    "authorId": "145528474",
                    "name": "A. Freitas"
                },
                {
                    "authorId": "145566729",
                    "name": "Brian Davis"
                },
                {
                    "authorId": "48724032",
                    "name": "Ross McDermott"
                },
                {
                    "authorId": "34936544",
                    "name": "Manel Zarrouk"
                },
                {
                    "authorId": "1702225",
                    "name": "A. Balahur"
                }
            ],
            "doi": "10.1145/3184558.3192301",
            "intent": [],
            "isInfluential": true,
            "paperId": "7191680b572ee7145f1a9d95ff11ab1ff44259f3",
            "title": "WWW'18 Open Challenge: Financial Opinion Mining and Question Answering",
            "url": "https://www.semanticscholar.org/paper/7191680b572ee7145f1a9d95ff11ab1ff44259f3",
            "venue": "WWW",
            "year": 2018
        },
        {
            "arxivId": "1803.05355",
            "authors": [
                {
                    "authorId": "144603330",
                    "name": "James Thorne"
                },
                {
                    "authorId": "2064056928",
                    "name": "Andreas Vlachos"
                },
                {
                    "authorId": "2718039",
                    "name": "Christos Christodoulopoulos"
                },
                {
                    "authorId": "2008596",
                    "name": "Arpit Mittal"
                }
            ],
            "doi": "10.18653/v1/N18-1074",
            "intent": [],
            "isInfluential": true,
            "paperId": "b1d24e8e08435b7c52335485a0d635abf9bc604c",
            "title": "FEVER: a Large-scale Dataset for Fact Extraction and VERification",
            "url": "https://www.semanticscholar.org/paper/b1d24e8e08435b7c52335485a0d635abf9bc604c",
            "venue": "NAACL",
            "year": 2018
        },
        {
            "arxivId": null,
            "authors": [
                {
                    "authorId": "1951737",
                    "name": "Faegheh Hasibi"
                },
                {
                    "authorId": "3229455",
                    "name": "Fedor Nikolaev"
                },
                {
                    "authorId": "144628574",
                    "name": "Chenyan Xiong"
                },
                {
                    "authorId": "1680484",
                    "name": "K. Balog"
                },
                {
                    "authorId": "2895191",
                    "name": "Svein Erik Bratsberg"
                },
                {
                    "authorId": "145084003",
                    "name": "Alexander Kotov"
                },
                {
                    "authorId": "144987107",
                    "name": "Jamie Callan"
                }
            ],
            "doi": "10.1145/3077136.3080751",
            "intent": [
                "methodology"
            ],
            "isInfluential": false,
            "paperId": "c6ed75ad2a7ae4035e3e41cc1cf5f6e04142a198",
            "title": "DBpedia-Entity v2: A Test Collection for Entity Search",
            "url": "https://www.semanticscholar.org/paper/c6ed75ad2a7ae4035e3e41cc1cf5f6e04142a198",
            "venue": "SIGIR",
            "year": 2017
        },
        {
            "arxivId": null,
            "authors": [
                {
                    "authorId": "1414272650",
                    "name": "V. Boteva"
                },
                {
                    "authorId": "23997890",
                    "name": "D. Ghalandari"
                },
                {
                    "authorId": "2297341",
                    "name": "Artem Sokolov"
                },
                {
                    "authorId": "3289329",
                    "name": "S. Riezler"
                }
            ],
            "doi": "10.1007/978-3-319-30671-1_58",
            "intent": [
                "methodology"
            ],
            "isInfluential": false,
            "paperId": "082ae4ab466b36029c8d0f28a5ec75a665e7a715",
            "title": "A Full-Text Learning to Rank Dataset for Medical Information Retrieval",
            "url": "https://www.semanticscholar.org/paper/082ae4ab466b36029c8d0f28a5ec75a665e7a715",
            "venue": "ECIR",
            "year": 2016
        },
        {
            "arxivId": "1409.0473",
            "authors": [
                {
                    "authorId": "3335364",
                    "name": "Dzmitry Bahdanau"
                },
                {
                    "authorId": "1979489",
                    "name": "Kyunghyun Cho"
                },
                {
                    "authorId": "1751762",
                    "name": "Yoshua Bengio"
                }
            ],
            "doi": null,
            "intent": [
                "methodology"
            ],
            "isInfluential": false,
            "paperId": "fa72afa9b2cbc8f0d7b05d52548906610ffbb9c5",
            "title": "Neural Machine Translation by Jointly Learning to Align and Translate",
            "url": "https://www.semanticscholar.org/paper/fa72afa9b2cbc8f0d7b05d52548906610ffbb9c5",
            "venue": "ICLR",
            "year": 2014
        },
        {
            "arxivId": null,
            "authors": [
                {
                    "authorId": "144430625",
                    "name": "S. Robertson"
                },
                {
                    "authorId": "2833561",
                    "name": "H. Zaragoza"
                }
            ],
            "doi": "10.1561/1500000019",
            "intent": [
                "background",
                "methodology"
            ],
            "isInfluential": true,
            "paperId": "47ced790a563344efae66588b5fb7fe6cca29ed3",
            "title": "The Probabilistic Relevance Framework: BM25 and Beyond",
            "url": "https://www.semanticscholar.org/paper/47ced790a563344efae66588b5fb7fe6cca29ed3",
            "venue": "Found. Trends Inf. Retr.",
            "year": 2009
        },
        {
            "arxivId": null,
            "authors": [
                {
                    "authorId": "32573794",
                    "name": "Andrew Drozdov"
                },
                {
                    "authorId": "39371343",
                    "name": "Honglei Zhuang"
                },
                {
                    "authorId": "2261281571",
                    "name": "Zhuyun Dai"
                },
                {
                    "authorId": "2099586642",
                    "name": "Zhen Qin"
                },
                {
                    "authorId": "2261281214",
                    "name": "Razieh Rahimi"
                },
                {
                    "authorId": "2261356664",
                    "name": "Xuanhui Wang"
                },
                {
                    "authorId": "2261282871",
                    "name": "Dana Alon"
                },
                {
                    "authorId": "2136562",
                    "name": "Mohit Iyyer"
                },
                {
                    "authorId": "2261282756",
                    "name": "Andrew McCallum"
                },
                {
                    "authorId": "2261280537",
                    "name": "Donald Metzler"
                },
                {
                    "authorId": "2261281337",
                    "name": "Kai Hui"
                }
            ],
            "doi": "10.18653/v1/2023.findings-emnlp.950",
            "intent": [
                "background"
            ],
            "isInfluential": false,
            "paperId": "46dff1c24effa2fe8df0bec4f020d45ac1f30018",
            "title": "PaRaDe: Passage Ranking using Demonstrations with LLMs",
            "url": "https://www.semanticscholar.org/paper/46dff1c24effa2fe8df0bec4f020d45ac1f30018",
            "venue": "EMNLP",
            "year": 2023
        }
    ],
    "s2FieldsOfStudy": [
        {
            "category": "Computer Science",
            "source": "external"
        },
        {
            "category": "Computer Science",
            "source": "s2-fos-model"
        }
    ],
    "title": "Attention in Large Language Models Yields Efficient Zero-Shot Re-Rankers",
    "topics": [],
    "url": "https://www.semanticscholar.org/paper/c78422dff7c4dbf0aa7e41f08aa610a0d317eb3d",
    "venue": "arXiv.org",
    "year": 2024
}