{
    "abstract": "Open-source Electronic Design Automation (EDA) tools are rapidly transforming chip design by addressing key barriers of commercial EDA tools such as complexity, costs, and access. Recent advancements in Large Language Models (LLMs) have further enhanced efficiency in chip design by providing user assistance across a range of tasks like setup, decision-making, and flow automation. This paper introduces ORAssistant, a conversational assistant for OpenROAD, based on Retrieval-Augmented Generation (RAG). ORAssistant aims to improve the user experience for the OpenROAD flow, from RTL-GDSII by providing context-specific responses to common user queries, including installation, command usage, flow setup, and execution, in prose format. Currently, ORAssistant integrates OpenROAD, OpenROAD-flow-scripts, Yosys, OpenSTA, and KLayout. The data model is built from publicly available documentation and GitHub resources. The proposed architecture is scalable, supporting extensions to other open-source tools, operating modes, and LLM models. We use Google Gemini as the base LLM model to build and test ORAssistant. Early evaluation results of the RAG-based model show notable improvements in performance and accuracy compared to non-fine-tuned LLMs.",
    "arxivId": "2410.03845",
    "authors": [
        {
            "authorId": "2324793939",
            "name": "Aviral Kaintura",
            "url": "https://www.semanticscholar.org/author/2324793939"
        },
        {
            "authorId": "2324795090",
            "name": "Palaniappan R",
            "url": "https://www.semanticscholar.org/author/2324795090"
        },
        {
            "authorId": "2324792679",
            "name": "Shui Song Luar",
            "url": "https://www.semanticscholar.org/author/2324792679"
        },
        {
            "authorId": "2324794737",
            "name": "Indira Iyer Almeida",
            "url": "https://www.semanticscholar.org/author/2324794737"
        }
    ],
    "citationVelocity": 0,
    "citations": [],
    "corpusId": 273186871,
    "doi": "10.48550/arXiv.2410.03845",
    "fieldsOfStudy": [
        "Computer Science"
    ],
    "influentialCitationCount": 0,
    "isOpenAccess": false,
    "isPublisherLicensed": true,
    "is_open_access": false,
    "is_publisher_licensed": true,
    "numCitedBy": 0,
    "numCiting": 22,
    "paperId": "80fb330428072f734fb4e8b73f89a1c4fcc280d4",
    "references": [
        {
            "arxivId": null,
            "authors": [
                {
                    "authorId": "2301154831",
                    "name": "Utsav Sharma"
                },
                {
                    "authorId": "2294924354",
                    "name": "Bing-Yue Wu"
                },
                {
                    "authorId": "2301155387",
                    "name": "Sai Rahul Dhanvi Kankipati"
                },
                {
                    "authorId": "108038866",
                    "name": "V. A. Chhabria"
                },
                {
                    "authorId": "2301153034",
                    "name": "Austin Rovinski"
                }
            ],
            "doi": "10.1109/MLCAD62225.2024.10740242",
            "intent": [],
            "isInfluential": false,
            "paperId": "8f068d9164f0d0d73e4b3c289465132b7dacffb2",
            "title": "OpenROAD-Assistant: An Open-Source Large Language Model for Physical Design Tasks",
            "url": "https://www.semanticscholar.org/paper/8f068d9164f0d0d73e4b3c289465132b7dacffb2",
            "venue": "2024 ACM/IEEE 6th Symposium on Machine Learning for CAD (MLCAD)",
            "year": 2024
        },
        {
            "arxivId": "2407.15353",
            "authors": [
                {
                    "authorId": "2220363044",
                    "name": "Yuan Pu"
                },
                {
                    "authorId": "8822971",
                    "name": "Zhuolun He"
                },
                {
                    "authorId": "2312323764",
                    "name": "Tairu Qiu"
                },
                {
                    "authorId": "2275801674",
                    "name": "Haoyuan Wu"
                },
                {
                    "authorId": "2257320153",
                    "name": "Bei Yu"
                }
            ],
            "doi": "10.48550/arXiv.2407.15353",
            "intent": [],
            "isInfluential": false,
            "paperId": "5c538b02e876fd39f8a60907a792556f73fb74b0",
            "title": "Customized Retrieval Augmented Generation and Benchmarking for EDA Tool Documentation QA",
            "url": "https://www.semanticscholar.org/paper/5c538b02e876fd39f8a60907a792556f73fb74b0",
            "venue": "ArXiv",
            "year": 2024
        },
        {
            "arxivId": "2406.06575",
            "authors": [
                {
                    "authorId": "2305567308",
                    "name": "Luyao Shi"
                },
                {
                    "authorId": "2321478",
                    "name": "Michael A. Kazda"
                },
                {
                    "authorId": "2305683223",
                    "name": "Bradley Sears"
                },
                {
                    "authorId": "2305684103",
                    "name": "Nick Shropshire"
                },
                {
                    "authorId": "2305683431",
                    "name": "Ruchir Puri"
                }
            ],
            "doi": "10.1109/LAD62341.2024.10691824",
            "intent": [],
            "isInfluential": false,
            "paperId": "ce0f59c646e62d22a0d69890a8802ef14d55e28f",
            "title": "Ask-EDA: A Design Assistant Empowered by LLM, Hybrid RAG and Abbreviation De-hallucination",
            "url": "https://www.semanticscholar.org/paper/ce0f59c646e62d22a0d69890a8802ef14d55e28f",
            "venue": "2024 IEEE LLM Aided Design Workshop (LAD)",
            "year": 2024
        },
        {
            "arxivId": "2405.06676",
            "authors": [
                {
                    "authorId": "2294924354",
                    "name": "Bing-Yue Wu"
                },
                {
                    "authorId": "2301154831",
                    "name": "Utsav Sharma"
                },
                {
                    "authorId": "2301155387",
                    "name": "Sai Rahul Dhanvi Kankipati"
                },
                {
                    "authorId": "2301266729",
                    "name": "Ajay Yadav"
                },
                {
                    "authorId": "2301153813",
                    "name": "Bintu Kappil George"
                },
                {
                    "authorId": "2301153407",
                    "name": "Sai Ritish Guntupalli"
                },
                {
                    "authorId": "2301153034",
                    "name": "Austin Rovinski"
                },
                {
                    "authorId": "108038866",
                    "name": "V. A. Chhabria"
                }
            ],
            "doi": "10.1109/LAD62341.2024.10691774",
            "intent": [],
            "isInfluential": false,
            "paperId": "f08d19adb7fadf8627376ccfd9935602f3843b7c",
            "title": "EDA Corpus: A Large Language Model Dataset for Enhanced Interaction with OpenROAD",
            "url": "https://www.semanticscholar.org/paper/f08d19adb7fadf8627376ccfd9935602f3843b7c",
            "venue": "2024 IEEE LLM Aided Design Workshop (LAD)",
            "year": 2024
        },
        {
            "arxivId": "2401.08281",
            "authors": [
                {
                    "authorId": "3271933",
                    "name": "Matthijs Douze"
                },
                {
                    "authorId": "2279757704",
                    "name": "Alexandr Guzhva"
                },
                {
                    "authorId": "2279751588",
                    "name": "Chengqi Deng"
                },
                {
                    "authorId": "2279755427",
                    "name": "Jeff Johnson"
                },
                {
                    "authorId": "2253402270",
                    "name": "Gergely Szilvasy"
                },
                {
                    "authorId": "2067339864",
                    "name": "Pierre-Emmanuel Mazar'e"
                },
                {
                    "authorId": "2253400960",
                    "name": "Maria Lomeli"
                },
                {
                    "authorId": "2279752665",
                    "name": "Lucas Hosseini"
                },
                {
                    "authorId": "2202919559",
                    "name": "Herv'e J'egou"
                }
            ],
            "doi": "10.48550/arXiv.2401.08281",
            "intent": [],
            "isInfluential": false,
            "paperId": "d4999c6f04c357414f66066f0fa06be14faa8efc",
            "title": "The Faiss library",
            "url": "https://www.semanticscholar.org/paper/d4999c6f04c357414f66066f0fa06be14faa8efc",
            "venue": "ArXiv",
            "year": 2024
        },
        {
            "arxivId": "2311.00176",
            "authors": [
                {
                    "authorId": "2264029479",
                    "name": "Mingjie Liu"
                },
                {
                    "authorId": "2131947631",
                    "name": "Teodor-Dumitru Ene"
                },
                {
                    "authorId": "2062359813",
                    "name": "Robert Kirby"
                },
                {
                    "authorId": "2263934207",
                    "name": "Chris Cheng"
                },
                {
                    "authorId": "2264391720",
                    "name": "Nathaniel Pinckney"
                },
                {
                    "authorId": "2291240060",
                    "name": "Rongjian Liang"
                },
                {
                    "authorId": "67038137",
                    "name": "Jonah Alben"
                },
                {
                    "authorId": "2060259990",
                    "name": "Himyanshu Anand"
                },
                {
                    "authorId": "2110879134",
                    "name": "Sanmitra Banerjee"
                },
                {
                    "authorId": "2597013",
                    "name": "I. Bayraktaroglu"
                },
                {
                    "authorId": "1688349",
                    "name": "Bonita Bhaskaran"
                },
                {
                    "authorId": "2264406909",
                    "name": "Bryan Catanzaro"
                },
                {
                    "authorId": "40563979",
                    "name": "Arjun Chaudhuri"
                },
                {
                    "authorId": "2263502675",
                    "name": "Sharon Clay"
                },
                {
                    "authorId": "1816924",
                    "name": "B. Dally"
                },
                {
                    "authorId": "2264377240",
                    "name": "Laura Dang"
                },
                {
                    "authorId": "2264094684",
                    "name": "Parikshit Deshpande"
                },
                {
                    "authorId": "2106688304",
                    "name": "Siddhanth Dhodhi"
                },
                {
                    "authorId": "52106057",
                    "name": "S. Halepete"
                },
                {
                    "authorId": "2263543928",
                    "name": "Eric Hill"
                },
                {
                    "authorId": "2265061039",
                    "name": "Jiashang Hu"
                },
                {
                    "authorId": "1773056",
                    "name": "Sumit Jain"
                },
                {
                    "authorId": "2125244",
                    "name": "Brucek Khailany"
                },
                {
                    "authorId": "2037064942",
                    "name": "K. Kunal"
                },
                {
                    "authorId": "2263820312",
                    "name": "Xiaowei Li"
                },
                {
                    "authorId": "2264135006",
                    "name": "Hao Liu"
                },
                {
                    "authorId": "3210618",
                    "name": "S. Oberman"
                },
                {
                    "authorId": "2263582274",
                    "name": "Sujeet Omar"
                },
                {
                    "authorId": "2147020578",
                    "name": "Sreedhar Pratty"
                },
                {
                    "authorId": "34042420",
                    "name": "Jonathan Raiman"
                },
                {
                    "authorId": "2263589606",
                    "name": "Ambar Sarkar"
                },
                {
                    "authorId": "2263677789",
                    "name": "Zhengjiang Shao"
                },
                {
                    "authorId": "2264014342",
                    "name": "Hanfei Sun"
                },
                {
                    "authorId": "2264406823",
                    "name": "Pratik P Suthar"
                },
                {
                    "authorId": "96233032",
                    "name": "Varun Tej"
                },
                {
                    "authorId": "2263625447",
                    "name": "Kaizhe Xu"
                },
                {
                    "authorId": "2242389593",
                    "name": "Haoxin Ren"
                }
            ],
            "doi": "10.48550/arXiv.2311.00176",
            "intent": [],
            "isInfluential": false,
            "paperId": "985e4584d8dce5ce1c75860828c92d65cbd58590",
            "title": "ChipNeMo: Domain-Adapted LLMs for Chip Design",
            "url": "https://www.semanticscholar.org/paper/985e4584d8dce5ce1c75860828c92d65cbd58590",
            "venue": "ArXiv",
            "year": 2023
        },
        {
            "arxivId": "2308.10204",
            "authors": [
                {
                    "authorId": "2149253203",
                    "name": "Haoyuan Wu"
                },
                {
                    "authorId": "8822971",
                    "name": "Zhuolun He"
                },
                {
                    "authorId": "2155544084",
                    "name": "Xinyun Zhang"
                },
                {
                    "authorId": "2115585295",
                    "name": "Xufeng Yao"
                },
                {
                    "authorId": "2218461490",
                    "name": "Su Zheng"
                },
                {
                    "authorId": "67219756",
                    "name": "Haisheng Zheng"
                },
                {
                    "authorId": "2148266888",
                    "name": "Bei Yu"
                }
            ],
            "doi": "10.1109/TCAD.2024.3383347",
            "intent": [],
            "isInfluential": false,
            "paperId": "eb3e6dc2476c5a377b7c3d1489c014712a17a376",
            "title": "ChatEDA: A Large Language Model Powered Autonomous Agent for EDA",
            "url": "https://www.semanticscholar.org/paper/eb3e6dc2476c5a377b7c3d1489c014712a17a376",
            "venue": "IEEE Transactions on Computer-Aided Design of Integrated Circuits and Systems",
            "year": 2023
        },
        {
            "arxivId": "2302.04166",
            "authors": [
                {
                    "authorId": "41037252",
                    "name": "Jinlan Fu"
                },
                {
                    "authorId": "1794527",
                    "name": "See-Kiong Ng"
                },
                {
                    "authorId": "2669515",
                    "name": "Zhengbao Jiang"
                },
                {
                    "authorId": "144118452",
                    "name": "Pengfei Liu"
                }
            ],
            "doi": "10.48550/arXiv.2302.04166",
            "intent": [],
            "isInfluential": false,
            "paperId": "40c318400809abf5e50aba5a5a80c8012a7715d5",
            "title": "GPTScore: Evaluate as You Desire",
            "url": "https://www.semanticscholar.org/paper/40c318400809abf5e50aba5a5a80c8012a7715d5",
            "venue": "NAACL",
            "year": 2023
        },
        {
            "arxivId": null,
            "authors": [
                {
                    "authorId": "1730778",
                    "name": "A. Kahng"
                }
            ],
            "doi": "10.1109/VLSI-SOC46417.2020.9344073",
            "intent": [],
            "isInfluential": false,
            "paperId": "4e51ec7af8d5a575d930e03da956e0aeadb451f9",
            "title": "Open-Source EDA: If We Build It, Who Will Come?",
            "url": "https://www.semanticscholar.org/paper/4e51ec7af8d5a575d930e03da956e0aeadb451f9",
            "venue": "2020 IFIP/IEEE 28th International Conference on Very Large Scale Integration (VLSI-SOC)",
            "year": 2020
        },
        {
            "arxivId": "2005.11401",
            "authors": [
                {
                    "authorId": "145222654",
                    "name": "Patrick Lewis"
                },
                {
                    "authorId": "3439053",
                    "name": "Ethan Perez"
                },
                {
                    "authorId": "1716179427",
                    "name": "Aleksandara Piktus"
                },
                {
                    "authorId": "40052301",
                    "name": "F. Petroni"
                },
                {
                    "authorId": "2067091563",
                    "name": "Vladimir Karpukhin"
                },
                {
                    "authorId": "39589154",
                    "name": "Naman Goyal"
                },
                {
                    "authorId": "103131985",
                    "name": "Heinrich Kuttler"
                },
                {
                    "authorId": "35084211",
                    "name": "M. Lewis"
                },
                {
                    "authorId": "144105277",
                    "name": "Wen-tau Yih"
                },
                {
                    "authorId": "2620211",
                    "name": "Tim Rockt\u00e4schel"
                },
                {
                    "authorId": "48662861",
                    "name": "Sebastian Riedel"
                },
                {
                    "authorId": "1743722",
                    "name": "Douwe Kiela"
                }
            ],
            "doi": null,
            "intent": [],
            "isInfluential": false,
            "paperId": "58ed1fbaabe027345f7bb3a6312d41c5aac63e22",
            "title": "Retrieval-Augmented Generation for Knowledge-Intensive NLP Tasks",
            "url": "https://www.semanticscholar.org/paper/58ed1fbaabe027345f7bb3a6312d41c5aac63e22",
            "venue": "NeurIPS",
            "year": 2020
        },
        {
            "arxivId": "1908.10084",
            "authors": [
                {
                    "authorId": "2959414",
                    "name": "Nils Reimers"
                },
                {
                    "authorId": "1730400",
                    "name": "Iryna Gurevych"
                }
            ],
            "doi": "10.18653/v1/D19-1410",
            "intent": [],
            "isInfluential": false,
            "paperId": "93d63ec754f29fa22572615320afe0521f7ec66d",
            "title": "Sentence-BERT: Sentence Embeddings using Siamese BERT-Networks",
            "url": "https://www.semanticscholar.org/paper/93d63ec754f29fa22572615320afe0521f7ec66d",
            "venue": "EMNLP",
            "year": 2019
        },
        {
            "arxivId": "1010.5586",
            "authors": [
                {
                    "authorId": "145130892",
                    "name": "E. Stuart"
                }
            ],
            "doi": "10.1214/09-STS313",
            "intent": [],
            "isInfluential": false,
            "paperId": "c104df9aabcd2e38345cbf5387b1bb4acc38ccc0",
            "title": "Matching methods for causal inference: A review and a look forward.",
            "url": "https://www.semanticscholar.org/paper/c104df9aabcd2e38345cbf5387b1bb4acc38ccc0",
            "venue": "Statistical science : a review journal of the Institute of Mathematical Statistics",
            "year": 2010
        },
        {
            "arxivId": null,
            "authors": [
                {
                    "authorId": "2309538319",
                    "name": "Matt Venn"
                }
            ],
            "doi": "10.1109/MSSC.2024.3381097",
            "intent": [],
            "isInfluential": false,
            "paperId": "ac00598b38deb56b92af4a0a9b5c8260d9a1409f",
            "title": "Tiny Tapeout: A shared silicon tape out platform accessible to everyone",
            "url": "https://www.semanticscholar.org/paper/ac00598b38deb56b92af4a0a9b5c8260d9a1409f",
            "venue": "IEEE Solid-State Circuits Magazine",
            "year": 2024
        }
    ],
    "s2FieldsOfStudy": [
        {
            "category": "Computer Science",
            "source": "external"
        },
        {
            "category": "Computer Science",
            "source": "s2-fos-model"
        }
    ],
    "title": "ORAssistant: A Custom RAG-based Conversational Assistant for OpenROAD",
    "topics": [],
    "url": "https://www.semanticscholar.org/paper/80fb330428072f734fb4e8b73f89a1c4fcc280d4",
    "venue": "arXiv.org",
    "year": 2024
}