{
    "abstract": "AI agents are increasingly tasked with making proactive suggestions in online spaces where groups collaborate, but can be unhelpful or even annoying, due to not fitting the group's preferences or behaving in socially inappropriate ways. Fortunately, group spaces have a rich history of prior social interactions and affordances for social feedback to support creating agents that align to a group's interests and norms. We present Social-RAG, a workflow for grounding agents to social information about a group, which retrieves from prior group interactions, selects relevant social signals, and then feeds the context into a large language model to generate messages to the group. We implement this into PaperPing, our system that posts academic paper recommendations in group chat, leveraging social signals determined from formative studies with 39 researchers. From a three-month deployment in 18 channels, we observed PaperPing posted relevant messages in groups without disrupting their existing social practices, fostering group common ground.",
    "arxivId": "2411.02353",
    "authors": [
        {
            "authorId": "2282572095",
            "name": "Ruotong Wang",
            "url": "https://www.semanticscholar.org/author/2282572095"
        },
        {
            "authorId": "2329305878",
            "name": "Xinyi Zhou",
            "url": "https://www.semanticscholar.org/author/2329305878"
        },
        {
            "authorId": "2282533300",
            "name": "Lin Qiu",
            "url": "https://www.semanticscholar.org/author/2282533300"
        },
        {
            "authorId": "2288062145",
            "name": "Joseph Chee Chang",
            "url": "https://www.semanticscholar.org/author/2288062145"
        },
        {
            "authorId": "2287923825",
            "name": "Jonathan Bragg",
            "url": "https://www.semanticscholar.org/author/2287923825"
        },
        {
            "authorId": "2329711251",
            "name": "Amy X. Zhang",
            "url": "https://www.semanticscholar.org/author/2329711251"
        }
    ],
    "citationVelocity": 0,
    "citations": [],
    "corpusId": 273822093,
    "doi": null,
    "fieldsOfStudy": [
        "Computer Science"
    ],
    "influentialCitationCount": 0,
    "isOpenAccess": false,
    "isPublisherLicensed": true,
    "is_open_access": false,
    "is_publisher_licensed": true,
    "numCitedBy": 0,
    "numCiting": 68,
    "paperId": "98aa03d0b541c6512b71fcf3f9bb69dafb9654ab",
    "references": [
        {
            "arxivId": null,
            "authors": [
                {
                    "authorId": "37826548",
                    "name": "Michael Henry Tessler"
                },
                {
                    "authorId": "2238422815",
                    "name": "Michiel A. Bakker"
                },
                {
                    "authorId": "2326294679",
                    "name": "Daniel Jarrett"
                },
                {
                    "authorId": "35519027",
                    "name": "Hannah Sheahan"
                },
                {
                    "authorId": "2326294343",
                    "name": "Martin J. Chadwick"
                },
                {
                    "authorId": "2297844734",
                    "name": "Raphael Koster"
                },
                {
                    "authorId": "2326294990",
                    "name": "Georgina Evans"
                },
                {
                    "authorId": "2151248210",
                    "name": "Lucy Campbell-Gillingham"
                },
                {
                    "authorId": "2326294595",
                    "name": "Tantum Collins"
                },
                {
                    "authorId": "2326293374",
                    "name": "David C. Parkes"
                },
                {
                    "authorId": "2250147654",
                    "name": "Matthew M. Botvinick"
                },
                {
                    "authorId": "2247647968",
                    "name": "Christopher Summerfield"
                }
            ],
            "doi": "10.1126/science.adq2852",
            "intent": [
                "background"
            ],
            "isInfluential": false,
            "paperId": "5456e833710dba2bb3ae92621fa89c27733b1db0",
            "title": "AI can help humans find common ground in democratic deliberation",
            "url": "https://www.semanticscholar.org/paper/5456e833710dba2bb3ae92621fa89c27733b1db0",
            "venue": "Science",
            "year": 2024
        },
        {
            "arxivId": null,
            "authors": [
                {
                    "authorId": "2310187322",
                    "name": "Jijie Zhou"
                },
                {
                    "authorId": "49994805",
                    "name": "Yuhan Hu"
                }
            ],
            "doi": "10.1145/3640794.3665560",
            "intent": [],
            "isInfluential": false,
            "paperId": "44ee32306a630be2ce17e1c5f1c2ef527f48802d",
            "title": "Beyond Words: Infusing Conversational Agents with Human-like Typing Behaviors",
            "url": "https://www.semanticscholar.org/paper/44ee32306a630be2ce17e1c5f1c2ef527f48802d",
            "venue": "CUI",
            "year": 2024
        },
        {
            "arxivId": null,
            "authors": [
                {
                    "authorId": "2220962213",
                    "name": "Tuan Vu Pham"
                },
                {
                    "authorId": "3121329",
                    "name": "Thomas H. Weisswange"
                },
                {
                    "authorId": "2237241025",
                    "name": "Marc Hassenzahl"
                }
            ],
            "doi": "10.1145/3643834.3660696",
            "intent": [
                "background"
            ],
            "isInfluential": false,
            "paperId": "08abbe693a8b7cd0ccc4b2d3356eb900f4667987",
            "title": "Embodied Mediation in Group Ideation \u2013 A Gestural Robot Can Facilitate Consensus-Building",
            "url": "https://www.semanticscholar.org/paper/08abbe693a8b7cd0ccc4b2d3356eb900f4667987",
            "venue": "Conference on Designing Interactive Systems",
            "year": 2024
        },
        {
            "arxivId": null,
            "authors": [
                {
                    "authorId": "2200904395",
                    "name": "Jessica He"
                },
                {
                    "authorId": "1764589",
                    "name": "Stephanie Houde"
                },
                {
                    "authorId": "2296668971",
                    "name": "G. Gonzalez"
                },
                {
                    "authorId": "2307597439",
                    "name": "Dar\u00edo Andr\u00e9s Silva Moran"
                },
                {
                    "authorId": "2068083519",
                    "name": "Steven I. Ross"
                },
                {
                    "authorId": "144247826",
                    "name": "Michael J. Muller"
                },
                {
                    "authorId": "1927553",
                    "name": "Justin D. Weisz"
                }
            ],
            "doi": "10.1145/3663384.3663398",
            "intent": [
                "background"
            ],
            "isInfluential": false,
            "paperId": "ee4c1921d60daceec5c02e1e15a157060aa33422",
            "title": "AI and the Future of Collaborative Work: Group Ideation with an LLM in a Virtual Canvas",
            "url": "https://www.semanticscholar.org/paper/ee4c1921d60daceec5c02e1e15a157060aa33422",
            "venue": "CHIWORK",
            "year": 2024
        },
        {
            "arxivId": null,
            "authors": [
                {
                    "authorId": "2091489120",
                    "name": "Jude Rayan"
                },
                {
                    "authorId": "2307597386",
                    "name": "Dhruv Kanetkar"
                },
                {
                    "authorId": "2307898705",
                    "name": "Yifan Gong"
                },
                {
                    "authorId": "2262402474",
                    "name": "Yuewen Yang"
                },
                {
                    "authorId": "144358729",
                    "name": "Srishti Palani"
                },
                {
                    "authorId": "2261741100",
                    "name": "Haijun Xia"
                },
                {
                    "authorId": "2295412845",
                    "name": "Steven P. Dow"
                }
            ],
            "doi": "10.1145/3635636.3656184",
            "intent": [
                "background"
            ],
            "isInfluential": true,
            "paperId": "10455d5fb24b16d9df595f563fde859a29319e8c",
            "title": "Exploring the Potential for Generative AI-based Conversational Cues for Real-Time Collaborative Ideation",
            "url": "https://www.semanticscholar.org/paper/10455d5fb24b16d9df595f563fde859a29319e8c",
            "venue": "Creativity & Cognition",
            "year": 2024
        },
        {
            "arxivId": null,
            "authors": [
                {
                    "authorId": "1584456706",
                    "name": "Sara Salimzadeh"
                },
                {
                    "authorId": "2516584",
                    "name": "U. Gadiraju"
                }
            ],
            "doi": "10.1145/3627043.3659567",
            "intent": [
                "background"
            ],
            "isInfluential": false,
            "paperId": "682ef70ab90d8afc97d1c3dcc5a9cdd1fa80e734",
            "title": "When in Doubt! Understanding the Role of Task Characteristics on Peer Decision-Making with AI Assistance",
            "url": "https://www.semanticscholar.org/paper/682ef70ab90d8afc97d1c3dcc5a9cdd1fa80e734",
            "venue": "UMAP",
            "year": 2024
        },
        {
            "arxivId": "2406.12639",
            "authors": [
                {
                    "authorId": "2286379501",
                    "name": "Xuan Zhang"
                },
                {
                    "authorId": "145843537",
                    "name": "Yang Deng"
                },
                {
                    "authorId": "2158173064",
                    "name": "Zifeng Ren"
                },
                {
                    "authorId": "2241348826",
                    "name": "See-Kiong Ng"
                },
                {
                    "authorId": "2257036129",
                    "name": "Tat-Seng Chua"
                }
            ],
            "doi": "10.48550/arXiv.2406.12639",
            "intent": [
                "background"
            ],
            "isInfluential": false,
            "paperId": "367e43d1561fce27c919e2d370e42399a40846bd",
            "title": "Ask-before-Plan: Proactive Language Agents for Real-World Planning",
            "url": "https://www.semanticscholar.org/paper/367e43d1561fce27c919e2d370e42399a40846bd",
            "venue": "EMNLP",
            "year": 2024
        },
        {
            "arxivId": "2405.20254",
            "authors": [
                {
                    "authorId": "2284871040",
                    "name": "Dhruv Agarwal"
                },
                {
                    "authorId": "2286293061",
                    "name": "Farhana Shahid"
                },
                {
                    "authorId": "2279753546",
                    "name": "Aditya Vashistha"
                }
            ],
            "doi": "10.1145/3687030",
            "intent": [
                "background"
            ],
            "isInfluential": false,
            "paperId": "6d8a8fa1972fba1a0b265586fa06e388b2e5cd25",
            "title": "Conversational Agents to Facilitate Deliberation on Harmful Content in WhatsApp Groups",
            "url": "https://www.semanticscholar.org/paper/6d8a8fa1972fba1a0b265586fa06e388b2e5cd25",
            "venue": "Proc. ACM Hum. Comput. Interact.",
            "year": 2024
        },
        {
            "arxivId": "2405.18239",
            "authors": [
                {
                    "authorId": "2301212996",
                    "name": "Gun Woo (Warren) Park"
                },
                {
                    "authorId": "2044721957",
                    "name": "Payod Panda"
                },
                {
                    "authorId": "2243304392",
                    "name": "Lev Tankelevitch"
                },
                {
                    "authorId": "2275204089",
                    "name": "Sean Rintel"
                }
            ],
            "doi": "10.1145/3643834.3661507",
            "intent": [],
            "isInfluential": false,
            "paperId": "f0f22d3b4cfdcb8f80a811135cad931e03ad1f57",
            "title": "The CoExplorer Technology Probe: A Generative AI-Powered Adaptive Interface to Support Intentionality in Planning and Running Video Meetings",
            "url": "https://www.semanticscholar.org/paper/f0f22d3b4cfdcb8f80a811135cad931e03ad1f57",
            "venue": "Conference on Designing Interactive Systems",
            "year": 2024
        },
        {
            "arxivId": null,
            "authors": [
                {
                    "authorId": "2203245199",
                    "name": "Jarod Govers"
                },
                {
                    "authorId": "2298908587",
                    "name": "Eduardo Velloso"
                },
                {
                    "authorId": "1781697",
                    "name": "V. Kostakos"
                },
                {
                    "authorId": "2297296238",
                    "name": "Jorge Gon\u00e7alves"
                }
            ],
            "doi": "10.1145/3613904.3642322",
            "intent": [
                "background"
            ],
            "isInfluential": false,
            "paperId": "e235e869ba3559d5a47e2ed45a524cc9c160f1e7",
            "title": "AI-Driven Mediation Strategies for Audience Depolarisation in Online Debates",
            "url": "https://www.semanticscholar.org/paper/e235e869ba3559d5a47e2ed45a524cc9c160f1e7",
            "venue": "CHI",
            "year": 2024
        },
        {
            "arxivId": null,
            "authors": [
                {
                    "authorId": "2266721329",
                    "name": "Zhenyao Cai"
                },
                {
                    "authorId": "2293772443",
                    "name": "Seehee Park"
                },
                {
                    "authorId": "2179451408",
                    "name": "Nia Nixon"
                },
                {
                    "authorId": "3396583",
                    "name": "Shayan Doroudi"
                }
            ],
            "doi": "10.1145/3613905.3650868",
            "intent": [
                "background"
            ],
            "isInfluential": false,
            "paperId": "6564a6c2200d8c5798bce86d426aa42f235b068e",
            "title": "Advancing Knowledge Together: Integrating Large Language Model-based Conversational AI in Small Group Collaborative Learning",
            "url": "https://www.semanticscholar.org/paper/6564a6c2200d8c5798bce86d426aa42f235b068e",
            "venue": "CHI Extended Abstracts",
            "year": 2024
        },
        {
            "arxivId": "2403.14952",
            "authors": [
                {
                    "authorId": "2028213158",
                    "name": "Zhenrui Yue"
                },
                {
                    "authorId": "2113559163",
                    "name": "Huimin Zeng"
                },
                {
                    "authorId": "2293323154",
                    "name": "Yimeng Lu"
                },
                {
                    "authorId": "65855502",
                    "name": "Lanyu Shang"
                },
                {
                    "authorId": "2145953897",
                    "name": "Yang Zhang"
                },
                {
                    "authorId": "2254248851",
                    "name": "Dong Wang"
                }
            ],
            "doi": "10.48550/arXiv.2403.14952",
            "intent": [
                "methodology",
                "background"
            ],
            "isInfluential": false,
            "paperId": "8f02e0ac92a0b34360eb12105f4b8d98ab91d45a",
            "title": "Evidence-Driven Retrieval Augmented Response Generation for Online Misinformation",
            "url": "https://www.semanticscholar.org/paper/8f02e0ac92a0b34360eb12105f4b8d98ab91d45a",
            "venue": "NAACL",
            "year": 2024
        },
        {
            "arxivId": "2403.06465",
            "authors": [
                {
                    "authorId": "2813328",
                    "name": "Jianxun Lian"
                },
                {
                    "authorId": "2226475380",
                    "name": "Yuxuan Lei"
                },
                {
                    "authorId": "2236672137",
                    "name": "Xu Huang"
                },
                {
                    "authorId": "2237129499",
                    "name": "Jing Yao"
                },
                {
                    "authorId": "2267336219",
                    "name": "Wei Xu"
                },
                {
                    "authorId": "2261275112",
                    "name": "Xing Xie"
                }
            ],
            "doi": "10.1145/3589335.3651242",
            "intent": [
                "background"
            ],
            "isInfluential": false,
            "paperId": "32566e07da8ae95325238eea068ed8c7fe01578a",
            "title": "RecAI: Leveraging Large Language Models for Next-Generation Recommender Systems",
            "url": "https://www.semanticscholar.org/paper/32566e07da8ae95325238eea068ed8c7fe01578a",
            "venue": "WWW",
            "year": 2024
        },
        {
            "arxivId": "2403.14659",
            "authors": [
                {
                    "authorId": "2261446627",
                    "name": "Minzhi Li"
                },
                {
                    "authorId": "2266973626",
                    "name": "Weiyan Shi"
                },
                {
                    "authorId": "1399135100",
                    "name": "Caleb Ziems"
                },
                {
                    "authorId": "2261686760",
                    "name": "Diyi Yang"
                }
            ],
            "doi": "10.48550/arXiv.2403.14659",
            "intent": [
                "methodology"
            ],
            "isInfluential": false,
            "paperId": "2e6cdb3d07d04c0266e62eb196787e1cdacd1820",
            "title": "Social Intelligence Data Infrastructure: Structuring the Present and Navigating the Future",
            "url": "https://www.semanticscholar.org/paper/2e6cdb3d07d04c0266e62eb196787e1cdacd1820",
            "venue": "ACL",
            "year": 2024
        },
        {
            "arxivId": "2402.17847",
            "authors": [
                {
                    "authorId": "121552476",
                    "name": "Nouran Soliman"
                },
                {
                    "authorId": "26997666",
                    "name": "Hyeonsu B Kang"
                },
                {
                    "authorId": "2087047386",
                    "name": "Matt Latzke"
                },
                {
                    "authorId": "2287923825",
                    "name": "Jonathan Bragg"
                },
                {
                    "authorId": "2288062145",
                    "name": "Joseph Chee Chang"
                },
                {
                    "authorId": "144518215",
                    "name": "Amy X. Zhang"
                },
                {
                    "authorId": "2256396106",
                    "name": "David R. Karger"
                }
            ],
            "doi": "10.1145/3613904.3642241",
            "intent": [
                "background"
            ],
            "isInfluential": false,
            "paperId": "6d69001170a0f71d63610519c442ac9c5b29abcd",
            "title": "Mitigating Barriers to Public Social Interaction with Meronymous Communication",
            "url": "https://www.semanticscholar.org/paper/6d69001170a0f71d63610519c442ac9c5b29abcd",
            "venue": "CHI",
            "year": 2024
        },
        {
            "arxivId": null,
            "authors": [
                {
                    "authorId": "2118404064",
                    "name": "Rui Zhang"
                },
                {
                    "authorId": "1579676093",
                    "name": "Christopher Flathmann"
                },
                {
                    "authorId": "1475735531",
                    "name": "Geoff Musick"
                },
                {
                    "authorId": "2003549723",
                    "name": "Beau G. Schelble"
                },
                {
                    "authorId": "2171978",
                    "name": "Nathan J. Mcneese"
                },
                {
                    "authorId": "2240121357",
                    "name": "Bart Knijnenburg"
                },
                {
                    "authorId": "2253660829",
                    "name": "Wen Duan"
                }
            ],
            "doi": "10.1145/3635474",
            "intent": [
                "methodology"
            ],
            "isInfluential": false,
            "paperId": "6e45a9162a3010d198c9740e9e744f7f42317461",
            "title": "I Know This Looks Bad, But I Can Explain: Understanding When AI Should Explain Actions In Human-AI Teams",
            "url": "https://www.semanticscholar.org/paper/6e45a9162a3010d198c9740e9e744f7f42317461",
            "venue": "ACM Trans. Interact. Intell. Syst.",
            "year": 2023
        },
        {
            "arxivId": null,
            "authors": [
                {
                    "authorId": "1475735531",
                    "name": "Geoff Musick"
                },
                {
                    "authorId": "2183031945",
                    "name": "Allyson I. Hauptman"
                },
                {
                    "authorId": "1579676093",
                    "name": "Christopher Flathmann"
                },
                {
                    "authorId": "2171978",
                    "name": "Nathan J. Mcneese"
                },
                {
                    "authorId": "2240121357",
                    "name": "Bart Knijnenburg"
                }
            ],
            "doi": "10.1080/10447318.2023.2278933",
            "intent": [
                "methodology"
            ],
            "isInfluential": false,
            "paperId": "a1b0b110867c3e4426337bd19f8c462b6eb5caa9",
            "title": "Recommendations with Benefits: Exploring Explanations in Information Sharing Recommender Systems for Temporary Teams",
            "url": "https://www.semanticscholar.org/paper/a1b0b110867c3e4426337bd19f8c462b6eb5caa9",
            "venue": "Int. J. Hum. Comput. Interact.",
            "year": 2023
        },
        {
            "arxivId": null,
            "authors": [
                {
                    "authorId": "151067587",
                    "name": "J. Vit\u00f3rio"
                },
                {
                    "authorId": "2197512025",
                    "name": "C. N. Silla"
                }
            ],
            "doi": "10.1109/IWSSIP58668.2023.10180270",
            "intent": [],
            "isInfluential": false,
            "paperId": "3b4c98568e3d1887282d03639bcb0e17d03557d7",
            "title": "Music Recommendation System for Shared Environments",
            "url": "https://www.semanticscholar.org/paper/3b4c98568e3d1887282d03639bcb0e17d03557d7",
            "venue": "2023 30th International Conference on Systems, Signals and Image Processing (IWSSIP)",
            "year": 2023
        },
        {
            "arxivId": "2305.14938",
            "authors": [
                {
                    "authorId": "2111881583",
                    "name": "Minje Choi"
                },
                {
                    "authorId": "51136528",
                    "name": "Jiaxin Pei"
                },
                {
                    "authorId": "2155796033",
                    "name": "Sagar Kumar"
                },
                {
                    "authorId": "2068918348",
                    "name": "Chang Shu"
                },
                {
                    "authorId": "3046220",
                    "name": "David Jurgens"
                }
            ],
            "doi": "10.18653/v1/2023.emnlp-main.699",
            "intent": [
                "methodology"
            ],
            "isInfluential": false,
            "paperId": "c1592c211f8b7791a55afd7162249c723b87c237",
            "title": "Do LLMs Understand Social Knowledge? Evaluating the Sociability of Large Language Models with SocKET Benchmark",
            "url": "https://www.semanticscholar.org/paper/c1592c211f8b7791a55afd7162249c723b87c237",
            "venue": "EMNLP",
            "year": 2023
        },
        {
            "arxivId": null,
            "authors": [
                {
                    "authorId": "2153422468",
                    "name": "W. Shi"
                },
                {
                    "authorId": "148077482",
                    "name": "Sneha R. Krishna Kumaran"
                },
                {
                    "authorId": "1775376",
                    "name": "Hari Sundaram"
                },
                {
                    "authorId": "1681836",
                    "name": "B. Bailey"
                }
            ],
            "doi": "10.1145/3579627",
            "intent": [
                "background"
            ],
            "isInfluential": false,
            "paperId": "72f2aa59ebf8def9d9d94c8e8110cf94b3d6ac60",
            "title": "The Value of Activity Traces in Peer Evaluations: An Experimental Study",
            "url": "https://www.semanticscholar.org/paper/72f2aa59ebf8def9d9d94c8e8110cf94b3d6ac60",
            "venue": "Proc. ACM Hum. Comput. Interact.",
            "year": 2023
        },
        {
            "arxivId": "2304.03442",
            "authors": [
                {
                    "authorId": "2116649486",
                    "name": "J. Park"
                },
                {
                    "authorId": "2213764034",
                    "name": "Joseph C. O'Brien"
                },
                {
                    "authorId": "145941081",
                    "name": "Carrie J. Cai"
                },
                {
                    "authorId": "144844426",
                    "name": "M. Morris"
                },
                {
                    "authorId": "145419642",
                    "name": "Percy Liang"
                },
                {
                    "authorId": "145879842",
                    "name": "Michael S. Bernstein"
                }
            ],
            "doi": "10.1145/3586183.3606763",
            "intent": [
                "background"
            ],
            "isInfluential": false,
            "paperId": "5278a8eb2ba2429d4029745caf4e661080073c81",
            "title": "Generative Agents: Interactive Simulacra of Human Behavior",
            "url": "https://www.semanticscholar.org/paper/5278a8eb2ba2429d4029745caf4e661080073c81",
            "venue": "UIST",
            "year": 2023
        },
        {
            "arxivId": null,
            "authors": [
                {
                    "authorId": "1718617",
                    "name": "A. Dennis"
                },
                {
                    "authorId": "3447184",
                    "name": "Akshat Lakhiwal"
                },
                {
                    "authorId": "1833793766",
                    "name": "Agrim Sachdeva"
                }
            ],
            "doi": "10.1080/07421222.2023.2196773",
            "intent": [
                "background"
            ],
            "isInfluential": false,
            "paperId": "d783617b40a8113719671e106c476cee0feef3e8",
            "title": "AI Agents as Team Members: Effects on Satisfaction, Conflict, Trustworthiness, and Willingness to Work With",
            "url": "https://www.semanticscholar.org/paper/d783617b40a8113719671e106c476cee0feef3e8",
            "venue": "J. Manag. Inf. Syst.",
            "year": 2023
        },
        {
            "arxivId": "2302.12813",
            "authors": [
                {
                    "authorId": "1780690",
                    "name": "Baolin Peng"
                },
                {
                    "authorId": "1947267",
                    "name": "Michel Galley"
                },
                {
                    "authorId": "50462546",
                    "name": "Pengcheng He"
                },
                {
                    "authorId": "47413820",
                    "name": "Hao Cheng"
                },
                {
                    "authorId": "2167703904",
                    "name": "Yujia Xie"
                },
                {
                    "authorId": null,
                    "name": "Yu Hu"
                },
                {
                    "authorId": "2110991956",
                    "name": "Qiuyuan Huang"
                },
                {
                    "authorId": "145417002",
                    "name": "Lars Lid\u00e9n"
                },
                {
                    "authorId": "2167255986",
                    "name": "Zhou Yu"
                },
                {
                    "authorId": "2109136147",
                    "name": "Weizhu Chen"
                },
                {
                    "authorId": "48441311",
                    "name": "Jianfeng Gao"
                }
            ],
            "doi": "10.48550/arXiv.2302.12813",
            "intent": [],
            "isInfluential": false,
            "paperId": "e5c72b92c48d68594b290c84a8904da7c8335554",
            "title": "Check Your Facts and Try Again: Improving Large Language Models with External Knowledge and Automated Feedback",
            "url": "https://www.semanticscholar.org/paper/e5c72b92c48d68594b290c84a8904da7c8335554",
            "venue": "ArXiv",
            "year": 2023
        },
        {
            "arxivId": "2212.09146",
            "authors": [
                {
                    "authorId": "2101317786",
                    "name": "Parishad BehnamGhader"
                },
                {
                    "authorId": "2336267016",
                    "name": "Santiago Miret"
                },
                {
                    "authorId": "145732771",
                    "name": "Siva Reddy"
                }
            ],
            "doi": "10.48550/arXiv.2212.09146",
            "intent": [
                "background"
            ],
            "isInfluential": false,
            "paperId": "e4758d05c3d4231dd30c656330e156ccc9dbb07b",
            "title": "Can Retriever-Augmented Language Models Reason? The Blame Game Between the Retriever and the Language Model",
            "url": "https://www.semanticscholar.org/paper/e4758d05c3d4231dd30c656330e156ccc9dbb07b",
            "venue": "EMNLP",
            "year": 2022
        },
        {
            "arxivId": null,
            "authors": [
                {
                    "authorId": "2675750",
                    "name": "H. Do"
                },
                {
                    "authorId": "2192921",
                    "name": "H. Kong"
                },
                {
                    "authorId": "2190586169",
                    "name": "Jaewook Lee"
                },
                {
                    "authorId": "1681836",
                    "name": "B. Bailey"
                }
            ],
            "doi": "10.1145/3555112",
            "intent": [
                "background"
            ],
            "isInfluential": false,
            "paperId": "334e23b08c00a9dce94c3d8c08c8983c0aa02fbf",
            "title": "How Should the Agent Communicate to the Group? Communication Strategies of a Conversational Agent in Group Chat Discussions",
            "url": "https://www.semanticscholar.org/paper/334e23b08c00a9dce94c3d8c08c8983c0aa02fbf",
            "venue": "Proc. ACM Hum. Comput. Interact.",
            "year": 2022
        },
        {
            "arxivId": "2210.08726",
            "authors": [
                {
                    "authorId": "49715441",
                    "name": "Luyu Gao"
                },
                {
                    "authorId": "2475437",
                    "name": "Zhuyun Dai"
                },
                {
                    "authorId": "2616463",
                    "name": "Panupong Pasupat"
                },
                {
                    "authorId": "52151521",
                    "name": "Anthony Chen"
                },
                {
                    "authorId": "2719924",
                    "name": "Arun Tejasvi Chaganty"
                },
                {
                    "authorId": "2051969653",
                    "name": "Yicheng Fan"
                },
                {
                    "authorId": "2664737",
                    "name": "Vincent Zhao"
                },
                {
                    "authorId": "1914797",
                    "name": "N. Lao"
                },
                {
                    "authorId": "8386466",
                    "name": "Hongrae Lee"
                },
                {
                    "authorId": "50270386",
                    "name": "Da-Cheng Juan"
                },
                {
                    "authorId": "2091768",
                    "name": "Kelvin Guu"
                }
            ],
            "doi": "10.18653/v1/2023.acl-long.910",
            "intent": [
                "methodology",
                "background"
            ],
            "isInfluential": false,
            "paperId": "66242baf48b0f6b828e7547ac39ffaa5e1b2cb3e",
            "title": "RARR: Researching and Revising What Language Models Say, Using Language Models",
            "url": "https://www.semanticscholar.org/paper/66242baf48b0f6b828e7547ac39ffaa5e1b2cb3e",
            "venue": "ACL",
            "year": 2022
        },
        {
            "arxivId": null,
            "authors": [
                {
                    "authorId": "145237361",
                    "name": "Ranjay Krishna"
                },
                {
                    "authorId": "2335621817",
                    "name": "Donsuk Lee"
                },
                {
                    "authorId": "48004138",
                    "name": "Li Fei-Fei"
                },
                {
                    "authorId": "145879842",
                    "name": "Michael S. Bernstein"
                }
            ],
            "doi": "10.1073/pnas.2115730119",
            "intent": [],
            "isInfluential": false,
            "paperId": "c3d3889cdf086e3104824c4cd05c5d09b1396b1f",
            "title": "Socially situated artificial intelligence enables learning from human interaction",
            "url": "https://www.semanticscholar.org/paper/c3d3889cdf086e3104824c4cd05c5d09b1396b1f",
            "venue": "Proceedings of the National Academy of Sciences of the United States of America",
            "year": 2022
        },
        {
            "arxivId": "2208.11660",
            "authors": [
                {
                    "authorId": "2182519869",
                    "name": "Samuel Westby"
                },
                {
                    "authorId": "3381971",
                    "name": "Christoph Riedl"
                }
            ],
            "doi": "10.48550/arXiv.2208.11660",
            "intent": [
                "background"
            ],
            "isInfluential": false,
            "paperId": "3e6c44fa97a3871eb67467cfac40fb6cf56f104d",
            "title": "Collective Intelligence in Human-AI Teams: A Bayesian Theory of Mind Approach",
            "url": "https://www.semanticscholar.org/paper/3e6c44fa97a3871eb67467cfac40fb6cf56f104d",
            "venue": "AAAI",
            "year": 2022
        },
        {
            "arxivId": null,
            "authors": [
                {
                    "authorId": "2067215691",
                    "name": "Ruoxi Shang"
                },
                {
                    "authorId": "2171383796",
                    "name": "K. J. Kevin Feng"
                },
                {
                    "authorId": "2145672392",
                    "name": "Chirag Shah"
                }
            ],
            "doi": "10.1145/3531146.3533189",
            "intent": [
                "background"
            ],
            "isInfluential": false,
            "paperId": "8949c1d058be3f4dbb38be723fa5076b1a3e2f1f",
            "title": "Why Am I Not Seeing It? Understanding Users\u2019 Needs for Counterfactual Explanations in Everyday Recommendations",
            "url": "https://www.semanticscholar.org/paper/8949c1d058be3f4dbb38be723fa5076b1a3e2f1f",
            "venue": "FAccT",
            "year": 2022
        },
        {
            "arxivId": null,
            "authors": [
                {
                    "authorId": "2159680023",
                    "name": "Emily McQuillin"
                },
                {
                    "authorId": "19175266",
                    "name": "Nikhil Churamani"
                },
                {
                    "authorId": "150122398",
                    "name": "Hatice Gunes"
                }
            ],
            "doi": "10.1109/HRI53351.2022.9889395",
            "intent": [],
            "isInfluential": false,
            "paperId": "af34b1c4f90344badc20bb724d09a890d61affbd",
            "title": "Learning Socially Appropriate Robo-waiter Behaviours through Real-time User Feedback",
            "url": "https://www.semanticscholar.org/paper/af34b1c4f90344badc20bb724d09a890d61affbd",
            "venue": "2022 17th ACM/IEEE International Conference on Human-Robot Interaction (HRI)",
            "year": 2022
        },
        {
            "arxivId": "2202.09728",
            "authors": [
                {
                    "authorId": "3176237",
                    "name": "Sandeep Avula"
                },
                {
                    "authorId": "30768993",
                    "name": "Bogeum Choi"
                },
                {
                    "authorId": "145096384",
                    "name": "Jaime Arguello"
                }
            ],
            "doi": "10.1145/3512913",
            "intent": [
                "background"
            ],
            "isInfluential": true,
            "paperId": "4f329aa7610e0e0f71870a09f0ecf9fbcea93f45",
            "title": "The Effects of System Initiative during Conversational Collaborative Search",
            "url": "https://www.semanticscholar.org/paper/4f329aa7610e0e0f71870a09f0ecf9fbcea93f45",
            "venue": "Proc. ACM Hum. Comput. Interact.",
            "year": 2022
        },
        {
            "arxivId": null,
            "authors": [
                {
                    "authorId": "2280335089",
                    "name": "David Contreras"
                },
                {
                    "authorId": "2035668",
                    "name": "Maria Salam\u00f3"
                },
                {
                    "authorId": "1824224",
                    "name": "Ludovico Boratto"
                }
            ],
            "doi": "10.1145/3462759",
            "intent": [],
            "isInfluential": false,
            "paperId": "45e2cc31670dcb329dcd52ebe1209bed52f85275",
            "title": "Integrating Collaboration and Leadership in Conversational Group Recommender Systems",
            "url": "https://www.semanticscholar.org/paper/45e2cc31670dcb329dcd52ebe1209bed52f85275",
            "venue": "ACM Trans. Inf. Syst.",
            "year": 2021
        },
        {
            "arxivId": null,
            "authors": [
                {
                    "authorId": "2022288",
                    "name": "Dirk Hovy"
                },
                {
                    "authorId": "2022168",
                    "name": "Diyi Yang"
                }
            ],
            "doi": "10.18653/V1/2021.NAACL-MAIN.49",
            "intent": [
                "methodology"
            ],
            "isInfluential": false,
            "paperId": "e2a81988541b304cb74906db14f5310d168342cf",
            "title": "The Importance of Modeling Social Factors of Language: Theory and Practice",
            "url": "https://www.semanticscholar.org/paper/e2a81988541b304cb74906db14f5310d168342cf",
            "venue": "NAACL",
            "year": 2021
        },
        {
            "arxivId": "2104.07567",
            "authors": [
                {
                    "authorId": "35752280",
                    "name": "Kurt Shuster"
                },
                {
                    "authorId": "1753626755",
                    "name": "Spencer Poff"
                },
                {
                    "authorId": "2108267192",
                    "name": "Moya Chen"
                },
                {
                    "authorId": "1743722",
                    "name": "Douwe Kiela"
                },
                {
                    "authorId": "145183709",
                    "name": "J. Weston"
                }
            ],
            "doi": "10.18653/v1/2021.findings-emnlp.320",
            "intent": [
                "methodology",
                "background"
            ],
            "isInfluential": false,
            "paperId": "a2a7033a5a859e3a6e6f0a83018326400b4c5faa",
            "title": "Retrieval Augmentation Reduces Hallucination in Conversation",
            "url": "https://www.semanticscholar.org/paper/a2a7033a5a859e3a6e6f0a83018326400b4c5faa",
            "venue": "EMNLP",
            "year": 2021
        },
        {
            "arxivId": "2101.04719",
            "authors": [
                {
                    "authorId": "9553105",
                    "name": "Upol Ehsan"
                },
                {
                    "authorId": "144921048",
                    "name": "Q. Liao"
                },
                {
                    "authorId": "1561777696",
                    "name": "Michael J. Muller"
                },
                {
                    "authorId": "2757194",
                    "name": "Mark O. Riedl"
                },
                {
                    "authorId": "1927553",
                    "name": "Justin D. Weisz"
                }
            ],
            "doi": "10.1145/3411764.3445188",
            "intent": [
                "background"
            ],
            "isInfluential": false,
            "paperId": "c8965761083d80ff762ce76c08df92d66e01f37d",
            "title": "Expanding Explainability: Towards Social Transparency in AI systems",
            "url": "https://www.semanticscholar.org/paper/c8965761083d80ff762ce76c08df92d66e01f37d",
            "venue": "CHI",
            "year": 2021
        },
        {
            "arxivId": null,
            "authors": [
                {
                    "authorId": "39293743",
                    "name": "Soomin Kim"
                },
                {
                    "authorId": "2088660",
                    "name": "Jinsu Eun"
                },
                {
                    "authorId": "145343073",
                    "name": "Changhoon Oh"
                },
                {
                    "authorId": "3994427",
                    "name": "B. Suh"
                },
                {
                    "authorId": "1959755",
                    "name": "Joonhwan Lee"
                }
            ],
            "doi": "10.1145/3313831.3376785",
            "intent": [
                "background"
            ],
            "isInfluential": false,
            "paperId": "d8ab0829d7e12da57614da6f4a5829a95c1dfc8f",
            "title": "Bot in the Bunch: Facilitating Group Chat Discussion by Improving Efficiency and Participation with a Chatbot",
            "url": "https://www.semanticscholar.org/paper/d8ab0829d7e12da57614da6f4a5829a95c1dfc8f",
            "venue": "CHI",
            "year": 2020
        },
        {
            "arxivId": null,
            "authors": [
                {
                    "authorId": "2108162544",
                    "name": "Sung-Chul Lee"
                },
                {
                    "authorId": "2112793584",
                    "name": "Jae-Hong Song"
                },
                {
                    "authorId": "2050784",
                    "name": "Eun-Young Ko"
                },
                {
                    "authorId": "6588782",
                    "name": "Seongho Park"
                },
                {
                    "authorId": "46454226",
                    "name": "Jihee Kim"
                },
                {
                    "authorId": "1800981",
                    "name": "Juho Kim"
                }
            ],
            "doi": "10.1145/3313831.3376609",
            "intent": [
                "background"
            ],
            "isInfluential": false,
            "paperId": "9f6637a115774d3c04a3ae8e9dbef0d74e0b3d37",
            "title": "SolutionChat: Real-time Moderator Support for Chat-based Structured Discussion",
            "url": "https://www.semanticscholar.org/paper/9f6637a115774d3c04a3ae8e9dbef0d74e0b3d37",
            "venue": "CHI",
            "year": 2020
        },
        {
            "arxivId": null,
            "authors": [
                {
                    "authorId": "69547052",
                    "name": "Y. Nedumov"
                },
                {
                    "authorId": "2732400",
                    "name": "S. Kuznetsov"
                }
            ],
            "doi": "10.1134/S0361768819070089",
            "intent": [
                "background"
            ],
            "isInfluential": false,
            "paperId": "2f105cb440bc5cf7260071f407c39bbde89dd265",
            "title": "Exploratory Search for Scientific Articles",
            "url": "https://www.semanticscholar.org/paper/2f105cb440bc5cf7260071f407c39bbde89dd265",
            "venue": "Programming and Computer Software",
            "year": 2019
        },
        {
            "arxivId": null,
            "authors": [
                {
                    "authorId": "40465786",
                    "name": "Virginia Braun"
                },
                {
                    "authorId": "145881640",
                    "name": "Victoria Clarke"
                }
            ],
            "doi": "10.1080/2159676X.2019.1628806",
            "intent": [
                "background"
            ],
            "isInfluential": false,
            "paperId": "cf69265c67e2dc23aced6a21efc86e4460e50e89",
            "title": "Reflecting on reflexive thematic analysis",
            "url": "https://www.semanticscholar.org/paper/cf69265c67e2dc23aced6a21efc86e4460e50e89",
            "venue": "Qualitative Research in Sport, Exercise and Health",
            "year": 2019
        },
        {
            "arxivId": null,
            "authors": [
                {
                    "authorId": "13358715",
                    "name": "Zixuan Guo"
                },
                {
                    "authorId": "40481493",
                    "name": "T. Inoue"
                }
            ],
            "doi": "10.1145/3290607.3313075",
            "intent": [
                "background"
            ],
            "isInfluential": false,
            "paperId": "18dc111d01d63cd53d074007fe9ba9d810a7ded8",
            "title": "Using a Conversational Agent to Facilitate Non-native Speaker's Active Participation in Conversation",
            "url": "https://www.semanticscholar.org/paper/18dc111d01d63cd53d074007fe9ba9d810a7ded8",
            "venue": "CHI Extended Abstracts",
            "year": 2019
        },
        {
            "arxivId": null,
            "authors": [
                {
                    "authorId": "3176237",
                    "name": "Sandeep Avula"
                },
                {
                    "authorId": "145096384",
                    "name": "Jaime Arguello"
                },
                {
                    "authorId": "47504191",
                    "name": "Robert G. Capra"
                },
                {
                    "authorId": "79950701",
                    "name": "Jordan Dodson"
                },
                {
                    "authorId": "2118073003",
                    "name": "Yuhui Huang"
                },
                {
                    "authorId": "1803571",
                    "name": "Filip Radlinski"
                }
            ],
            "doi": "10.1145/3295750.3298928",
            "intent": [
                "background"
            ],
            "isInfluential": false,
            "paperId": "cb1fa9c83021de02509e0c8f3812097d2c8e992a",
            "title": "Embedding Search into a Conversational Platform to Support Collaborative Search",
            "url": "https://www.semanticscholar.org/paper/cb1fa9c83021de02509e0c8f3812097d2c8e992a",
            "venue": "CHIIR",
            "year": 2019
        },
        {
            "arxivId": null,
            "authors": [
                {
                    "authorId": "144518215",
                    "name": "Amy X. Zhang"
                },
                {
                    "authorId": "6960209",
                    "name": "Justin Cranshaw"
                }
            ],
            "doi": "10.1145/3274465",
            "intent": [
                "background"
            ],
            "isInfluential": false,
            "paperId": "32f0d06eafbdcd123b8bcf7a26e98a509fe3927f",
            "title": "Making Sense of Group Chat through Collaborative Tagging and Summarization",
            "url": "https://www.semanticscholar.org/paper/32f0d06eafbdcd123b8bcf7a26e98a509fe3927f",
            "venue": "Proc. ACM Hum. Comput. Interact.",
            "year": 2018
        },
        {
            "arxivId": null,
            "authors": [
                {
                    "authorId": "3176237",
                    "name": "Sandeep Avula"
                },
                {
                    "authorId": "7571805",
                    "name": "Gordon Chadwick"
                },
                {
                    "authorId": "145096384",
                    "name": "Jaime Arguello"
                },
                {
                    "authorId": "47504191",
                    "name": "Robert G. Capra"
                }
            ],
            "doi": "10.1145/3176349.3176380",
            "intent": [
                "background"
            ],
            "isInfluential": false,
            "paperId": "5bebf4f62ce6573ae8b29e3c27932e72bf8102dc",
            "title": "SearchBots: User Engagement with ChatBots during Collaborative Search",
            "url": "https://www.semanticscholar.org/paper/5bebf4f62ce6573ae8b29e3c27932e72bf8102dc",
            "venue": "CHIIR",
            "year": 2018
        },
        {
            "arxivId": null,
            "authors": [
                {
                    "authorId": "39664179",
                    "name": "T. Nguyen"
                },
                {
                    "authorId": "40169260",
                    "name": "F. Ricci"
                }
            ],
            "doi": "10.1007/s40558-017-0099-y",
            "intent": [],
            "isInfluential": false,
            "paperId": "bbb72313855bf53c78c099c41ad69875a57848db",
            "title": "A chat-based group recommender system for tourism",
            "url": "https://www.semanticscholar.org/paper/bbb72313855bf53c78c099c41ad69875a57848db",
            "venue": "Information Technology & Tourism",
            "year": 2017
        },
        {
            "arxivId": null,
            "authors": [
                {
                    "authorId": "30928095",
                    "name": "Drew Paine"
                },
                {
                    "authorId": "2109447929",
                    "name": "Charlotte P. Lee"
                }
            ],
            "doi": "10.1145/3134720",
            "intent": [
                "background"
            ],
            "isInfluential": false,
            "paperId": "0dcfaaa31fe1e41f8238db2742ff70226a24b55a",
            "title": "\"Who Has Plots?\"",
            "url": "https://www.semanticscholar.org/paper/0dcfaaa31fe1e41f8238db2742ff70226a24b55a",
            "venue": "Proc. ACM Hum. Comput. Interact.",
            "year": 2017
        },
        {
            "arxivId": null,
            "authors": [
                {
                    "authorId": "39664179",
                    "name": "T. Nguyen"
                }
            ],
            "doi": "10.1145/3079628.3079704",
            "intent": [
                "background"
            ],
            "isInfluential": false,
            "paperId": "15618665d33e7babcb7d48afa6f898eff5bc587b",
            "title": "Conversational Group Recommender Systems",
            "url": "https://www.semanticscholar.org/paper/15618665d33e7babcb7d48afa6f898eff5bc587b",
            "venue": "UMAP",
            "year": 2017
        },
        {
            "arxivId": null,
            "authors": [
                {
                    "authorId": "2108599909",
                    "name": "Xu Wang"
                },
                {
                    "authorId": "1698822",
                    "name": "Miaomiao Wen"
                },
                {
                    "authorId": "35959897",
                    "name": "C. Ros\u00e9"
                }
            ],
            "doi": "10.22318/CSCL2017.7",
            "intent": [
                "background"
            ],
            "isInfluential": false,
            "paperId": "7d86a785e3d0a47e3ee95d6278bb7238ea6a5894",
            "title": "Contrasting Explicit and Implicit Support for Transactive Exchange in Team Oriented Project Based Learning",
            "url": "https://www.semanticscholar.org/paper/7d86a785e3d0a47e3ee95d6278bb7238ea6a5894",
            "venue": "CSCL",
            "year": 2017
        },
        {
            "arxivId": null,
            "authors": [
                {
                    "authorId": "39664179",
                    "name": "T. Nguyen"
                },
                {
                    "authorId": "40169260",
                    "name": "F. Ricci"
                }
            ],
            "doi": "10.1145/3019612.3019764",
            "intent": [],
            "isInfluential": false,
            "paperId": "b4f59e7b9b2e95b540a25cde54fa410432c247d0",
            "title": "Dynamic elicitation of user preferences in a chat-based group recommender system",
            "url": "https://www.semanticscholar.org/paper/b4f59e7b9b2e95b540a25cde54fa410432c247d0",
            "venue": "SAC",
            "year": 2017
        },
        {
            "arxivId": null,
            "authors": [
                {
                    "authorId": "144921048",
                    "name": "Q. Liao"
                },
                {
                    "authorId": "2110852990",
                    "name": "Matthew Davis"
                },
                {
                    "authorId": "143774641",
                    "name": "Werner Geyer"
                },
                {
                    "authorId": "144440084",
                    "name": "Michael J. Muller"
                },
                {
                    "authorId": "145117064",
                    "name": "N. Shami"
                }
            ],
            "doi": "10.1145/2901790.2901842",
            "intent": [],
            "isInfluential": false,
            "paperId": "0e4bb9a40142383f699d1386d6cd494fee65e842",
            "title": "What Can You Do?: Studying Social-Agent Orientation and Agent Proactive Interactions with an Agent for Employees",
            "url": "https://www.semanticscholar.org/paper/0e4bb9a40142383f699d1386d6cd494fee65e842",
            "venue": "Conference on Designing Interactive Systems",
            "year": 2016
        },
        {
            "arxivId": null,
            "authors": [
                {
                    "authorId": "150033518",
                    "name": "A. V. Smirnov"
                },
                {
                    "authorId": "145544080",
                    "name": "N. Shilov"
                },
                {
                    "authorId": "143931737",
                    "name": "A. Ponomarev"
                },
                {
                    "authorId": "46732324",
                    "name": "A. Kashevnik"
                },
                {
                    "authorId": "145448934",
                    "name": "V. Parfenov"
                }
            ],
            "doi": "10.3103/S0147688214050050",
            "intent": [
                "background"
            ],
            "isInfluential": false,
            "paperId": "62908edddc3b76a897ba6f08de88e9c05972bc10",
            "title": "Group context-aware recommendation systems",
            "url": "https://www.semanticscholar.org/paper/62908edddc3b76a897ba6f08de88e9c05972bc10",
            "venue": "Scientific and Technical Information Processing",
            "year": 2014
        },
        {
            "arxivId": null,
            "authors": [
                {
                    "authorId": "2880118",
                    "name": "Lazlo Ring"
                },
                {
                    "authorId": "150931679",
                    "name": "Barbara Barry"
                },
                {
                    "authorId": "47351871",
                    "name": "K. Totzke"
                },
                {
                    "authorId": "1690448",
                    "name": "T. Bickmore"
                }
            ],
            "doi": "10.1109/ACII.2013.17",
            "intent": [
                "background"
            ],
            "isInfluential": false,
            "paperId": "4817cdf18fcf7c6764acf9bce9f63ad6c49b3e77",
            "title": "Addressing Loneliness and Isolation in Older Adults: Proactive Affective Agents Provide Better Support",
            "url": "https://www.semanticscholar.org/paper/4817cdf18fcf7c6764acf9bce9f63ad6c49b3e77",
            "venue": "2013 Humaine Association Conference on Affective Computing and Intelligent Interaction",
            "year": 2013
        },
        {
            "arxivId": null,
            "authors": [
                {
                    "authorId": "1771117",
                    "name": "M. Jirotka"
                },
                {
                    "authorId": "2109447929",
                    "name": "Charlotte P. Lee"
                },
                {
                    "authorId": "3153473",
                    "name": "G. Olson"
                }
            ],
            "doi": "10.1007/s10606-012-9184-0",
            "intent": [
                "background"
            ],
            "isInfluential": false,
            "paperId": "b9d0e20f8ab0915dc6cce58726c5827a4964cb57",
            "title": "Supporting Scientific Collaboration: Methods, Tools and Concepts",
            "url": "https://www.semanticscholar.org/paper/b9d0e20f8ab0915dc6cce58726c5827a4964cb57",
            "venue": "Computer Supported Cooperative Work (CSCW)",
            "year": 2013
        },
        {
            "arxivId": null,
            "authors": [
                {
                    "authorId": "2065046901",
                    "name": "Francesca Guzzi"
                },
                {
                    "authorId": "40169260",
                    "name": "F. Ricci"
                },
                {
                    "authorId": "1747150",
                    "name": "R. Burke"
                }
            ],
            "doi": "10.1145/2043932.2043980",
            "intent": [],
            "isInfluential": false,
            "paperId": "046ae23cccc64783215acf8bea1f4a1bd1ddd3cf",
            "title": "Interactive multi-party critiquing for group recommendation",
            "url": "https://www.semanticscholar.org/paper/046ae23cccc64783215acf8bea1f4a1bd1ddd3cf",
            "venue": "RecSys '11",
            "year": 2011
        },
        {
            "arxivId": null,
            "authors": [
                {
                    "authorId": "145117064",
                    "name": "N. Shami"
                },
                {
                    "authorId": "1717233",
                    "name": "Kate Ehrlich"
                },
                {
                    "authorId": "40413539",
                    "name": "Geri Gay"
                },
                {
                    "authorId": "1697703",
                    "name": "Jeffrey T. Hancock"
                }
            ],
            "doi": "10.1145/1518701.1518713",
            "intent": [
                "background"
            ],
            "isInfluential": false,
            "paperId": "c89ed51871630c70645b0bb8081b96e800fc3719",
            "title": "Making sense of strangers' expertise from signals in digital artifacts",
            "url": "https://www.semanticscholar.org/paper/c89ed51871630c70645b0bb8081b96e800fc3719",
            "venue": "CHI",
            "year": 2009
        },
        {
            "arxivId": null,
            "authors": [
                {
                    "authorId": "145308025",
                    "name": "J. Zimmerman"
                },
                {
                    "authorId": "145174228",
                    "name": "J. Forlizzi"
                },
                {
                    "authorId": "2547271",
                    "name": "Shelley Evenson"
                }
            ],
            "doi": "10.1145/1240624.1240704",
            "intent": [],
            "isInfluential": false,
            "paperId": "c5fab1aa5f44861e6cfe2c824b706cd2677b488e",
            "title": "Research through design as a method for interaction design research in HCI",
            "url": "https://www.semanticscholar.org/paper/c5fab1aa5f44861e6cfe2c824b706cd2677b488e",
            "venue": "CHI",
            "year": 2007
        },
        {
            "arxivId": null,
            "authors": [
                {
                    "authorId": "3153473",
                    "name": "G. Olson"
                },
                {
                    "authorId": "2255466495",
                    "name": "J. Olson"
                }
            ],
            "doi": "10.1207/S15327051HCI1523_4",
            "intent": [],
            "isInfluential": false,
            "paperId": "201a8cc90de790c71be0672b9416017141862c71",
            "title": "Distance Matters",
            "url": "https://www.semanticscholar.org/paper/201a8cc90de790c71be0672b9416017141862c71",
            "venue": "Hum. Comput. Interact.",
            "year": 2000
        },
        {
            "arxivId": null,
            "authors": [
                {
                    "authorId": "1702853",
                    "name": "R. Kraut"
                },
                {
                    "authorId": "3212604",
                    "name": "C. Egido"
                },
                {
                    "authorId": "3074856",
                    "name": "J. Galegher"
                }
            ],
            "doi": "10.1145/62266.62267",
            "intent": [
                "background"
            ],
            "isInfluential": false,
            "paperId": "c22475e679cadee18c254ff487b14a1022e75f51",
            "title": "Patterns of contact and communication in scientific research collaboration",
            "url": "https://www.semanticscholar.org/paper/c22475e679cadee18c254ff487b14a1022e75f51",
            "venue": "CSCW '88",
            "year": 1990
        },
        {
            "arxivId": null,
            "authors": [
                {
                    "authorId": "2257294358",
                    "name": "Robert E. Kraut"
                },
                {
                    "authorId": "3074856",
                    "name": "J. Galegher"
                },
                {
                    "authorId": "3212604",
                    "name": "C. Egido"
                }
            ],
            "doi": "10.1145/637069.637098",
            "intent": [
                "background"
            ],
            "isInfluential": false,
            "paperId": "6400291bb937b1ddf1ce0c82695e67768d7b3785",
            "title": "Relationships and tasks in scientific research collaborations",
            "url": "https://www.semanticscholar.org/paper/6400291bb937b1ddf1ce0c82695e67768d7b3785",
            "venue": "CSCW '86",
            "year": 1986
        },
        {
            "arxivId": null,
            "authors": [
                {
                    "authorId": "152706541",
                    "name": "Nia Peters"
                },
                {
                    "authorId": "2406094",
                    "name": "Griffin D. Romigh"
                },
                {
                    "authorId": "2056682903",
                    "name": "George Bradley"
                },
                {
                    "authorId": "1681921",
                    "name": "B. Raj"
                }
            ],
            "doi": "10.1007/978-3-319-41956-5_17",
            "intent": [
                "background"
            ],
            "isInfluential": false,
            "paperId": "6475ec3354c7d28b9ce4e626c7cf21578d560670",
            "title": "When to Interrupt: A Comparative Analysis of Interruption Timings Within Collaborative Communication Tasks",
            "url": "https://www.semanticscholar.org/paper/6475ec3354c7d28b9ce4e626c7cf21578d560670",
            "venue": "",
            "year": 2017
        },
        {
            "arxivId": null,
            "authors": [
                {
                    "authorId": "2457888",
                    "name": "Stergios Tegos"
                },
                {
                    "authorId": "1805459",
                    "name": "S. Demetriadis"
                },
                {
                    "authorId": "1802967",
                    "name": "T. Tsiatsos"
                }
            ],
            "doi": "10.1007/s40593-013-0007-3",
            "intent": [],
            "isInfluential": false,
            "paperId": "ec46b10204aa2b4ab2ccd1d373e128030c317709",
            "title": "A Configurable Conversational Agent to Trigger Students\u2019 Productive Dialogue: A Pilot Study in the CALL Domain",
            "url": "https://www.semanticscholar.org/paper/ec46b10204aa2b4ab2ccd1d373e128030c317709",
            "venue": "International Journal of Artificial Intelligence in Education",
            "year": 2013
        }
    ],
    "s2FieldsOfStudy": [
        {
            "category": "Computer Science",
            "source": "external"
        },
        {
            "category": "Computer Science",
            "source": "s2-fos-model"
        }
    ],
    "title": "Social-RAG: Retrieving from Group Interactions to Socially Ground Proactive AI Generation to Group Preferences",
    "topics": [],
    "url": "https://www.semanticscholar.org/paper/98aa03d0b541c6512b71fcf3f9bb69dafb9654ab",
    "venue": "",
    "year": 2024
}