{
    "abstract": "Traditional Retrieval-Augmented Generation (RAG) methods are limited by their reliance on a fixed number of retrieved documents, often resulting in incomplete or noisy information that undermines task performance. Although recent adaptive approaches alleviated these problems, their application in intricate and real-world multimodal tasks remains limited. To address these, we propose a new approach called Self-adaptive Multimodal Retrieval-Augmented Generation (SAM-RAG), tailored specifically for multimodal contexts. SAM-RAG not only dynamically filters relevant documents based on the input query, including image captions when needed, but also verifies the quality of both the retrieved documents and the output. Extensive experimental results show that SAM-RAG surpasses existing state-of-the-art methods in both retrieval accuracy and response generation. By further ablation experiments and effectiveness analysis, SAM-RAG maintains high recall quality while improving overall task performance in multimodal RAG task. Our codes are available at https://github.com/SAM-RAG/SAM_RAG.",
    "arxivId": "2410.11321",
    "authors": [
        {
            "authorId": "2325948461",
            "name": "Wenjia Zhai",
            "url": "https://www.semanticscholar.org/author/2325948461"
        }
    ],
    "citationVelocity": 0,
    "citations": [],
    "corpusId": 273350575,
    "doi": "10.48550/arXiv.2410.11321",
    "fieldsOfStudy": [
        "Computer Science"
    ],
    "influentialCitationCount": 0,
    "isOpenAccess": false,
    "isPublisherLicensed": true,
    "is_open_access": false,
    "is_publisher_licensed": true,
    "numCitedBy": 0,
    "numCiting": 45,
    "paperId": "62b5cf872f3816fef9c06777a175e4a7c9e9149b",
    "references": [
        {
            "arxivId": "2407.19813",
            "authors": [
                {
                    "authorId": "2111275391",
                    "name": "Yuan Xia"
                },
                {
                    "authorId": "2314078488",
                    "name": "Jingbo Zhou"
                },
                {
                    "authorId": "18083770",
                    "name": "Zhenhui Shi"
                },
                {
                    "authorId": "2153418695",
                    "name": "Jun Chen"
                },
                {
                    "authorId": "30898812",
                    "name": "Hai-ting Huang"
                }
            ],
            "doi": "10.48550/arXiv.2407.19813",
            "intent": [
                "background"
            ],
            "isInfluential": false,
            "paperId": "d8cbe0bfcc9c2eb1714c0e5be18a6ecaf50ea7a5",
            "title": "Improving Retrieval Augmented Language Model with Self-Reasoning",
            "url": "https://www.semanticscholar.org/paper/d8cbe0bfcc9c2eb1714c0e5be18a6ecaf50ea7a5",
            "venue": "ArXiv",
            "year": 2024
        },
        {
            "arxivId": "2407.13193",
            "authors": [
                {
                    "authorId": "2112539433",
                    "name": "Shangyu Wu"
                },
                {
                    "authorId": "2303313918",
                    "name": "Ying Xiong"
                },
                {
                    "authorId": "2301404967",
                    "name": "Yufei Cui"
                },
                {
                    "authorId": "107747459",
                    "name": "Haolun Wu"
                },
                {
                    "authorId": "2243412535",
                    "name": "Can Chen"
                },
                {
                    "authorId": "2283264350",
                    "name": "Ye Yuan"
                },
                {
                    "authorId": "2303518782",
                    "name": "Lianming Huang"
                },
                {
                    "authorId": "2272581493",
                    "name": "Xue Liu"
                },
                {
                    "authorId": "2271790635",
                    "name": "Tei-Wei Kuo"
                },
                {
                    "authorId": "2290008872",
                    "name": "Nan Guan"
                },
                {
                    "authorId": "2302177675",
                    "name": "C. Xue"
                }
            ],
            "doi": "10.48550/arXiv.2407.13193",
            "intent": [],
            "isInfluential": false,
            "paperId": "d4a5c2ab2b459426869e1a3ab1550897b005303e",
            "title": "Retrieval-Augmented Generation for Natural Language Processing: A Survey",
            "url": "https://www.semanticscholar.org/paper/d4a5c2ab2b459426869e1a3ab1550897b005303e",
            "venue": "ArXiv",
            "year": 2024
        },
        {
            "arxivId": "2407.12325",
            "authors": [
                {
                    "authorId": "2311692609",
                    "name": "Hamin Koo"
                },
                {
                    "authorId": "2116505846",
                    "name": "Minseon Kim"
                },
                {
                    "authorId": "2266441169",
                    "name": "Sung Ju Hwang"
                }
            ],
            "doi": "10.48550/arXiv.2407.12325",
            "intent": [
                "methodology"
            ],
            "isInfluential": false,
            "paperId": "d61c38695f6dc5e83b97b87ee0fcab7a34b6f179",
            "title": "Optimizing Query Generation for Enhanced Document Retrieval in RAG",
            "url": "https://www.semanticscholar.org/paper/d61c38695f6dc5e83b97b87ee0fcab7a34b6f179",
            "venue": "ArXiv",
            "year": 2024
        },
        {
            "arxivId": "2406.14497",
            "authors": [
                {
                    "authorId": "2307569999",
                    "name": "Z. Z. Wang"
                },
                {
                    "authorId": "35584853",
                    "name": "Akari Asai"
                },
                {
                    "authorId": "2118211280",
                    "name": "Xinyan Velocity Yu"
                },
                {
                    "authorId": "2307994808",
                    "name": "Frank F. Xu"
                },
                {
                    "authorId": "2264042161",
                    "name": "Yiqing Xie"
                },
                {
                    "authorId": "2265547593",
                    "name": "Graham Neubig"
                },
                {
                    "authorId": "2264120940",
                    "name": "Daniel Fried"
                }
            ],
            "doi": "10.48550/arXiv.2406.14497",
            "intent": [
                "background"
            ],
            "isInfluential": false,
            "paperId": "453ecd6c333cbcafbd900633092c73a63feab8eb",
            "title": "CodeRAG-Bench: Can Retrieval Augment Code Generation?",
            "url": "https://www.semanticscholar.org/paper/453ecd6c333cbcafbd900633092c73a63feab8eb",
            "venue": "ArXiv",
            "year": 2024
        },
        {
            "arxivId": "2405.10739",
            "authors": [
                {
                    "authorId": "2267492043",
                    "name": "Yizhang Jin"
                },
                {
                    "authorId": "2302162727",
                    "name": "Jian Li"
                },
                {
                    "authorId": "2284727141",
                    "name": "Yexin Liu"
                },
                {
                    "authorId": "2302155099",
                    "name": "Tianjun Gu"
                },
                {
                    "authorId": "2302286722",
                    "name": "Kai Wu"
                },
                {
                    "authorId": "2275290482",
                    "name": "Zhengkai Jiang"
                },
                {
                    "authorId": "2219723109",
                    "name": "Muyang He"
                },
                {
                    "authorId": "2284660362",
                    "name": "Bo Zhao"
                },
                {
                    "authorId": "2302505492",
                    "name": "Xin Tan"
                },
                {
                    "authorId": "2066402135",
                    "name": "Zhenye Gan"
                },
                {
                    "authorId": "2628601",
                    "name": "Yabiao Wang"
                },
                {
                    "authorId": "2302227792",
                    "name": "Chengjie Wang"
                },
                {
                    "authorId": "2109606150",
                    "name": "Lizhuang Ma"
                }
            ],
            "doi": "10.48550/arXiv.2405.10739",
            "intent": [
                "methodology",
                "background"
            ],
            "isInfluential": false,
            "paperId": "efc50d7ee5bcd8039ba5d686d7d943be3ff199b0",
            "title": "Efficient Multimodal Large Language Models: A Survey",
            "url": "https://www.semanticscholar.org/paper/efc50d7ee5bcd8039ba5d686d7d943be3ff199b0",
            "venue": "ArXiv",
            "year": 2024
        },
        {
            "arxivId": "2403.13372",
            "authors": [
                {
                    "authorId": "113048894",
                    "name": "Yaowei Zheng"
                },
                {
                    "authorId": "2292292911",
                    "name": "Richong Zhang"
                },
                {
                    "authorId": "2292295943",
                    "name": "Junhao Zhang"
                },
                {
                    "authorId": "2292682605",
                    "name": "Yanhan Ye"
                },
                {
                    "authorId": "2218007603",
                    "name": "Zheyan Luo"
                },
                {
                    "authorId": "2292432023",
                    "name": "Yongqiang Ma"
                }
            ],
            "doi": "10.48550/arXiv.2403.13372",
            "intent": [],
            "isInfluential": false,
            "paperId": "d5d7b26dbdf09737878644530b226a79c9f43bfb",
            "title": "LlamaFactory: Unified Efficient Fine-Tuning of 100+ Language Models",
            "url": "https://www.semanticscholar.org/paper/d5d7b26dbdf09737878644530b226a79c9f43bfb",
            "venue": "Proceedings of the 62nd Annual Meeting of the Association for Computational Linguistics (Volume 3: System Demonstrations)",
            "year": 2024
        },
        {
            "arxivId": "2403.10446",
            "authors": [
                {
                    "authorId": "2291983504",
                    "name": "Jiarui Li"
                },
                {
                    "authorId": "2291993398",
                    "name": "Ye Yuan"
                },
                {
                    "authorId": "2291997675",
                    "name": "Zehua Zhang"
                }
            ],
            "doi": "10.48550/arXiv.2403.10446",
            "intent": [],
            "isInfluential": false,
            "paperId": "fa6618681476b6bec51b4233ab83658f1f9a6db7",
            "title": "Enhancing LLM Factual Accuracy with RAG to Counter Hallucinations: A Case Study on Domain-Specific Queries in Private Knowledge-Bases",
            "url": "https://www.semanticscholar.org/paper/fa6618681476b6bec51b4233ab83658f1f9a6db7",
            "venue": "ArXiv",
            "year": 2024
        },
        {
            "arxivId": null,
            "authors": [
                {
                    "authorId": "2282238822",
                    "name": "Haoyu Dong"
                },
                {
                    "authorId": "2108873245",
                    "name": "Haocheng Wang"
                },
                {
                    "authorId": "2289974836",
                    "name": "Anda Zhou"
                },
                {
                    "authorId": "2289985254",
                    "name": "Yue Hu"
                }
            ],
            "doi": "10.1145/3616855.3635777",
            "intent": [
                "background"
            ],
            "isInfluential": false,
            "paperId": "c59e9dced4009df45438ea4f4bf055b3a3e2a9ed",
            "title": "TTC-QuAli: A Text-Table-Chart Dataset for Multimodal Quantity Alignment",
            "url": "https://www.semanticscholar.org/paper/c59e9dced4009df45438ea4f4bf055b3a3e2a9ed",
            "venue": "WSDM",
            "year": 2024
        },
        {
            "arxivId": "2402.19473",
            "authors": [
                {
                    "authorId": "2268718776",
                    "name": "Penghao Zhao"
                },
                {
                    "authorId": "2288557803",
                    "name": "Hailin Zhang"
                },
                {
                    "authorId": "2289597580",
                    "name": "Qinhan Yu"
                },
                {
                    "authorId": "2288675277",
                    "name": "Zhengren Wang"
                },
                {
                    "authorId": "2288532368",
                    "name": "Yunteng Geng"
                },
                {
                    "authorId": "46182701",
                    "name": "Fangcheng Fu"
                },
                {
                    "authorId": "2249513224",
                    "name": "Ling Yang"
                },
                {
                    "authorId": "2277807793",
                    "name": "Wentao Zhang"
                },
                {
                    "authorId": "2277742543",
                    "name": "Bin Cui"
                }
            ],
            "doi": "10.48550/arXiv.2402.19473",
            "intent": [
                "background"
            ],
            "isInfluential": false,
            "paperId": "ab15463babf98fffc6f683fe2026de0725b5e1a9",
            "title": "Retrieval-Augmented Generation for AI-Generated Content: A Survey",
            "url": "https://www.semanticscholar.org/paper/ab15463babf98fffc6f683fe2026de0725b5e1a9",
            "venue": "ArXiv",
            "year": 2024
        },
        {
            "arxivId": null,
            "authors": [
                {
                    "authorId": "2151529879",
                    "name": "Lei Li"
                },
                {
                    "authorId": "2260830380",
                    "name": "Yongfeng Zhang"
                },
                {
                    "authorId": "2146027242",
                    "name": "Li Chen"
                }
            ],
            "doi": "10.1145/3583780.3615017",
            "intent": [
                "methodology"
            ],
            "isInfluential": false,
            "paperId": "9e540662619327a3056d9e40bb58058868f6f805",
            "title": "Prompt Distillation for Efficient LLM-based Recommendation",
            "url": "https://www.semanticscholar.org/paper/9e540662619327a3056d9e40bb58058868f6f805",
            "venue": "CIKM",
            "year": 2023
        },
        {
            "arxivId": "2310.11511",
            "authors": [
                {
                    "authorId": "35584853",
                    "name": "Akari Asai"
                },
                {
                    "authorId": "7806955",
                    "name": "Zeqiu Wu"
                },
                {
                    "authorId": "1705260",
                    "name": "Yizhong Wang"
                },
                {
                    "authorId": "2707234",
                    "name": "Avirup Sil"
                },
                {
                    "authorId": "2548384",
                    "name": "Hannaneh Hajishirzi"
                }
            ],
            "doi": "10.48550/arXiv.2310.11511",
            "intent": [
                "methodology"
            ],
            "isInfluential": false,
            "paperId": "ddbd8fe782ac98e9c64dd98710687a962195dd9b",
            "title": "Self-RAG: Learning to Retrieve, Generate, and Critique through Self-Reflection",
            "url": "https://www.semanticscholar.org/paper/ddbd8fe782ac98e9c64dd98710687a962195dd9b",
            "venue": "ICLR",
            "year": 2023
        },
        {
            "arxivId": "2309.04790",
            "authors": [
                {
                    "authorId": "2290973054",
                    "name": "Weihao Liu"
                },
                {
                    "authorId": "2332276",
                    "name": "Fangyu Lei"
                },
                {
                    "authorId": "2280137715",
                    "name": "Tongxu Luo"
                },
                {
                    "authorId": "2238951064",
                    "name": "Jiahe Lei"
                },
                {
                    "authorId": "1954845",
                    "name": "Shizhu He"
                },
                {
                    "authorId": "1390572170",
                    "name": "Jun Zhao"
                },
                {
                    "authorId": "2200096",
                    "name": "Kang Liu"
                }
            ],
            "doi": "10.48550/arXiv.2309.04790",
            "intent": [
                "methodology"
            ],
            "isInfluential": false,
            "paperId": "27d6d02e24de259e3aa38e556a81f89ec505816e",
            "title": "MMHQA-ICL: Multimodal In-context Learning for Hybrid Question Answering over Text, Tables and Images",
            "url": "https://www.semanticscholar.org/paper/27d6d02e24de259e3aa38e556a81f89ec505816e",
            "venue": "ArXiv",
            "year": 2023
        },
        {
            "arxivId": "2307.09288",
            "authors": [
                {
                    "authorId": "2113243762",
                    "name": "Hugo Touvron"
                },
                {
                    "authorId": "143792623",
                    "name": "Louis Martin"
                },
                {
                    "authorId": "2059203763",
                    "name": "Kevin R. Stone"
                },
                {
                    "authorId": "2214809450",
                    "name": "Peter Albert"
                },
                {
                    "authorId": "2634674",
                    "name": "Amjad Almahairi"
                },
                {
                    "authorId": "2223764353",
                    "name": "Yasmine Babaei"
                },
                {
                    "authorId": "2223756247",
                    "name": "Nikolay Bashlykov"
                },
                {
                    "authorId": "47505161",
                    "name": "Soumya Batra"
                },
                {
                    "authorId": "51229603",
                    "name": "Prajjwal Bhargava"
                },
                {
                    "authorId": "2116473",
                    "name": "Shruti Bhosale"
                },
                {
                    "authorId": "2023469",
                    "name": "D. Bikel"
                },
                {
                    "authorId": "2040305955",
                    "name": "Lukas Blecher"
                },
                {
                    "authorId": "66286536",
                    "name": "Cristian Cant\u00f3n Ferrer"
                },
                {
                    "authorId": "2108267192",
                    "name": "Moya Chen"
                },
                {
                    "authorId": "7153363",
                    "name": "Guillem Cucurull"
                },
                {
                    "authorId": "71039937",
                    "name": "David Esiobu"
                },
                {
                    "authorId": "2166312768",
                    "name": "Jude Fernandes"
                },
                {
                    "authorId": "2223974989",
                    "name": "Jeremy Fu"
                },
                {
                    "authorId": "2223742000",
                    "name": "Wenyin Fu"
                },
                {
                    "authorId": "2223748737",
                    "name": "Brian Fuller"
                },
                {
                    "authorId": "2107063269",
                    "name": "Cynthia Gao"
                },
                {
                    "authorId": "28554843",
                    "name": "Vedanuj Goswami"
                },
                {
                    "authorId": "39589154",
                    "name": "Naman Goyal"
                },
                {
                    "authorId": "4305645",
                    "name": "A. Hartshorn"
                },
                {
                    "authorId": "2195458",
                    "name": "Saghar Hosseini"
                },
                {
                    "authorId": "2132302721",
                    "name": "Rui Hou"
                },
                {
                    "authorId": "2065277797",
                    "name": "Hakan Inan"
                },
                {
                    "authorId": "2059886128",
                    "name": "Marcin Kardas"
                },
                {
                    "authorId": "2190957318",
                    "name": "Viktor Kerkez"
                },
                {
                    "authorId": "2072010",
                    "name": "Madian Khabsa"
                },
                {
                    "authorId": "2207049",
                    "name": "Isabel M. Kloumann"
                },
                {
                    "authorId": "2135297476",
                    "name": "A. Korenev"
                },
                {
                    "authorId": "2146367061",
                    "name": "Punit Singh Koura"
                },
                {
                    "authorId": "114952298",
                    "name": "Marie-Anne Lachaux"
                },
                {
                    "authorId": "46183616",
                    "name": "Thibaut Lavril"
                },
                {
                    "authorId": "2223749565",
                    "name": "Jenya Lee"
                },
                {
                    "authorId": "2145259939",
                    "name": "Diana Liskovich"
                },
                {
                    "authorId": "1768032",
                    "name": "Yinghai Lu"
                },
                {
                    "authorId": "3375249",
                    "name": "Yuning Mao"
                },
                {
                    "authorId": "1490887583",
                    "name": "Xavier Martinet"
                },
                {
                    "authorId": "39980906",
                    "name": "Todor Mihaylov"
                },
                {
                    "authorId": "3047561",
                    "name": "Pushkar Mishra"
                },
                {
                    "authorId": "2322981055",
                    "name": "Igor Molybog"
                },
                {
                    "authorId": "40383658",
                    "name": "Yixin Nie"
                },
                {
                    "authorId": "38579672",
                    "name": "Andrew Poulton"
                },
                {
                    "authorId": "39906022",
                    "name": "Jeremy Reizenstein"
                },
                {
                    "authorId": "150282885",
                    "name": "Rashi Rungta"
                },
                {
                    "authorId": "1859294",
                    "name": "Kalyan Saladi"
                },
                {
                    "authorId": "14279694",
                    "name": "Alan Schelten"
                },
                {
                    "authorId": "2214818043",
                    "name": "Ruan Silva"
                },
                {
                    "authorId": "51324296",
                    "name": "Eric Michael Smith"
                },
                {
                    "authorId": "2066074360",
                    "name": "R. Subramanian"
                },
                {
                    "authorId": "2112782199",
                    "name": "Xia Tan"
                },
                {
                    "authorId": "71292072",
                    "name": "Binh Tang"
                },
                {
                    "authorId": "2110697298",
                    "name": "Ross Taylor"
                },
                {
                    "authorId": "2110032535",
                    "name": "Adina Williams"
                },
                {
                    "authorId": "2223770369",
                    "name": "Jian Xiang Kuan"
                },
                {
                    "authorId": "2214843767",
                    "name": "Puxin Xu"
                },
                {
                    "authorId": "14701107",
                    "name": "Zhengxu Yan"
                },
                {
                    "authorId": "121929334",
                    "name": "Iliyan Zarov"
                },
                {
                    "authorId": "2108473229",
                    "name": "Yuchen Zhang"
                },
                {
                    "authorId": "144270981",
                    "name": "Angela Fan"
                },
                {
                    "authorId": "2165660870",
                    "name": "M. Kambadur"
                },
                {
                    "authorId": "46617804",
                    "name": "Sharan Narang"
                },
                {
                    "authorId": "2166043087",
                    "name": "Aur\u00e9lien Rodriguez"
                },
                {
                    "authorId": "1962768",
                    "name": "Robert Stojnic"
                },
                {
                    "authorId": "2068070",
                    "name": "Sergey Edunov"
                },
                {
                    "authorId": "2073456043",
                    "name": "Thomas Scialom"
                }
            ],
            "doi": null,
            "intent": [
                "background"
            ],
            "isInfluential": false,
            "paperId": "104b0bb1da562d53cbda87aec79ef6a2827d191a",
            "title": "Llama 2: Open Foundation and Fine-Tuned Chat Models",
            "url": "https://www.semanticscholar.org/paper/104b0bb1da562d53cbda87aec79ef6a2827d191a",
            "venue": "ArXiv",
            "year": 2023
        },
        {
            "arxivId": "2303.17651",
            "authors": [
                {
                    "authorId": "21626987",
                    "name": "Aman Madaan"
                },
                {
                    "authorId": "1721168",
                    "name": "Niket Tandon"
                },
                {
                    "authorId": "1491232062",
                    "name": "Prakhar Gupta"
                },
                {
                    "authorId": "1474550731",
                    "name": "Skyler Hallinan"
                },
                {
                    "authorId": "49715441",
                    "name": "Luyu Gao"
                },
                {
                    "authorId": "35823986",
                    "name": "Sarah Wiegreffe"
                },
                {
                    "authorId": "47051926",
                    "name": "Uri Alon"
                },
                {
                    "authorId": "46217681",
                    "name": "Nouha Dziri"
                },
                {
                    "authorId": "9358910",
                    "name": "Shrimai Prabhumoye"
                },
                {
                    "authorId": "46286308",
                    "name": "Yiming Yang"
                },
                {
                    "authorId": "2129663",
                    "name": "S. Welleck"
                },
                {
                    "authorId": "3165738",
                    "name": "Bodhisattwa Prasad Majumder"
                },
                {
                    "authorId": "2152953535",
                    "name": "Shashank Gupta"
                },
                {
                    "authorId": "2112229",
                    "name": "A. Yazdanbakhsh"
                },
                {
                    "authorId": "48323507",
                    "name": "Peter Clark"
                }
            ],
            "doi": "10.48550/arXiv.2303.17651",
            "intent": [
                "methodology"
            ],
            "isInfluential": false,
            "paperId": "3aaf6a2cbad5850ad81ab5c163599cb3d523436f",
            "title": "Self-Refine: Iterative Refinement with Self-Feedback",
            "url": "https://www.semanticscholar.org/paper/3aaf6a2cbad5850ad81ab5c163599cb3d523436f",
            "venue": "NeurIPS",
            "year": 2023
        },
        {
            "arxivId": "2303.10868",
            "authors": [
                {
                    "authorId": "2091437375",
                    "name": "Ruochen Zhao"
                },
                {
                    "authorId": "2118442481",
                    "name": "Hailin Chen"
                },
                {
                    "authorId": "2108528154",
                    "name": "Weishi Wang"
                },
                {
                    "authorId": "1689176705",
                    "name": "Fangkai Jiao"
                },
                {
                    "authorId": "2060491855",
                    "name": "Do Xuan Long"
                },
                {
                    "authorId": "2084609980",
                    "name": "Chengwei Qin"
                },
                {
                    "authorId": "2064493724",
                    "name": "Bosheng Ding"
                },
                {
                    "authorId": "151479832",
                    "name": "Xiaobao Guo"
                },
                {
                    "authorId": "2161729126",
                    "name": "Minzhi Li"
                },
                {
                    "authorId": "2155447436",
                    "name": "Xingxuan Li"
                },
                {
                    "authorId": "2708940",
                    "name": "Shafiq R. Joty"
                }
            ],
            "doi": "10.48550/arXiv.2303.10868",
            "intent": [
                "methodology"
            ],
            "isInfluential": false,
            "paperId": "00a9a469bb019bf33eeee438c110f704b71cda73",
            "title": "Retrieving Multimodal Information for Augmented Generation: A Survey",
            "url": "https://www.semanticscholar.org/paper/00a9a469bb019bf33eeee438c110f704b71cda73",
            "venue": "EMNLP",
            "year": 2023
        },
        {
            "arxivId": "2303.08518",
            "authors": [
                {
                    "authorId": "2068324576",
                    "name": "Daixuan Cheng"
                },
                {
                    "authorId": "3110003",
                    "name": "Shaohan Huang"
                },
                {
                    "authorId": "2142554422",
                    "name": "Junyu Bi"
                },
                {
                    "authorId": "1945466206",
                    "name": "Yu-Wei Zhan"
                },
                {
                    "authorId": null,
                    "name": "Jianfeng Liu"
                },
                {
                    "authorId": "46394401",
                    "name": "Yujing Wang"
                },
                {
                    "authorId": "2118180377",
                    "name": "Hao Sun"
                },
                {
                    "authorId": "49807919",
                    "name": "Furu Wei"
                },
                {
                    "authorId": "2150171067",
                    "name": "Denvy Deng"
                },
                {
                    "authorId": "2145908588",
                    "name": "Qi Zhang"
                }
            ],
            "doi": "10.48550/arXiv.2303.08518",
            "intent": [
                "methodology"
            ],
            "isInfluential": false,
            "paperId": "f7212245d3787c66b8dc1e9fa4bc48349cef1155",
            "title": "UPRISE: Universal Prompt Retrieval for Improving Zero-Shot Evaluation",
            "url": "https://www.semanticscholar.org/paper/f7212245d3787c66b8dc1e9fa4bc48349cef1155",
            "venue": "EMNLP",
            "year": 2023
        },
        {
            "arxivId": "2303.07992",
            "authors": [
                {
                    "authorId": "2110746972",
                    "name": "Yiming Tan"
                },
                {
                    "authorId": "2211478907",
                    "name": "Dehai Min"
                },
                {
                    "authorId": "47002721",
                    "name": "Y. Li"
                },
                {
                    "authorId": "2211591472",
                    "name": "Wenbo Li"
                },
                {
                    "authorId": "2154445064",
                    "name": "Nan Hu"
                },
                {
                    "authorId": "2109245569",
                    "name": "Yongrui Chen"
                },
                {
                    "authorId": "1730054",
                    "name": "G. Qi"
                }
            ],
            "doi": "10.1007/978-3-031-47240-4_19",
            "intent": [
                "background"
            ],
            "isInfluential": false,
            "paperId": "bfad52fc64ca0169644b6e7e0ea9a46470d51709",
            "title": "Can ChatGPT Replace Traditional KBQA Models? An In-Depth Analysis of the Question Answering Performance of the GPT LLM Family",
            "url": "https://www.semanticscholar.org/paper/bfad52fc64ca0169644b6e7e0ea9a46470d51709",
            "venue": "SEMWEB",
            "year": 2023
        },
        {
            "arxivId": "2211.00053",
            "authors": [
                {
                    "authorId": "2129663",
                    "name": "S. Welleck"
                },
                {
                    "authorId": "50085131",
                    "name": "Ximing Lu"
                },
                {
                    "authorId": "119659229",
                    "name": "Peter West"
                },
                {
                    "authorId": "9252833",
                    "name": "Faeze Brahman"
                },
                {
                    "authorId": "3456570",
                    "name": "T. Shen"
                },
                {
                    "authorId": "1783281",
                    "name": "Daniel Khashabi"
                },
                {
                    "authorId": "1699545",
                    "name": "Yejin Choi"
                }
            ],
            "doi": "10.48550/arXiv.2211.00053",
            "intent": [
                "background"
            ],
            "isInfluential": false,
            "paperId": "538288d24bdad73d831dfed44b706958287ed318",
            "title": "Generating Sequences by Learning to Self-Correct",
            "url": "https://www.semanticscholar.org/paper/538288d24bdad73d831dfed44b706958287ed318",
            "venue": "ICLR",
            "year": 2022
        },
        {
            "arxivId": "2210.11610",
            "authors": [
                {
                    "authorId": "3488341",
                    "name": "Jiaxin Huang"
                },
                {
                    "authorId": "2046135",
                    "name": "S. Gu"
                },
                {
                    "authorId": "2153400663",
                    "name": "Le Hou"
                },
                {
                    "authorId": "9287688",
                    "name": "Yuexin Wu"
                },
                {
                    "authorId": "1524732527",
                    "name": "Xuezhi Wang"
                },
                {
                    "authorId": "40244451",
                    "name": "Hongkun Yu"
                },
                {
                    "authorId": "2111759643",
                    "name": "Jiawei Han"
                }
            ],
            "doi": "10.48550/arXiv.2210.11610",
            "intent": [
                "methodology"
            ],
            "isInfluential": false,
            "paperId": "3fa70115248377c3d1517c9f978791a296fbc1dd",
            "title": "Large Language Models Can Self-Improve",
            "url": "https://www.semanticscholar.org/paper/3fa70115248377c3d1517c9f978791a296fbc1dd",
            "venue": "EMNLP",
            "year": 2022
        },
        {
            "arxivId": "2210.03809",
            "authors": [
                {
                    "authorId": "1454363000",
                    "name": "Weizhe Lin"
                },
                {
                    "authorId": "36126076",
                    "name": "B. Byrne"
                }
            ],
            "doi": "10.48550/arXiv.2210.03809",
            "intent": [
                "methodology"
            ],
            "isInfluential": false,
            "paperId": "6f85ec89d9c07a8db4545e64888ced820370a21b",
            "title": "Retrieval Augmented Visual Question Answering with Outside Knowledge",
            "url": "https://www.semanticscholar.org/paper/6f85ec89d9c07a8db4545e64888ced820370a21b",
            "venue": "EMNLP",
            "year": 2022
        },
        {
            "arxivId": "2210.02928",
            "authors": [
                {
                    "authorId": "2928777",
                    "name": "Wenhu Chen"
                },
                {
                    "authorId": "2804000",
                    "name": "Hexiang Hu"
                },
                {
                    "authorId": "2145309103",
                    "name": "Xi Chen"
                },
                {
                    "authorId": "2986975",
                    "name": "Pat Verga"
                },
                {
                    "authorId": "50056360",
                    "name": "William W. Cohen"
                }
            ],
            "doi": "10.48550/arXiv.2210.02928",
            "intent": [
                "methodology",
                "background"
            ],
            "isInfluential": true,
            "paperId": "38b0803b59e4973f09018ce942164b02be4b8bc9",
            "title": "MuRAG: Multimodal Retrieval-Augmented Generator for Open Question Answering over Images and Text",
            "url": "https://www.semanticscholar.org/paper/38b0803b59e4973f09018ce942164b02be4b8bc9",
            "venue": "EMNLP",
            "year": 2022
        },
        {
            "arxivId": "2207.06300",
            "authors": [
                {
                    "authorId": "143742133",
                    "name": "Michael R. Glass"
                },
                {
                    "authorId": "3415700",
                    "name": "Gaetano Rossiello"
                },
                {
                    "authorId": "8576392",
                    "name": "Md. Faisal Mahbub Chowdhury"
                },
                {
                    "authorId": "12500726",
                    "name": "Ankita Rajaram Naik"
                },
                {
                    "authorId": "153770645",
                    "name": "Pengshan Cai"
                },
                {
                    "authorId": "1711133",
                    "name": "A. Gliozzo"
                }
            ],
            "doi": "10.48550/arXiv.2207.06300",
            "intent": [
                "methodology"
            ],
            "isInfluential": false,
            "paperId": "c406074e331fa11604059bdeb36433dc9d1e20de",
            "title": "Re2G: Retrieve, Rerank, Generate",
            "url": "https://www.semanticscholar.org/paper/c406074e331fa11604059bdeb36433dc9d1e20de",
            "venue": "NAACL",
            "year": 2022
        },
        {
            "arxivId": "2203.11171",
            "authors": [
                {
                    "authorId": "1524732527",
                    "name": "Xuezhi Wang"
                },
                {
                    "authorId": "119640649",
                    "name": "Jason Wei"
                },
                {
                    "authorId": "50319359",
                    "name": "D. Schuurmans"
                },
                {
                    "authorId": "1998340269",
                    "name": "Quoc Le"
                },
                {
                    "authorId": "2226805",
                    "name": "Ed H. Chi"
                },
                {
                    "authorId": "65855107",
                    "name": "Denny Zhou"
                }
            ],
            "doi": "10.48550/arXiv.2203.11171",
            "intent": [
                "methodology"
            ],
            "isInfluential": false,
            "paperId": "5f19ae1135a9500940978104ec15a5b8751bc7d2",
            "title": "Self-Consistency Improves Chain of Thought Reasoning in Language Models",
            "url": "https://www.semanticscholar.org/paper/5f19ae1135a9500940978104ec15a5b8751bc7d2",
            "venue": "ICLR",
            "year": 2022
        },
        {
            "arxivId": "2203.02155",
            "authors": [
                {
                    "authorId": "31793034",
                    "name": "Long Ouyang"
                },
                {
                    "authorId": "49387725",
                    "name": "Jeff Wu"
                },
                {
                    "authorId": "2115903168",
                    "name": "Xu Jiang"
                },
                {
                    "authorId": "2061137049",
                    "name": "Diogo Almeida"
                },
                {
                    "authorId": "2064084601",
                    "name": "Carroll L. Wainwright"
                },
                {
                    "authorId": "2051714782",
                    "name": "Pamela Mishkin"
                },
                {
                    "authorId": null,
                    "name": "Chong Zhang"
                },
                {
                    "authorId": "144517868",
                    "name": "Sandhini Agarwal"
                },
                {
                    "authorId": "2117680841",
                    "name": "Katarina Slama"
                },
                {
                    "authorId": "2064770039",
                    "name": "Alex Ray"
                },
                {
                    "authorId": "47971768",
                    "name": "John Schulman"
                },
                {
                    "authorId": "2052366271",
                    "name": "Jacob Hilton"
                },
                {
                    "authorId": "2151735262",
                    "name": "Fraser Kelton"
                },
                {
                    "authorId": "2142365973",
                    "name": "Luke E. Miller"
                },
                {
                    "authorId": "2151735251",
                    "name": "Maddie Simens"
                },
                {
                    "authorId": "119609682",
                    "name": "Amanda Askell"
                },
                {
                    "authorId": "2930640",
                    "name": "P. Welinder"
                },
                {
                    "authorId": "145791315",
                    "name": "P. Christiano"
                },
                {
                    "authorId": "2990741",
                    "name": "J. Leike"
                },
                {
                    "authorId": "49407415",
                    "name": "Ryan J. Lowe"
                }
            ],
            "doi": null,
            "intent": [
                "background"
            ],
            "isInfluential": false,
            "paperId": "d766bffc357127e0dc86dd69561d5aeb520d6f4c",
            "title": "Training language models to follow instructions with human feedback",
            "url": "https://www.semanticscholar.org/paper/d766bffc357127e0dc86dd69561d5aeb520d6f4c",
            "venue": "NeurIPS",
            "year": 2022
        },
        {
            "arxivId": "2202.01110",
            "authors": [
                {
                    "authorId": "91956362",
                    "name": "Huayang Li"
                },
                {
                    "authorId": "50087162",
                    "name": "Yixuan Su"
                },
                {
                    "authorId": "2053327987",
                    "name": "Deng Cai"
                },
                {
                    "authorId": "2152546690",
                    "name": "Yan Wang"
                },
                {
                    "authorId": "2978364",
                    "name": "Lemao Liu"
                }
            ],
            "doi": null,
            "intent": [
                "background"
            ],
            "isInfluential": false,
            "paperId": "e6770e3f5e74210c6863aaeed527ac4c1da419d7",
            "title": "A Survey on Retrieval-Augmented Text Generation",
            "url": "https://www.semanticscholar.org/paper/e6770e3f5e74210c6863aaeed527ac4c1da419d7",
            "venue": "ArXiv",
            "year": 2022
        },
        {
            "arxivId": "2104.06039",
            "authors": [
                {
                    "authorId": "12371246",
                    "name": "Alon Talmor"
                },
                {
                    "authorId": "2074100429",
                    "name": "Ori Yoran"
                },
                {
                    "authorId": "1995822153",
                    "name": "Amnon Catav"
                },
                {
                    "authorId": "1396093833",
                    "name": "Dan Lahav"
                },
                {
                    "authorId": "1705260",
                    "name": "Yizhong Wang"
                },
                {
                    "authorId": "35584853",
                    "name": "Akari Asai"
                },
                {
                    "authorId": "2123694087",
                    "name": "Gabriel Ilharco"
                },
                {
                    "authorId": "2548384",
                    "name": "Hannaneh Hajishirzi"
                },
                {
                    "authorId": "1750652",
                    "name": "Jonathan Berant"
                }
            ],
            "doi": null,
            "intent": [],
            "isInfluential": false,
            "paperId": "d365978adf0a5c9c6028820857e015617856256b",
            "title": "MultiModalQA: Complex Question Answering over Text, Tables and Images",
            "url": "https://www.semanticscholar.org/paper/d365978adf0a5c9c6028820857e015617856256b",
            "venue": "ICLR",
            "year": 2021
        },
        {
            "arxivId": "2005.11401",
            "authors": [
                {
                    "authorId": "145222654",
                    "name": "Patrick Lewis"
                },
                {
                    "authorId": "3439053",
                    "name": "Ethan Perez"
                },
                {
                    "authorId": "1716179427",
                    "name": "Aleksandara Piktus"
                },
                {
                    "authorId": "40052301",
                    "name": "F. Petroni"
                },
                {
                    "authorId": "2067091563",
                    "name": "Vladimir Karpukhin"
                },
                {
                    "authorId": "39589154",
                    "name": "Naman Goyal"
                },
                {
                    "authorId": "103131985",
                    "name": "Heinrich Kuttler"
                },
                {
                    "authorId": "35084211",
                    "name": "M. Lewis"
                },
                {
                    "authorId": "144105277",
                    "name": "Wen-tau Yih"
                },
                {
                    "authorId": "2620211",
                    "name": "Tim Rockt\u00e4schel"
                },
                {
                    "authorId": "48662861",
                    "name": "Sebastian Riedel"
                },
                {
                    "authorId": "1743722",
                    "name": "Douwe Kiela"
                }
            ],
            "doi": null,
            "intent": [
                "background"
            ],
            "isInfluential": false,
            "paperId": "58ed1fbaabe027345f7bb3a6312d41c5aac63e22",
            "title": "Retrieval-Augmented Generation for Knowledge-Intensive NLP Tasks",
            "url": "https://www.semanticscholar.org/paper/58ed1fbaabe027345f7bb3a6312d41c5aac63e22",
            "venue": "NeurIPS",
            "year": 2020
        },
        {
            "arxivId": "2004.04906",
            "authors": [
                {
                    "authorId": "2067091563",
                    "name": "Vladimir Karpukhin"
                },
                {
                    "authorId": "9185192",
                    "name": "Barlas O\u011fuz"
                },
                {
                    "authorId": "48872685",
                    "name": "Sewon Min"
                },
                {
                    "authorId": "145222654",
                    "name": "Patrick Lewis"
                },
                {
                    "authorId": "51183248",
                    "name": "Ledell Yu Wu"
                },
                {
                    "authorId": "2068070",
                    "name": "Sergey Edunov"
                },
                {
                    "authorId": "50536468",
                    "name": "Danqi Chen"
                },
                {
                    "authorId": "144105277",
                    "name": "Wen-tau Yih"
                }
            ],
            "doi": "10.18653/v1/2020.emnlp-main.550",
            "intent": [
                "methodology"
            ],
            "isInfluential": false,
            "paperId": "b26f2037f769d5ffc5f7bdcec2de8da28ec14bee",
            "title": "Dense Passage Retrieval for Open-Domain Question Answering",
            "url": "https://www.semanticscholar.org/paper/b26f2037f769d5ffc5f7bdcec2de8da28ec14bee",
            "venue": "EMNLP",
            "year": 2020
        },
        {
            "arxivId": "1911.05722",
            "authors": [
                {
                    "authorId": "39353098",
                    "name": "Kaiming He"
                },
                {
                    "authorId": "146884473",
                    "name": "Haoqi Fan"
                },
                {
                    "authorId": "98264506",
                    "name": "Yuxin Wu"
                },
                {
                    "authorId": "1817030",
                    "name": "Saining Xie"
                },
                {
                    "authorId": "2983898",
                    "name": "Ross B. Girshick"
                }
            ],
            "doi": "10.1109/cvpr42600.2020.00975",
            "intent": [
                "methodology"
            ],
            "isInfluential": false,
            "paperId": "add2f205338d70e10ce5e686df4a690e2851bdfc",
            "title": "Momentum Contrast for Unsupervised Visual Representation Learning",
            "url": "https://www.semanticscholar.org/paper/add2f205338d70e10ce5e686df4a690e2851bdfc",
            "venue": "2020 IEEE/CVF Conference on Computer Vision and Pattern Recognition (CVPR)",
            "year": 2019
        },
        {
            "arxivId": "1909.05645",
            "authors": [
                {
                    "authorId": "153194420",
                    "name": "Haiyang Xu"
                },
                {
                    "authorId": "2153728032",
                    "name": "Hui Zhang"
                },
                {
                    "authorId": "47054374",
                    "name": "Kun Han"
                },
                {
                    "authorId": "2118375579",
                    "name": "Yun Wang"
                },
                {
                    "authorId": "2111015160",
                    "name": "Yiping Peng"
                },
                {
                    "authorId": "1898780",
                    "name": "Xiangang Li"
                }
            ],
            "doi": "10.21437/interspeech.2019-3247",
            "intent": [
                "background"
            ],
            "isInfluential": false,
            "paperId": "101e22de9ef604aa586c806c81926648ac583b99",
            "title": "Learning Alignment for Multimodal Emotion Recognition from Speech",
            "url": "https://www.semanticscholar.org/paper/101e22de9ef604aa586c806c81926648ac583b99",
            "venue": "INTERSPEECH",
            "year": 2019
        },
        {
            "arxivId": null,
            "authors": [
                {
                    "authorId": "1678656",
                    "name": "I. Loshchilov"
                },
                {
                    "authorId": "144661829",
                    "name": "F. Hutter"
                }
            ],
            "doi": null,
            "intent": [
                "methodology"
            ],
            "isInfluential": false,
            "paperId": "d07284a6811f1b2745d91bdb06b040b57f226882",
            "title": "Decoupled Weight Decay Regularization",
            "url": "https://www.semanticscholar.org/paper/d07284a6811f1b2745d91bdb06b040b57f226882",
            "venue": "ICLR",
            "year": 2017
        },
        {
            "arxivId": "1606.05250",
            "authors": [
                {
                    "authorId": "2706258",
                    "name": "Pranav Rajpurkar"
                },
                {
                    "authorId": "2151810148",
                    "name": "Jian Zhang"
                },
                {
                    "authorId": "2787620",
                    "name": "Konstantin Lopyrev"
                },
                {
                    "authorId": "145419642",
                    "name": "Percy Liang"
                }
            ],
            "doi": "10.18653/v1/D16-1264",
            "intent": [
                "methodology"
            ],
            "isInfluential": false,
            "paperId": "05dd7254b632376973f3a1b4d39485da17814df5",
            "title": "SQuAD: 100,000+ Questions for Machine Comprehension of Text",
            "url": "https://www.semanticscholar.org/paper/05dd7254b632376973f3a1b4d39485da17814df5",
            "venue": "EMNLP",
            "year": 2016
        },
        {
            "arxivId": null,
            "authors": [
                {
                    "authorId": "2051175765",
                    "name": "Shitao Xiao"
                },
                {
                    "authorId": "2240687341",
                    "name": "Zheng Liu"
                },
                {
                    "authorId": "2153419738",
                    "name": "Peitian Zhang"
                },
                {
                    "authorId": "2037383772",
                    "name": "Niklas Muennighoff"
                }
            ],
            "doi": "10.48550/arXiv.2309.07597",
            "intent": [
                "methodology"
            ],
            "isInfluential": false,
            "paperId": "2ff694e20f492a7acf7fd0646c5e1576f0b3c901",
            "title": "C-Pack: Packaged Resources To Advance General Chinese Embedding",
            "url": "https://www.semanticscholar.org/paper/2ff694e20f492a7acf7fd0646c5e1576f0b3c901",
            "venue": "ArXiv",
            "year": 2023
        }
    ],
    "s2FieldsOfStudy": [
        {
            "category": "Computer Science",
            "source": "external"
        },
        {
            "category": "Computer Science",
            "source": "s2-fos-model"
        }
    ],
    "title": "Self-adaptive Multimodal Retrieval-Augmented Generation",
    "topics": [],
    "url": "https://www.semanticscholar.org/paper/62b5cf872f3816fef9c06777a175e4a7c9e9149b",
    "venue": "arXiv.org",
    "year": 2024
}