{
    "abstract": "Academic literature reviews have traditionally relied on techniques such as keyword searches and accumulation of relevant back-references, using databases like Google Scholar or IEEEXplore. However, both the precision and accuracy of these search techniques is limited by the presence or absence of specific keywords, making literature review akin to searching for needles in a haystack. We present vitaLITy 2, a solution that uses a Large Language Model or LLM-based approach to identify semantically relevant literature in a textual embedding space. We include a corpus of 66,692 papers from 1970-2023 which are searchable through text embeddings created by three language models. vitaLITy 2 contributes a novel Retrieval Augmented Generation (RAG) architecture and can be interacted with through an LLM with augmented prompts, including summarization of a collection of papers. vitaLITy 2 also provides a chat interface that allow users to perform complex queries without learning any new programming language. This also enables users to take advantage of the knowledge captured in the LLM from its enormous training corpus. Finally, we demonstrate the applicability of vitaLITy 2 through two usage scenarios. vitaLITy 2 is available as open-source software at https://vitality-vis.github.io.",
    "arxivId": "2408.13450",
    "authors": [
        {
            "authorId": "2316947220",
            "name": "Hongye An",
            "url": "https://www.semanticscholar.org/author/2316947220"
        },
        {
            "authorId": "2380768",
            "name": "Arpit Narechania",
            "url": "https://www.semanticscholar.org/author/2380768"
        },
        {
            "authorId": "2316947359",
            "name": "Emily Wall",
            "url": "https://www.semanticscholar.org/author/2316947359"
        },
        {
            "authorId": "2318253193",
            "name": "Kai Xu",
            "url": "https://www.semanticscholar.org/author/2318253193"
        }
    ],
    "citationVelocity": 0,
    "citations": [
        {
            "arxivId": "2408.13391",
            "authors": [
                {
                    "authorId": "1580981975",
                    "name": "Subham Sah"
                },
                {
                    "authorId": "2174667532",
                    "name": "Rishab Mitra"
                },
                {
                    "authorId": "2380768",
                    "name": "Arpit Narechania"
                },
                {
                    "authorId": "2238220681",
                    "name": "Alex Endert"
                },
                {
                    "authorId": "2289080038",
                    "name": "J. Stasko"
                },
                {
                    "authorId": "2316948443",
                    "name": "Wenwen Dou"
                }
            ],
            "doi": "10.48550/arXiv.2408.13391",
            "intent": [],
            "isInfluential": false,
            "paperId": "3767f591c379825437cea6407e4aec36c91b0abf",
            "title": "Generating Analytic Specifications for Data Visualization from Natural Language Queries using Large Language Models",
            "url": "https://www.semanticscholar.org/paper/3767f591c379825437cea6407e4aec36c91b0abf",
            "venue": "ArXiv",
            "year": 2024
        }
    ],
    "corpusId": 271956490,
    "doi": "10.48550/arXiv.2408.13450",
    "fieldsOfStudy": [
        "Computer Science"
    ],
    "influentialCitationCount": 0,
    "isOpenAccess": false,
    "isPublisherLicensed": true,
    "is_open_access": false,
    "is_publisher_licensed": true,
    "numCitedBy": 1,
    "numCiting": 49,
    "paperId": "c056e6e6bd6d3a407aa13ad309c048243ead6180",
    "references": [
        {
            "arxivId": "2408.13391",
            "authors": [
                {
                    "authorId": "1580981975",
                    "name": "Subham Sah"
                },
                {
                    "authorId": "2174667532",
                    "name": "Rishab Mitra"
                },
                {
                    "authorId": "2380768",
                    "name": "Arpit Narechania"
                },
                {
                    "authorId": "2238220681",
                    "name": "Alex Endert"
                },
                {
                    "authorId": "2289080038",
                    "name": "J. Stasko"
                },
                {
                    "authorId": "2316948443",
                    "name": "Wenwen Dou"
                }
            ],
            "doi": "10.48550/arXiv.2408.13391",
            "intent": [
                "methodology"
            ],
            "isInfluential": false,
            "paperId": "3767f591c379825437cea6407e4aec36c91b0abf",
            "title": "Generating Analytic Specifications for Data Visualization from Natural Language Queries using Large Language Models",
            "url": "https://www.semanticscholar.org/paper/3767f591c379825437cea6407e4aec36c91b0abf",
            "venue": "ArXiv",
            "year": 2024
        },
        {
            "arxivId": null,
            "authors": [
                {
                    "authorId": "11430146",
                    "name": "Timothy R. McIntosh"
                },
                {
                    "authorId": "2266900958",
                    "name": "Tong Liu"
                },
                {
                    "authorId": "2656889",
                    "name": "Teo Susnjak"
                },
                {
                    "authorId": "2266989798",
                    "name": "Paul Watters"
                },
                {
                    "authorId": "2266902426",
                    "name": "Alex Ng"
                },
                {
                    "authorId": "2070517",
                    "name": "Malka N. Halgamuge"
                }
            ],
            "doi": "10.1109/TAI.2023.3332837",
            "intent": [
                "background"
            ],
            "isInfluential": false,
            "paperId": "57405b54cd927241c6b95103e83f9537721c3c3b",
            "title": "A Culturally Sensitive Test to Evaluate Nuanced GPT Hallucination",
            "url": "https://www.semanticscholar.org/paper/57405b54cd927241c6b95103e83f9537721c3c3b",
            "venue": "IEEE Transactions on Artificial Intelligence",
            "year": 2024
        },
        {
            "arxivId": "2402.05131",
            "authors": [
                {
                    "authorId": "2284073889",
                    "name": "Antonio Jimeno-Yepes"
                },
                {
                    "authorId": "2283308522",
                    "name": "Yao You"
                },
                {
                    "authorId": "2283307145",
                    "name": "Jan Milczek"
                },
                {
                    "authorId": "2283306503",
                    "name": "Sebastian Laverde"
                },
                {
                    "authorId": "2288440307",
                    "name": "Renyu Li"
                }
            ],
            "doi": "10.48550/arXiv.2402.05131",
            "intent": [
                "background"
            ],
            "isInfluential": false,
            "paperId": "c072d217732edb066de2192ab9ad6b02aec9c7a0",
            "title": "Financial Report Chunking for Effective Retrieval Augmented Generation",
            "url": "https://www.semanticscholar.org/paper/c072d217732edb066de2192ab9ad6b02aec9c7a0",
            "venue": "ArXiv",
            "year": 2024
        },
        {
            "arxivId": "2401.11817",
            "authors": [
                {
                    "authorId": "1390848082",
                    "name": "Ziwei Xu"
                },
                {
                    "authorId": "2280273731",
                    "name": "Sanjay Jain"
                },
                {
                    "authorId": "145977143",
                    "name": "Mohan S. Kankanhalli"
                }
            ],
            "doi": "10.48550/arXiv.2401.11817",
            "intent": [],
            "isInfluential": false,
            "paperId": "5cd671efa2af8456c615c5faf54d1be4950f3819",
            "title": "Hallucination is Inevitable: An Innate Limitation of Large Language Models",
            "url": "https://www.semanticscholar.org/paper/5cd671efa2af8456c615c5faf54d1be4950f3819",
            "venue": "ArXiv",
            "year": 2024
        },
        {
            "arxivId": "2311.01920",
            "authors": [
                {
                    "authorId": "2187080210",
                    "name": "Yuan Tian"
                },
                {
                    "authorId": "2089537450",
                    "name": "Weiwei Cui"
                },
                {
                    "authorId": "51213188",
                    "name": "Dazhen Deng"
                },
                {
                    "authorId": "2265384555",
                    "name": "Xinjing Yi"
                },
                {
                    "authorId": "2265457074",
                    "name": "Yurun Yang"
                },
                {
                    "authorId": "2264380586",
                    "name": "Haidong Zhang"
                },
                {
                    "authorId": "2238177111",
                    "name": "Yingcai Wu"
                }
            ],
            "doi": "10.1109/TVCG.2024.3368621",
            "intent": [
                "methodology"
            ],
            "isInfluential": false,
            "paperId": "302e3d6c30a5c34a467f90b82723d4bbdab352dc",
            "title": "ChartGPT: Leveraging LLMs to Generate Charts from Abstract Natural Language",
            "url": "https://www.semanticscholar.org/paper/302e3d6c30a5c34a467f90b82723d4bbdab352dc",
            "venue": "IEEE transactions on visualization and computer graphics",
            "year": 2023
        },
        {
            "arxivId": "2310.01469",
            "authors": [
                {
                    "authorId": "2256816230",
                    "name": "Jia-Yu Yao"
                },
                {
                    "authorId": "2253467098",
                    "name": "Kun-Peng Ning"
                },
                {
                    "authorId": "2253826413",
                    "name": "Zhen-Hui Liu"
                },
                {
                    "authorId": "2253434320",
                    "name": "Munan Ning"
                },
                {
                    "authorId": "2265968596",
                    "name": "Li Yuan"
                }
            ],
            "doi": "10.48550/arXiv.2310.01469",
            "intent": [
                "background"
            ],
            "isInfluential": false,
            "paperId": "dd4d82299b4209db539d639f836fcee663cf72b3",
            "title": "LLM Lies: Hallucinations are not Bugs, but Features as Adversarial Examples",
            "url": "https://www.semanticscholar.org/paper/dd4d82299b4209db539d639f836fcee663cf72b3",
            "venue": "ArXiv",
            "year": 2023
        },
        {
            "arxivId": "2308.04076",
            "authors": [
                {
                    "authorId": "2831999",
                    "name": "N. Sultanum"
                },
                {
                    "authorId": "32098447",
                    "name": "Arjun Srinivasan"
                }
            ],
            "doi": "10.1109/VIS54172.2023.00055",
            "intent": [],
            "isInfluential": false,
            "paperId": "27ad682ddb4ed42cc6d1af45b42a9629f1285e8d",
            "title": "DATATALES: Investigating the use of Large Language Models for Authoring Data-Driven Articles",
            "url": "https://www.semanticscholar.org/paper/27ad682ddb4ed42cc6d1af45b42a9629f1285e8d",
            "venue": "2023 IEEE Visualization and Visual Analytics (VIS)",
            "year": 2023
        },
        {
            "arxivId": null,
            "authors": [
                {
                    "authorId": "2152673440",
                    "name": "J. Kim"
                },
                {
                    "authorId": "2065640672",
                    "name": "M. Chua"
                },
                {
                    "authorId": "49663958",
                    "name": "M. Rickard"
                },
                {
                    "authorId": "2137345536",
                    "name": "A. Lorenzo"
                }
            ],
            "doi": "10.1016/j.jpurol.2023.05.018",
            "intent": [],
            "isInfluential": false,
            "paperId": "c8355e22cadd2988ad517b77656fd1212ee9bbb5",
            "title": "ChatGPT and large language model (LLM) chatbots: The current state of acceptability and a proposal for guidelines on utilization in academic medicine.",
            "url": "https://www.semanticscholar.org/paper/c8355e22cadd2988ad517b77656fd1212ee9bbb5",
            "venue": "Journal of pediatric urology",
            "year": 2023
        },
        {
            "arxivId": "2303.18223",
            "authors": [
                {
                    "authorId": "2542603",
                    "name": "Wayne Xin Zhao"
                },
                {
                    "authorId": "1423651904",
                    "name": "Kun Zhou"
                },
                {
                    "authorId": "2018027",
                    "name": "Junyi Li"
                },
                {
                    "authorId": "1997234792",
                    "name": "Tianyi Tang"
                },
                {
                    "authorId": "72541556",
                    "name": "Xiaolei Wang"
                },
                {
                    "authorId": "151472453",
                    "name": "Yupeng Hou"
                },
                {
                    "authorId": "2007666579",
                    "name": "Yingqian Min"
                },
                {
                    "authorId": "2107926615",
                    "name": "Beichen Zhang"
                },
                {
                    "authorId": "2155570461",
                    "name": "Junjie Zhang"
                },
                {
                    "authorId": "2198280871",
                    "name": "Zican Dong"
                },
                {
                    "authorId": "2111895473",
                    "name": "Yifan Du"
                },
                {
                    "authorId": "2181967397",
                    "name": "Chen Yang"
                },
                {
                    "authorId": "2109315001",
                    "name": "Yushuo Chen"
                },
                {
                    "authorId": "46842323",
                    "name": "Z. Chen"
                },
                {
                    "authorId": "2118240359",
                    "name": "Jinhao Jiang"
                },
                {
                    "authorId": "1708171825",
                    "name": "Ruiyang Ren"
                },
                {
                    "authorId": "2209136299",
                    "name": "Yifan Li"
                },
                {
                    "authorId": "2109887979",
                    "name": "Xinyu Tang"
                },
                {
                    "authorId": "2119618242",
                    "name": "Zikang Liu"
                },
                {
                    "authorId": "2108129670",
                    "name": "Peiyu Liu"
                },
                {
                    "authorId": "50204644",
                    "name": "J. Nie"
                },
                {
                    "authorId": "153693432",
                    "name": "Ji-rong Wen"
                }
            ],
            "doi": "10.48550/arXiv.2303.18223",
            "intent": [
                "methodology"
            ],
            "isInfluential": false,
            "paperId": "0b3904d0e229796aff0bda43bb386513353bc992",
            "title": "A Survey of Large Language Models",
            "url": "https://www.semanticscholar.org/paper/0b3904d0e229796aff0bda43bb386513353bc992",
            "venue": "ArXiv",
            "year": 2023
        },
        {
            "arxivId": "2302.06754",
            "authors": [
                {
                    "authorId": "144358729",
                    "name": "Srishti Palani"
                },
                {
                    "authorId": "23175870",
                    "name": "Aakanksha Naik"
                },
                {
                    "authorId": "145612610",
                    "name": "Doug Downey"
                },
                {
                    "authorId": "144518215",
                    "name": "Amy X. Zhang"
                },
                {
                    "authorId": "2699105",
                    "name": "Jonathan Bragg"
                },
                {
                    "authorId": "48808806",
                    "name": "Joseph Chee Chang"
                }
            ],
            "doi": "10.1145/3544548.3580841",
            "intent": [],
            "isInfluential": false,
            "paperId": "c388626d1a342339078aaab7acc280efbc4f77fc",
            "title": "Relatedly: Scaffolding Literature Reviews with Existing Related Work Sections",
            "url": "https://www.semanticscholar.org/paper/c388626d1a342339078aaab7acc280efbc4f77fc",
            "venue": "CHI",
            "year": 2023
        },
        {
            "arxivId": "2210.07316",
            "authors": [
                {
                    "authorId": "2037383772",
                    "name": "Niklas Muennighoff"
                },
                {
                    "authorId": "2179884903",
                    "name": "Nouamane Tazi"
                },
                {
                    "authorId": "2145265422",
                    "name": "L. Magne"
                },
                {
                    "authorId": "2959414",
                    "name": "Nils Reimers"
                }
            ],
            "doi": "10.48550/arXiv.2210.07316",
            "intent": [
                "methodology"
            ],
            "isInfluential": false,
            "paperId": "88a74e972898de887ad9587d4c87c3a9f03f1dc5",
            "title": "MTEB: Massive Text Embedding Benchmark",
            "url": "https://www.semanticscholar.org/paper/88a74e972898de887ad9587d4c87c3a9f03f1dc5",
            "venue": "EACL",
            "year": 2022
        },
        {
            "arxivId": "2210.03804",
            "authors": [
                {
                    "authorId": "6639253",
                    "name": "Ken Gu"
                },
                {
                    "authorId": "2648010",
                    "name": "Eunice Jun"
                },
                {
                    "authorId": "1745524",
                    "name": "Tim Althoff"
                }
            ],
            "doi": "10.1145/3544548.3581099",
            "intent": [
                "background"
            ],
            "isInfluential": false,
            "paperId": "ed22abb435b82647bc49b5cc62646ef69bc20796",
            "title": "Understanding and Supporting Debugging Workflows in Multiverse Analysis",
            "url": "https://www.semanticscholar.org/paper/ed22abb435b82647bc49b5cc62646ef69bc20796",
            "venue": "CHI",
            "year": 2022
        },
        {
            "arxivId": "2201.10005",
            "authors": [
                {
                    "authorId": "2072676",
                    "name": "Arvind Neelakantan"
                },
                {
                    "authorId": "2118717067",
                    "name": "Tao Xu"
                },
                {
                    "authorId": "41158993",
                    "name": "Raul Puri"
                },
                {
                    "authorId": "38909097",
                    "name": "Alec Radford"
                },
                {
                    "authorId": "104863800",
                    "name": "Jesse Michael Han"
                },
                {
                    "authorId": "2065005836",
                    "name": "Jerry Tworek"
                },
                {
                    "authorId": "153930486",
                    "name": "Qiming Yuan"
                },
                {
                    "authorId": "145950540",
                    "name": "N. Tezak"
                },
                {
                    "authorId": "2110935237",
                    "name": "Jong Wook Kim"
                },
                {
                    "authorId": "2004021329",
                    "name": "Chris Hallacy"
                },
                {
                    "authorId": "2151087994",
                    "name": "Jo-hannes Heidecke"
                },
                {
                    "authorId": "67311962",
                    "name": "Pranav Shyam"
                },
                {
                    "authorId": "2151088845",
                    "name": "Boris Power"
                },
                {
                    "authorId": "2151088755",
                    "name": "Tyna Eloundou Nekoul"
                },
                {
                    "authorId": "144864359",
                    "name": "Girish Sastry"
                },
                {
                    "authorId": "2064404342",
                    "name": "Gretchen Krueger"
                },
                {
                    "authorId": "3436300",
                    "name": "D. Schnurr"
                },
                {
                    "authorId": "9927844",
                    "name": "F. Such"
                },
                {
                    "authorId": "122263192",
                    "name": "K. Hsu"
                },
                {
                    "authorId": "2151289331",
                    "name": "Madeleine Thompson"
                },
                {
                    "authorId": "2152264064",
                    "name": "Tabarak Khan"
                },
                {
                    "authorId": "102475503",
                    "name": "Toki Sherbakov"
                },
                {
                    "authorId": "2151094350",
                    "name": "Joanne Jang"
                },
                {
                    "authorId": "2930640",
                    "name": "P. Welinder"
                },
                {
                    "authorId": "2065741038",
                    "name": "Lilian Weng"
                }
            ],
            "doi": null,
            "intent": [
                "methodology"
            ],
            "isInfluential": false,
            "paperId": "6d7d4fca9840504f630e9bea6acaa07322a6e889",
            "title": "Text and Code Embeddings by Contrastive Pre-Training",
            "url": "https://www.semanticscholar.org/paper/6d7d4fca9840504f630e9bea6acaa07322a6e889",
            "venue": "ArXiv",
            "year": 2022
        },
        {
            "arxivId": "2110.01691",
            "authors": [
                {
                    "authorId": "35232494",
                    "name": "Tongshuang Sherry Wu"
                },
                {
                    "authorId": "144212868",
                    "name": "Michael Terry"
                },
                {
                    "authorId": "145941081",
                    "name": "Carrie J. Cai"
                }
            ],
            "doi": "10.1145/3491102.3517582",
            "intent": [
                "background"
            ],
            "isInfluential": false,
            "paperId": "d3640eb3b542eaf36fee2261f037a6bf0d8eac9c",
            "title": "AI Chains: Transparent and Controllable Human-AI Interaction by Chaining Large Language Model Prompts",
            "url": "https://www.semanticscholar.org/paper/d3640eb3b542eaf36fee2261f037a6bf0d8eac9c",
            "venue": "CHI",
            "year": 2021
        },
        {
            "arxivId": null,
            "authors": [
                {
                    "authorId": "2065426767",
                    "name": "Michael Merrill"
                },
                {
                    "authorId": "2143853763",
                    "name": "Ashley Ge Zhang"
                },
                {
                    "authorId": "1745524",
                    "name": "Tim Althoff"
                }
            ],
            "doi": "10.1145/3447548.3467455",
            "intent": [
                "background"
            ],
            "isInfluential": false,
            "paperId": "84bb3445b8c0778dbaff807319eb2d87c1cb784a",
            "title": "MULTIVERSE: Mining Collective Data Science Knowledge from Code on the Web to Suggest Alternative Analysis Approaches",
            "url": "https://www.semanticscholar.org/paper/84bb3445b8c0778dbaff807319eb2d87c1cb784a",
            "venue": "KDD",
            "year": 2021
        },
        {
            "arxivId": null,
            "authors": [
                {
                    "authorId": "32526515",
                    "name": "Abhraneel Sarma"
                },
                {
                    "authorId": "144946284",
                    "name": "Alex Kale"
                },
                {
                    "authorId": "2137969941",
                    "name": "Michael Moon"
                },
                {
                    "authorId": "4698642",
                    "name": "N. Taback"
                },
                {
                    "authorId": "2840251",
                    "name": "Fanny Chevalier"
                },
                {
                    "authorId": "3159918",
                    "name": "J. Hullman"
                },
                {
                    "authorId": "1563872227",
                    "name": "M. Kay"
                }
            ],
            "doi": "10.1145/3544548.3580726",
            "intent": [
                "background"
            ],
            "isInfluential": false,
            "paperId": "b49ef712a314399e96bcda2c1187728c46cbb0a3",
            "title": "multiverse: Multiplexing Alternative Data Analyses in R Notebooks",
            "url": "https://www.semanticscholar.org/paper/b49ef712a314399e96bcda2c1187728c46cbb0a3",
            "venue": "CHI",
            "year": 2021
        },
        {
            "arxivId": null,
            "authors": [
                {
                    "authorId": "2831999",
                    "name": "N. Sultanum"
                },
                {
                    "authorId": "51207399",
                    "name": "Christine Murad"
                },
                {
                    "authorId": "1961958",
                    "name": "Daniel J. Wigdor"
                }
            ],
            "doi": "10.1145/3399715.3399830",
            "intent": [],
            "isInfluential": false,
            "paperId": "37783a6522e471d6de2503181e84130f90af3f05",
            "title": "Understanding and Supporting Academic Literature Review Workflows with LitSense",
            "url": "https://www.semanticscholar.org/paper/37783a6522e471d6de2503181e84130f90af3f05",
            "venue": "AVI",
            "year": 2020
        },
        {
            "arxivId": "2009.02094",
            "authors": [
                {
                    "authorId": "1403581049",
                    "name": "Alejandro Benito-Santos"
                },
                {
                    "authorId": "1713356",
                    "name": "Roberto Ther\u00f3n"
                }
            ],
            "doi": "10.1109/VIS47514.2020.00052",
            "intent": [
                "methodology"
            ],
            "isInfluential": false,
            "paperId": "af49567355b706d386b3a826c706c17a1372a7f3",
            "title": "GlassViz: Visualizing Automatically-Extracted Entry Points for Exploring Scientific Corpora in Problem-Driven Visualization Research",
            "url": "https://www.semanticscholar.org/paper/af49567355b706d386b3a826c706c17a1372a7f3",
            "venue": "2020 IEEE Visualization Conference (VIS)",
            "year": 2020
        },
        {
            "arxivId": null,
            "authors": [
                {
                    "authorId": "51147598",
                    "name": "Taerin Yoon"
                },
                {
                    "authorId": "2620914",
                    "name": "Hyunwoo Han"
                },
                {
                    "authorId": "36305793",
                    "name": "Hyoji Ha"
                },
                {
                    "authorId": "2110805720",
                    "name": "Juwon Hong"
                },
                {
                    "authorId": "46542533",
                    "name": "Kyungwon Lee"
                }
            ],
            "doi": "10.1109/PacificVis48177.2020.1010",
            "intent": [
                "methodology"
            ],
            "isInfluential": false,
            "paperId": "e67705369a4aa2cb8b269b23b95c757825fe3447",
            "title": "A Conference Paper Exploring System Based on Citing Motivation and Topic",
            "url": "https://www.semanticscholar.org/paper/e67705369a4aa2cb8b269b23b95c757825fe3447",
            "venue": "2020 IEEE Pacific Visualization Symposium (PacificVis)",
            "year": 2020
        },
        {
            "arxivId": "2005.11401",
            "authors": [
                {
                    "authorId": "145222654",
                    "name": "Patrick Lewis"
                },
                {
                    "authorId": "3439053",
                    "name": "Ethan Perez"
                },
                {
                    "authorId": "1716179427",
                    "name": "Aleksandara Piktus"
                },
                {
                    "authorId": "40052301",
                    "name": "F. Petroni"
                },
                {
                    "authorId": "2067091563",
                    "name": "Vladimir Karpukhin"
                },
                {
                    "authorId": "39589154",
                    "name": "Naman Goyal"
                },
                {
                    "authorId": "103131985",
                    "name": "Heinrich Kuttler"
                },
                {
                    "authorId": "35084211",
                    "name": "M. Lewis"
                },
                {
                    "authorId": "144105277",
                    "name": "Wen-tau Yih"
                },
                {
                    "authorId": "2620211",
                    "name": "Tim Rockt\u00e4schel"
                },
                {
                    "authorId": "48662861",
                    "name": "Sebastian Riedel"
                },
                {
                    "authorId": "1743722",
                    "name": "Douwe Kiela"
                }
            ],
            "doi": null,
            "intent": [
                "methodology"
            ],
            "isInfluential": false,
            "paperId": "58ed1fbaabe027345f7bb3a6312d41c5aac63e22",
            "title": "Retrieval-Augmented Generation for Knowledge-Intensive NLP Tasks",
            "url": "https://www.semanticscholar.org/paper/58ed1fbaabe027345f7bb3a6312d41c5aac63e22",
            "venue": "NeurIPS",
            "year": 2020
        },
        {
            "arxivId": "2004.07180",
            "authors": [
                {
                    "authorId": "2527954",
                    "name": "Arman Cohan"
                },
                {
                    "authorId": "46411828",
                    "name": "Sergey Feldman"
                },
                {
                    "authorId": "46181066",
                    "name": "Iz Beltagy"
                },
                {
                    "authorId": "145612610",
                    "name": "Doug Downey"
                },
                {
                    "authorId": "1780531",
                    "name": "Daniel S. Weld"
                }
            ],
            "doi": "10.18653/v1/2020.acl-main.207",
            "intent": [
                "methodology"
            ],
            "isInfluential": false,
            "paperId": "a3e4ceb42cbcd2c807d53aff90a8cb1f5ee3f031",
            "title": "SPECTER: Document-level Representation Learning using Citation-informed Transformers",
            "url": "https://www.semanticscholar.org/paper/a3e4ceb42cbcd2c807d53aff90a8cb1f5ee3f031",
            "venue": "ACL",
            "year": 2020
        },
        {
            "arxivId": null,
            "authors": [
                {
                    "authorId": "46665393",
                    "name": "H. Snyder"
                }
            ],
            "doi": "10.1016/J.JBUSRES.2019.07.039",
            "intent": [
                "background"
            ],
            "isInfluential": false,
            "paperId": "b3093a944ecf3be4040fc136a807d099d245614b",
            "title": "Literature review as a research methodology: An overview and guidelines",
            "url": "https://www.semanticscholar.org/paper/b3093a944ecf3be4040fc136a807d099d245614b",
            "venue": "Journal of Business Research",
            "year": 2019
        },
        {
            "arxivId": null,
            "authors": [
                {
                    "authorId": "2153675634",
                    "name": "Yang Wang"
                },
                {
                    "authorId": "153141620",
                    "name": "Minzhu Yu"
                },
                {
                    "authorId": "39447494",
                    "name": "Guihua Shan"
                },
                {
                    "authorId": "39073212",
                    "name": "Han-Wei Shen"
                },
                {
                    "authorId": "46950930",
                    "name": "Zhonghua Lu"
                }
            ],
            "doi": "10.1007/s12650-019-00585-2",
            "intent": [
                "methodology",
                "background"
            ],
            "isInfluential": true,
            "paperId": "ddc1346e4edd44e0a6ee8d2dae6aaaa57fd0c1d0",
            "title": "VISPubComPAS: a comparative analytical system for visualization publication data",
            "url": "https://www.semanticscholar.org/paper/ddc1346e4edd44e0a6ee8d2dae6aaaa57fd0c1d0",
            "venue": "Journal of Visualization",
            "year": 2019
        },
        {
            "arxivId": null,
            "authors": [
                {
                    "authorId": "151482756",
                    "name": "Shaopeng Wu"
                },
                {
                    "authorId": "2487762",
                    "name": "Youbing Zhao"
                },
                {
                    "authorId": "2607493",
                    "name": "Farzad Parvinzamir"
                },
                {
                    "authorId": "3077221",
                    "name": "Nikolaos Ersotelos"
                },
                {
                    "authorId": "2115437914",
                    "name": "Hui Wei"
                },
                {
                    "authorId": "2065125751",
                    "name": "Feng Dong"
                }
            ],
            "doi": "10.1007/s00371-019-01721-7",
            "intent": [
                "background"
            ],
            "isInfluential": false,
            "paperId": "242c7c4844cca031f09b0b7c8f8d00824f91b83a",
            "title": "Literature Explorer: effective retrieval of scientific documents through nonparametric thematic topic detection",
            "url": "https://www.semanticscholar.org/paper/242c7c4844cca031f09b0b7c8f8d00824f91b83a",
            "venue": "The Visual Computer",
            "year": 2019
        },
        {
            "arxivId": null,
            "authors": [
                {
                    "authorId": "50257045",
                    "name": "E. Becht"
                },
                {
                    "authorId": "31785573",
                    "name": "Leland McInnes"
                },
                {
                    "authorId": "2062756303",
                    "name": "John Healy"
                },
                {
                    "authorId": "144157514",
                    "name": "C. Dutertre"
                },
                {
                    "authorId": "28009209",
                    "name": "Immanuel Kwok"
                },
                {
                    "authorId": "4387810",
                    "name": "L. Ng"
                },
                {
                    "authorId": "4080127",
                    "name": "F. Ginhoux"
                },
                {
                    "authorId": "52148957",
                    "name": "E. Newell"
                }
            ],
            "doi": "10.1038/nbt.4314",
            "intent": [
                "methodology"
            ],
            "isInfluential": false,
            "paperId": "2628ffeb9520bf93bbfd5cbd4df7cc5e0209ed0e",
            "title": "Dimensionality reduction for visualizing single-cell data using UMAP",
            "url": "https://www.semanticscholar.org/paper/2628ffeb9520bf93bbfd5cbd4df7cc5e0209ed0e",
            "venue": "Nature Biotechnology",
            "year": 2018
        },
        {
            "arxivId": null,
            "authors": [
                {
                    "authorId": "1895618",
                    "name": "A. Dattolo"
                },
                {
                    "authorId": "21104474",
                    "name": "M. Corbatto"
                }
            ],
            "doi": "10.1109/iV.2018.00033",
            "intent": [
                "background"
            ],
            "isInfluential": false,
            "paperId": "949e9ae393da3262e01e69f2a3427bc38cded71a",
            "title": "VisualBib: Narrative Views for Customized Bibliographies",
            "url": "https://www.semanticscholar.org/paper/949e9ae393da3262e01e69f2a3427bc38cded71a",
            "venue": "2018 22nd International Conference Information Visualisation (IV)",
            "year": 2018
        },
        {
            "arxivId": "1702.08734",
            "authors": [
                {
                    "authorId": "2115354049",
                    "name": "Jeff Johnson"
                },
                {
                    "authorId": "3271933",
                    "name": "Matthijs Douze"
                },
                {
                    "authorId": "1681054",
                    "name": "H. J\u00e9gou"
                }
            ],
            "doi": "10.1109/tbdata.2019.2921572",
            "intent": [
                "methodology"
            ],
            "isInfluential": false,
            "paperId": "2cbb8de53759e75411bc528518947a3094fbce3a",
            "title": "Billion-Scale Similarity Search with GPUs",
            "url": "https://www.semanticscholar.org/paper/2cbb8de53759e75411bc528518947a3094fbce3a",
            "venue": "IEEE Transactions on Big Data",
            "year": 2017
        },
        {
            "arxivId": null,
            "authors": [
                {
                    "authorId": "2018838",
                    "name": "Florian Heimerl"
                },
                {
                    "authorId": "2067609880",
                    "name": "Qi Han"
                },
                {
                    "authorId": "34520778",
                    "name": "Steffen Koch"
                },
                {
                    "authorId": "2255769385",
                    "name": "Thomas Ertl"
                }
            ],
            "doi": "10.1109/TVCG.2015.2467621",
            "intent": [
                "methodology",
                "background"
            ],
            "isInfluential": false,
            "paperId": "62bea5feeadf6e6ba98e43c77e9d342ca5dd0f57",
            "title": "CiteRivers: Visual Analytics of Citation Patterns",
            "url": "https://www.semanticscholar.org/paper/62bea5feeadf6e6ba98e43c77e9d342ca5dd0f57",
            "venue": "IEEE Transactions on Visualization and Computer Graphics",
            "year": 2016
        },
        {
            "arxivId": "1508.00200",
            "authors": [
                {
                    "authorId": "145357803",
                    "name": "Jian Tang"
                },
                {
                    "authorId": "145252498",
                    "name": "Meng Qu"
                },
                {
                    "authorId": "1743469",
                    "name": "Qiaozhu Mei"
                }
            ],
            "doi": "10.1145/2783258.2783307",
            "intent": [
                "background"
            ],
            "isInfluential": false,
            "paperId": "97e3bb4af723f43927317e9b9f2d794a9e398e8e",
            "title": "PTE: Predictive Text Embedding through Large-scale Heterogeneous Text Networks",
            "url": "https://www.semanticscholar.org/paper/97e3bb4af723f43927317e9b9f2d794a9e398e8e",
            "venue": "KDD",
            "year": 2015
        },
        {
            "arxivId": null,
            "authors": [
                {
                    "authorId": "2223741709",
                    "name": "Y. Linlin Huang"
                },
                {
                    "authorId": "3181624",
                    "name": "Kate Starbird"
                },
                {
                    "authorId": "2751519",
                    "name": "M. Orand"
                },
                {
                    "authorId": "2207331",
                    "name": "Stephanie A. Stanek"
                },
                {
                    "authorId": "2223724864",
                    "name": "Heather T. Pedersen"
                }
            ],
            "doi": "10.1145/2675133.2675202",
            "intent": [
                "methodology"
            ],
            "isInfluential": false,
            "paperId": "e9f404b1ebf54bdc3f0ef0617b0190729b3a74c8",
            "title": "Connected Through Crisis: Emotional Proximity and the Spread of Misinformation Online",
            "url": "https://www.semanticscholar.org/paper/e9f404b1ebf54bdc3f0ef0617b0190729b3a74c8",
            "venue": "CSCW",
            "year": 2015
        },
        {
            "arxivId": null,
            "authors": [
                {
                    "authorId": "39324835",
                    "name": "Sungahn Ko"
                },
                {
                    "authorId": "2194062",
                    "name": "S. Afzal"
                },
                {
                    "authorId": "2251520",
                    "name": "S. Walton"
                },
                {
                    "authorId": "2152916910",
                    "name": "Yang Yang"
                },
                {
                    "authorId": "2678057",
                    "name": "Junghoon Chae"
                },
                {
                    "authorId": "2599852",
                    "name": "A. Malik"
                },
                {
                    "authorId": "144844038",
                    "name": "Yun Jang"
                },
                {
                    "authorId": "12134086",
                    "name": "Min Chen"
                },
                {
                    "authorId": "33449182",
                    "name": "D. Ebert"
                }
            ],
            "doi": "10.1109/VAST.2014.7042484",
            "intent": [
                "background"
            ],
            "isInfluential": false,
            "paperId": "22973d861bb4497fcef0c1c316e534c91386c1a3",
            "title": "Analyzing high-dimensional multivar\u00edate network links with integrated anomaly detection, highlighting and exploration",
            "url": "https://www.semanticscholar.org/paper/22973d861bb4497fcef0c1c316e534c91386c1a3",
            "venue": "2014 IEEE Conference on Visual Analytics Science and Technology (VAST)",
            "year": 2014
        },
        {
            "arxivId": null,
            "authors": [
                {
                    "authorId": "143845796",
                    "name": "Jeffrey Pennington"
                },
                {
                    "authorId": "2166511",
                    "name": "R. Socher"
                },
                {
                    "authorId": "144783904",
                    "name": "Christopher D. Manning"
                }
            ],
            "doi": "10.3115/v1/D14-1162",
            "intent": [
                "methodology"
            ],
            "isInfluential": false,
            "paperId": "f37e1b62a767a307c046404ca96bc140b3e68cb5",
            "title": "GloVe: Global Vectors for Word Representation",
            "url": "https://www.semanticscholar.org/paper/f37e1b62a767a307c046404ca96bc140b3e68cb5",
            "venue": "EMNLP",
            "year": 2014
        },
        {
            "arxivId": null,
            "authors": [
                {
                    "authorId": "8891731",
                    "name": "E. Alexander"
                },
                {
                    "authorId": "2484698",
                    "name": "Joe Kohlmann"
                },
                {
                    "authorId": "2777550",
                    "name": "Robert J. Valenza"
                },
                {
                    "authorId": "2798644",
                    "name": "Michael Witmore"
                },
                {
                    "authorId": "1776507",
                    "name": "Michael Gleicher"
                }
            ],
            "doi": "10.1109/VAST.2014.7042493",
            "intent": [
                "methodology",
                "background"
            ],
            "isInfluential": false,
            "paperId": "370d85b5994037adc8609f1b0eac267f4f624794",
            "title": "Serendip: Topic model-driven visual exploration of text corpora",
            "url": "https://www.semanticscholar.org/paper/370d85b5994037adc8609f1b0eac267f4f624794",
            "venue": "2014 IEEE Conference on Visual Analytics Science and Technology (VAST)",
            "year": 2014
        },
        {
            "arxivId": "1408.3297",
            "authors": [
                {
                    "authorId": "1767660",
                    "name": "Petra Isenberg"
                },
                {
                    "authorId": "145322699",
                    "name": "Tobias Isenberg"
                },
                {
                    "authorId": "3020591",
                    "name": "M. Sedlmair"
                },
                {
                    "authorId": null,
                    "name": "Jian Chen"
                },
                {
                    "authorId": "2282477008",
                    "name": "Torsten M\u00f6ller"
                }
            ],
            "doi": "10.1109/TVCG.2016.2598827",
            "intent": [
                "methodology",
                "background"
            ],
            "isInfluential": false,
            "paperId": "7c82f42b67532a860f03354d7d1d60cc7a109ef6",
            "title": "Visualization as Seen through its Research Paper Keywords",
            "url": "https://www.semanticscholar.org/paper/7c82f42b67532a860f03354d7d1d60cc7a109ef6",
            "venue": "IEEE Transactions on Visualization and Computer Graphics",
            "year": 2014
        },
        {
            "arxivId": null,
            "authors": [
                {
                    "authorId": "2069597622",
                    "name": "Benjamin Schindler"
                },
                {
                    "authorId": "91163731",
                    "name": "J. Waser"
                },
                {
                    "authorId": "2239473",
                    "name": "Hrvoje Ribicic"
                },
                {
                    "authorId": "33897044",
                    "name": "Raphael Fuchs"
                },
                {
                    "authorId": "2044073",
                    "name": "R. Peikert"
                }
            ],
            "doi": "10.1109/TVCG.2012.296",
            "intent": [
                "background"
            ],
            "isInfluential": false,
            "paperId": "2006dfef1bba6436b210ca93431eae1e635e246b",
            "title": "Multiverse Data-Flow Control",
            "url": "https://www.semanticscholar.org/paper/2006dfef1bba6436b210ca93431eae1e635e246b",
            "venue": "IEEE Transactions on Visualization and Computer Graphics",
            "year": 2013
        },
        {
            "arxivId": null,
            "authors": [
                {
                    "authorId": "1405642252",
                    "name": "Khalid El-Arini"
                },
                {
                    "authorId": "1730156",
                    "name": "Carlos Guestrin"
                }
            ],
            "doi": "10.1145/2020408.2020479",
            "intent": [
                "background"
            ],
            "isInfluential": false,
            "paperId": "3a5ef6f4439f4610793a3ec873773f0f0cc029c5",
            "title": "Beyond keyword search: discovering relevant scientific literature",
            "url": "https://www.semanticscholar.org/paper/3a5ef6f4439f4610793a3ec873773f0f0cc029c5",
            "venue": "KDD",
            "year": 2011
        },
        {
            "arxivId": null,
            "authors": [
                {
                    "authorId": "40119465",
                    "name": "Jia-Kai Chou"
                },
                {
                    "authorId": "2241272",
                    "name": "Chuan-Kai Yang"
                }
            ],
            "doi": "10.1111/j.1467-8659.2011.01921.x",
            "intent": [
                "methodology",
                "background"
            ],
            "isInfluential": false,
            "paperId": "31e2f7c599cd5cd621f13932186db352be4d8eea",
            "title": "PaperVis: Literature Review Made Easy",
            "url": "https://www.semanticscholar.org/paper/31e2f7c599cd5cd621f13932186db352be4d8eea",
            "venue": "Comput. Graph. Forum",
            "year": 2011
        },
        {
            "arxivId": null,
            "authors": [
                {
                    "authorId": "6598972",
                    "name": "M. Birks"
                },
                {
                    "authorId": "144386151",
                    "name": "J. Mills"
                }
            ],
            "doi": "10.53841/bpsqmip.2024.1.37.59",
            "intent": [
                "background"
            ],
            "isInfluential": false,
            "paperId": "8cebfa5ac041616d4634df6c58978140ffe52160",
            "title": "Grounded Theory: A Practical Guide",
            "url": "https://www.semanticscholar.org/paper/8cebfa5ac041616d4634df6c58978140ffe52160",
            "venue": "QMiP Bulletin",
            "year": 2011
        },
        {
            "arxivId": null,
            "authors": [
                {
                    "authorId": "5142080",
                    "name": "R. Baumeister"
                },
                {
                    "authorId": "35163278",
                    "name": "M. Leary"
                }
            ],
            "doi": "10.1037/1089-2680.1.3.311",
            "intent": [
                "background"
            ],
            "isInfluential": false,
            "paperId": "8818a336726a5a8cca2b30de06139639c501d9ed",
            "title": "Writing Narrative Literature Reviews",
            "url": "https://www.semanticscholar.org/paper/8818a336726a5a8cca2b30de06139639c501d9ed",
            "venue": "Review of General Psychology",
            "year": 1997
        },
        {
            "arxivId": null,
            "authors": [
                {
                    "authorId": "2767736",
                    "name": "Steven T. Hackstadt"
                },
                {
                    "authorId": "1687994",
                    "name": "A. Malony"
                }
            ],
            "doi": "10.1109/38.391482",
            "intent": [
                "background"
            ],
            "isInfluential": false,
            "paperId": "4ecb7cd9a97c8d373ada344e2b684f37beda2c60",
            "title": "Visualizing parallel programs and performance",
            "url": "https://www.semanticscholar.org/paper/4ecb7cd9a97c8d373ada344e2b684f37beda2c60",
            "venue": "IEEE Computer Graphics and Applications",
            "year": 1995
        },
        {
            "arxivId": null,
            "authors": [
                {
                    "authorId": "2286709978",
                    "name": "Steven M. Holland"
                }
            ],
            "doi": "10.1515/iupac.69.0110",
            "intent": [
                "methodology"
            ],
            "isInfluential": false,
            "paperId": "47616bc4337e988fc92e81d5f294b56167edfffd",
            "title": "Principal Components Analysis (PCA)",
            "url": "https://www.semanticscholar.org/paper/47616bc4337e988fc92e81d5f294b56167edfffd",
            "venue": "",
            "year": 2008
        },
        {
            "arxivId": null,
            "authors": [
                {
                    "authorId": "1803520",
                    "name": "L. Maaten"
                },
                {
                    "authorId": "1695689",
                    "name": "Geoffrey E. Hinton"
                }
            ],
            "doi": null,
            "intent": [
                "methodology"
            ],
            "isInfluential": false,
            "paperId": "1c46943103bd7b7a2c7be86859995a4144d1938b",
            "title": "Visualizing Data using t-SNE",
            "url": "https://www.semanticscholar.org/paper/1c46943103bd7b7a2c7be86859995a4144d1938b",
            "venue": "",
            "year": 2008
        }
    ],
    "s2FieldsOfStudy": [
        {
            "category": "Computer Science",
            "source": "external"
        },
        {
            "category": "Computer Science",
            "source": "s2-fos-model"
        }
    ],
    "title": "vitaLITy 2: Reviewing Academic Literature Using Large Language Models",
    "topics": [],
    "url": "https://www.semanticscholar.org/paper/c056e6e6bd6d3a407aa13ad309c048243ead6180",
    "venue": "arXiv.org",
    "year": 2024
}