{
    "abstract": "In today's rapidly evolving landscape of Artificial Intelligence, large language models (LLMs) have emerged as a vibrant research topic. LLMs find applications in various fields and contribute significantly. Despite their powerful language capabilities, similar to pre-trained language models (PLMs), LLMs still face challenges in remembering events, incorporating new information, and addressing domain-specific issues or hallucinations. To overcome these limitations, researchers have proposed Retrieval-Augmented Generation (RAG) techniques, some others have proposed the integration of LLMs with Knowledge Graphs (KGs) to provide factual context, thereby improving performance and delivering more accurate feedback to user queries. Education plays a crucial role in human development and progress. With the technology transformation, traditional education is being replaced by digital or blended education. Therefore, educational data in the digital environment is increasing day by day. Data in higher education institutions are diverse, comprising various sources such as unstructured/structured text, relational databases, web/app-based API access, etc. Constructing a Knowledge Graph from these cross-data sources is not a simple task. This article proposes a method for automatically constructing a Knowledge Graph from multiple data sources and discusses some initial applications (experimental trials) of KG in conjunction with LLMs for question-answering tasks.",
    "arxivId": "2404.09296",
    "authors": [
        {
            "authorId": "2305832269",
            "name": "Tuan Bui",
            "url": "https://www.semanticscholar.org/author/2305832269"
        },
        {
            "authorId": "2296720317",
            "name": "Oanh Tran",
            "url": "https://www.semanticscholar.org/author/2296720317"
        },
        {
            "authorId": "2296785804",
            "name": "Phuong Nguyen",
            "url": "https://www.semanticscholar.org/author/2296785804"
        },
        {
            "authorId": "2296718318",
            "name": "Bao Ho",
            "url": "https://www.semanticscholar.org/author/2296718318"
        },
        {
            "authorId": "2296770724",
            "name": "Long Nguyen",
            "url": "https://www.semanticscholar.org/author/2296770724"
        },
        {
            "authorId": "2305832263",
            "name": "Thang Bui",
            "url": "https://www.semanticscholar.org/author/2305832263"
        },
        {
            "authorId": "2296717570",
            "name": "Tho Quan",
            "url": "https://www.semanticscholar.org/author/2296717570"
        }
    ],
    "citationVelocity": 0,
    "citations": [
        {
            "arxivId": "2411.18191",
            "authors": [
                {
                    "authorId": "2311303196",
                    "name": "Xinyao Zheng"
                },
                {
                    "authorId": "2148310338",
                    "name": "Husheng Han"
                },
                {
                    "authorId": "2330236574",
                    "name": "Shangyi Shi"
                },
                {
                    "authorId": "2332537093",
                    "name": "Qiyan Fang"
                },
                {
                    "authorId": "1678776",
                    "name": "Zidong Du"
                },
                {
                    "authorId": "2330375684",
                    "name": "Xing Hu"
                },
                {
                    "authorId": "2266139212",
                    "name": "Qi Guo"
                }
            ],
            "doi": null,
            "intent": [],
            "isInfluential": false,
            "paperId": "5201913bb3b941e0d42606969da5c1f927aeb48b",
            "title": "InputSnatch: Stealing Input in LLM Services via Timing Side-Channel Attacks",
            "url": "https://www.semanticscholar.org/paper/5201913bb3b941e0d42606969da5c1f927aeb48b",
            "venue": "",
            "year": 2024
        },
        {
            "arxivId": null,
            "authors": [
                {
                    "authorId": "2335575560",
                    "name": "Yuming Zou"
                }
            ],
            "doi": "10.62051/ijcsit.v4n3.03",
            "intent": [],
            "isInfluential": false,
            "paperId": "74ddaceae7bce4f58bed5290d7061b063f3cc7d8",
            "title": "Artificial Intelligence Master of History",
            "url": "https://www.semanticscholar.org/paper/74ddaceae7bce4f58bed5290d7061b063f3cc7d8",
            "venue": "International Journal of Computer Science and Information Technology",
            "year": 2024
        },
        {
            "arxivId": "2408.12173",
            "authors": [
                {
                    "authorId": "2919642",
                    "name": "Maciej Besta"
                },
                {
                    "authorId": "3308719",
                    "name": "Robert Gerstenberger"
                },
                {
                    "authorId": "2180167644",
                    "name": "Patrick Iff"
                },
                {
                    "authorId": "2122557319",
                    "name": "Pournima Sonawane"
                },
                {
                    "authorId": "2184725407",
                    "name": "Juan G\u00f3mez-Luna"
                },
                {
                    "authorId": "1388010758",
                    "name": "Raghavendra Kanakagiri"
                },
                {
                    "authorId": "2316636092",
                    "name": "Rui Min"
                },
                {
                    "authorId": "2239200492",
                    "name": "Onur Mutlu"
                },
                {
                    "authorId": "2174028998",
                    "name": "Torsten Hoefler"
                },
                {
                    "authorId": "2316634998",
                    "name": "Raja Appuswamy"
                },
                {
                    "authorId": "2295512102",
                    "name": "Aidan O'Mahony"
                }
            ],
            "doi": "10.48550/arXiv.2408.12173",
            "intent": [],
            "isInfluential": false,
            "paperId": "bce9d23bc8b4ed82eb22d6dd3bc208eda08665ee",
            "title": "Hardware Acceleration for Knowledge Graph Processing: Challenges & Recent Developments",
            "url": "https://www.semanticscholar.org/paper/bce9d23bc8b4ed82eb22d6dd3bc208eda08665ee",
            "venue": "ArXiv",
            "year": 2024
        },
        {
            "arxivId": "2408.07222",
            "authors": [
                {
                    "authorId": "2179120534",
                    "name": "Rohan Shawn Sunil"
                },
                {
                    "authorId": "1785175949",
                    "name": "S. Lim"
                },
                {
                    "authorId": "1397279517",
                    "name": "Manoj Itharajula"
                },
                {
                    "authorId": "2278220239",
                    "name": "Marek Mutwil"
                }
            ],
            "doi": "10.1016/j.pbi.2024.102665",
            "intent": [],
            "isInfluential": false,
            "paperId": "1a8c13a5d4ca7c772f9b270ddbfdeb22647ab8df",
            "title": "The gene function prediction challenge: Large language models and knowledge graphs to the rescue.",
            "url": "https://www.semanticscholar.org/paper/1a8c13a5d4ca7c772f9b270ddbfdeb22647ab8df",
            "venue": "Current opinion in plant biology",
            "year": 2024
        },
        {
            "arxivId": "2407.15012",
            "authors": [
                {
                    "authorId": "2257168636",
                    "name": "Masoud Bashiri"
                },
                {
                    "authorId": "2060243",
                    "name": "Kamran Kowsari"
                }
            ],
            "doi": "10.48550/arXiv.2407.15012",
            "intent": [
                "background",
                "methodology"
            ],
            "isInfluential": false,
            "paperId": "0fb09c25080c053a0053adc62f9fb6fe3888697d",
            "title": "Transformative Influence of LLM and AI Tools in Student Social Media Engagement: Analyzing Personalization, Communication Efficiency, and Collaborative Learning",
            "url": "https://www.semanticscholar.org/paper/0fb09c25080c053a0053adc62f9fb6fe3888697d",
            "venue": "ArXiv",
            "year": 2024
        },
        {
            "arxivId": "2406.05085",
            "authors": [
                {
                    "authorId": "2919642",
                    "name": "Maciej Besta"
                },
                {
                    "authorId": "100980110",
                    "name": "Ale\u0161 Kub\u00ed\u010dek"
                },
                {
                    "authorId": "2305484323",
                    "name": "Roman Niggli"
                },
                {
                    "authorId": "3308719",
                    "name": "Robert Gerstenberger"
                },
                {
                    "authorId": "2305484706",
                    "name": "Lucas Weitzendorf"
                },
                {
                    "authorId": "2305486931",
                    "name": "Mingyuan Chi"
                },
                {
                    "authorId": "2180167644",
                    "name": "Patrick Iff"
                },
                {
                    "authorId": "2232599373",
                    "name": "Joanna Gajda"
                },
                {
                    "authorId": "2268757436",
                    "name": "Piotr Nyczyk"
                },
                {
                    "authorId": "2257345219",
                    "name": "J\u00fcrgen M\u00fcller"
                },
                {
                    "authorId": "50544096",
                    "name": "H. Niewiadomski"
                },
                {
                    "authorId": "2238206038",
                    "name": "Marcin Chrapek"
                },
                {
                    "authorId": "18356904",
                    "name": "Michal Podstawski"
                },
                {
                    "authorId": "2238205863",
                    "name": "Torsten Hoefler"
                }
            ],
            "doi": "10.48550/arXiv.2406.05085",
            "intent": [
                "background"
            ],
            "isInfluential": false,
            "paperId": "1a0480c43ef4e193d427eec261745b0b2e07ec18",
            "title": "Multi-Head RAG: Solving Multi-Aspect Problems with LLMs",
            "url": "https://www.semanticscholar.org/paper/1a0480c43ef4e193d427eec261745b0b2e07ec18",
            "venue": "ArXiv",
            "year": 2024
        },
        {
            "arxivId": "2405.03963",
            "authors": [
                {
                    "authorId": "2971095",
                    "name": "Sohini Roychowdhury"
                },
                {
                    "authorId": "2266467988",
                    "name": "Marko Krema"
                },
                {
                    "authorId": "2300173088",
                    "name": "Anvar Mahammad"
                },
                {
                    "authorId": "2266468695",
                    "name": "Brian Moore"
                },
                {
                    "authorId": "2266469117",
                    "name": "Arijit Mukherjee"
                },
                {
                    "authorId": "2300172713",
                    "name": "Punit Prakashchandra"
                }
            ],
            "doi": "10.48550/arXiv.2405.03963",
            "intent": [],
            "isInfluential": false,
            "paperId": "96611889cf8afd332792dfd3f2d611ebabc28f83",
            "title": "ERATTA: Extreme RAG for Table To Answers with Large Language Models",
            "url": "https://www.semanticscholar.org/paper/96611889cf8afd332792dfd3f2d611ebabc28f83",
            "venue": "ArXiv",
            "year": 2024
        },
        {
            "arxivId": null,
            "authors": [
                {
                    "authorId": "2287839444",
                    "name": "Melany Macias"
                },
                {
                    "authorId": "2287832010",
                    "name": "Lev Kharlashkin"
                },
                {
                    "authorId": "2287844312",
                    "name": "Leo Huovinen"
                },
                {
                    "authorId": "2293275130",
                    "name": "M. H\u00e4m\u00e4l\u00e4inen"
                }
            ],
            "doi": "10.18653/v1/2024.nlp4dh-1.53",
            "intent": [
                "methodology"
            ],
            "isInfluential": false,
            "paperId": "443a7ffbe26e3c6bba8fad036a9c11cd869fd8d3",
            "title": "Empowering Teachers with Usability-Oriented LLM-Based Tools for Digital Pedagogy",
            "url": "https://www.semanticscholar.org/paper/443a7ffbe26e3c6bba8fad036a9c11cd869fd8d3",
            "venue": "NLP4DH",
            "year": 2024
        }
    ],
    "corpusId": 269149448,
    "doi": "10.1145/3643479.3662055",
    "fieldsOfStudy": [
        "Computer Science"
    ],
    "influentialCitationCount": 0,
    "isOpenAccess": true,
    "isPublisherLicensed": true,
    "is_open_access": true,
    "is_publisher_licensed": true,
    "numCitedBy": 8,
    "numCiting": 31,
    "paperId": "6837fb40385740828fac2d46a77da13c5db7d8db",
    "references": [
        {
            "arxivId": "2307.09288",
            "authors": [
                {
                    "authorId": "2113243762",
                    "name": "Hugo Touvron"
                },
                {
                    "authorId": "143792623",
                    "name": "Louis Martin"
                },
                {
                    "authorId": "2059203763",
                    "name": "Kevin R. Stone"
                },
                {
                    "authorId": "2214809450",
                    "name": "Peter Albert"
                },
                {
                    "authorId": "2634674",
                    "name": "Amjad Almahairi"
                },
                {
                    "authorId": "2223764353",
                    "name": "Yasmine Babaei"
                },
                {
                    "authorId": "2223756247",
                    "name": "Nikolay Bashlykov"
                },
                {
                    "authorId": "47505161",
                    "name": "Soumya Batra"
                },
                {
                    "authorId": "51229603",
                    "name": "Prajjwal Bhargava"
                },
                {
                    "authorId": "2116473",
                    "name": "Shruti Bhosale"
                },
                {
                    "authorId": "2023469",
                    "name": "D. Bikel"
                },
                {
                    "authorId": "2040305955",
                    "name": "Lukas Blecher"
                },
                {
                    "authorId": "66286536",
                    "name": "Cristian Cant\u00f3n Ferrer"
                },
                {
                    "authorId": "2108267192",
                    "name": "Moya Chen"
                },
                {
                    "authorId": "7153363",
                    "name": "Guillem Cucurull"
                },
                {
                    "authorId": "71039937",
                    "name": "David Esiobu"
                },
                {
                    "authorId": "2166312768",
                    "name": "Jude Fernandes"
                },
                {
                    "authorId": "2223974989",
                    "name": "Jeremy Fu"
                },
                {
                    "authorId": "2223742000",
                    "name": "Wenyin Fu"
                },
                {
                    "authorId": "2223748737",
                    "name": "Brian Fuller"
                },
                {
                    "authorId": "2107063269",
                    "name": "Cynthia Gao"
                },
                {
                    "authorId": "28554843",
                    "name": "Vedanuj Goswami"
                },
                {
                    "authorId": "39589154",
                    "name": "Naman Goyal"
                },
                {
                    "authorId": "4305645",
                    "name": "A. Hartshorn"
                },
                {
                    "authorId": "2195458",
                    "name": "Saghar Hosseini"
                },
                {
                    "authorId": "2132302721",
                    "name": "Rui Hou"
                },
                {
                    "authorId": "2065277797",
                    "name": "Hakan Inan"
                },
                {
                    "authorId": "2059886128",
                    "name": "Marcin Kardas"
                },
                {
                    "authorId": "2190957318",
                    "name": "Viktor Kerkez"
                },
                {
                    "authorId": "2072010",
                    "name": "Madian Khabsa"
                },
                {
                    "authorId": "2207049",
                    "name": "Isabel M. Kloumann"
                },
                {
                    "authorId": "2135297476",
                    "name": "A. Korenev"
                },
                {
                    "authorId": "2146367061",
                    "name": "Punit Singh Koura"
                },
                {
                    "authorId": "114952298",
                    "name": "Marie-Anne Lachaux"
                },
                {
                    "authorId": "46183616",
                    "name": "Thibaut Lavril"
                },
                {
                    "authorId": "2223749565",
                    "name": "Jenya Lee"
                },
                {
                    "authorId": "2145259939",
                    "name": "Diana Liskovich"
                },
                {
                    "authorId": "1768032",
                    "name": "Yinghai Lu"
                },
                {
                    "authorId": "3375249",
                    "name": "Yuning Mao"
                },
                {
                    "authorId": "1490887583",
                    "name": "Xavier Martinet"
                },
                {
                    "authorId": "39980906",
                    "name": "Todor Mihaylov"
                },
                {
                    "authorId": "3047561",
                    "name": "Pushkar Mishra"
                },
                {
                    "authorId": "2322981055",
                    "name": "Igor Molybog"
                },
                {
                    "authorId": "40383658",
                    "name": "Yixin Nie"
                },
                {
                    "authorId": "38579672",
                    "name": "Andrew Poulton"
                },
                {
                    "authorId": "39906022",
                    "name": "Jeremy Reizenstein"
                },
                {
                    "authorId": "150282885",
                    "name": "Rashi Rungta"
                },
                {
                    "authorId": "1859294",
                    "name": "Kalyan Saladi"
                },
                {
                    "authorId": "14279694",
                    "name": "Alan Schelten"
                },
                {
                    "authorId": "2214818043",
                    "name": "Ruan Silva"
                },
                {
                    "authorId": "51324296",
                    "name": "Eric Michael Smith"
                },
                {
                    "authorId": "2066074360",
                    "name": "R. Subramanian"
                },
                {
                    "authorId": "2112782199",
                    "name": "Xia Tan"
                },
                {
                    "authorId": "71292072",
                    "name": "Binh Tang"
                },
                {
                    "authorId": "2110697298",
                    "name": "Ross Taylor"
                },
                {
                    "authorId": "2110032535",
                    "name": "Adina Williams"
                },
                {
                    "authorId": "2223770369",
                    "name": "Jian Xiang Kuan"
                },
                {
                    "authorId": "2214843767",
                    "name": "Puxin Xu"
                },
                {
                    "authorId": "14701107",
                    "name": "Zhengxu Yan"
                },
                {
                    "authorId": "121929334",
                    "name": "Iliyan Zarov"
                },
                {
                    "authorId": "2108473229",
                    "name": "Yuchen Zhang"
                },
                {
                    "authorId": "144270981",
                    "name": "Angela Fan"
                },
                {
                    "authorId": "2165660870",
                    "name": "M. Kambadur"
                },
                {
                    "authorId": "46617804",
                    "name": "Sharan Narang"
                },
                {
                    "authorId": "2166043087",
                    "name": "Aur\u00e9lien Rodriguez"
                },
                {
                    "authorId": "1962768",
                    "name": "Robert Stojnic"
                },
                {
                    "authorId": "2068070",
                    "name": "Sergey Edunov"
                },
                {
                    "authorId": "2073456043",
                    "name": "Thomas Scialom"
                }
            ],
            "doi": null,
            "intent": [],
            "isInfluential": false,
            "paperId": "104b0bb1da562d53cbda87aec79ef6a2827d191a",
            "title": "Llama 2: Open Foundation and Fine-Tuned Chat Models",
            "url": "https://www.semanticscholar.org/paper/104b0bb1da562d53cbda87aec79ef6a2827d191a",
            "venue": "ArXiv",
            "year": 2023
        },
        {
            "arxivId": "2305.18846",
            "authors": [
                {
                    "authorId": "120434407",
                    "name": "Minki Kang"
                },
                {
                    "authorId": "2187198233",
                    "name": "Jin Myung Kwak"
                },
                {
                    "authorId": "90765684",
                    "name": "Jinheon Baek"
                },
                {
                    "authorId": "35788904",
                    "name": "Sung Ju Hwang"
                }
            ],
            "doi": "10.48550/arXiv.2305.18846",
            "intent": [],
            "isInfluential": false,
            "paperId": "f70bf522a90c09ed06c32c9bf36b7ee14b8a9856",
            "title": "Knowledge Graph-Augmented Language Models for Knowledge-Grounded Dialogue Generation",
            "url": "https://www.semanticscholar.org/paper/f70bf522a90c09ed06c32c9bf36b7ee14b8a9856",
            "venue": "ArXiv",
            "year": 2023
        },
        {
            "arxivId": "2305.14045",
            "authors": [
                {
                    "authorId": "2184037220",
                    "name": "Seungone Kim"
                },
                {
                    "authorId": "102540266",
                    "name": "Se June Joo"
                },
                {
                    "authorId": "2180527259",
                    "name": "Doyoung Kim"
                },
                {
                    "authorId": "2000091730",
                    "name": "Joel Jang"
                },
                {
                    "authorId": "2152111477",
                    "name": "Seonghyeon Ye"
                },
                {
                    "authorId": "51228826",
                    "name": "Jamin Shin"
                },
                {
                    "authorId": "4418074",
                    "name": "Minjoon Seo"
                }
            ],
            "doi": "10.48550/arXiv.2305.14045",
            "intent": [],
            "isInfluential": false,
            "paperId": "0744580e75a74357e466a57082c85cb42f548aa9",
            "title": "The CoT Collection: Improving Zero-shot and Few-shot Learning of Language Models via Chain-of-Thought Fine-Tuning",
            "url": "https://www.semanticscholar.org/paper/0744580e75a74357e466a57082c85cb42f548aa9",
            "venue": "EMNLP",
            "year": 2023
        },
        {
            "arxivId": "2302.09685",
            "authors": [
                {
                    "authorId": "21724468",
                    "name": "Ankan Mullick"
                },
                {
                    "authorId": "9377739",
                    "name": "Ishani Mondal"
                },
                {
                    "authorId": "2046819995",
                    "name": "Sourjyadip Ray"
                },
                {
                    "authorId": "147958296",
                    "name": "R. Raghav"
                },
                {
                    "authorId": "2068667848",
                    "name": "G. Chaitanya"
                },
                {
                    "authorId": "51130504",
                    "name": "Pawan Goyal"
                }
            ],
            "doi": "10.48550/arXiv.2302.09685",
            "intent": [],
            "isInfluential": false,
            "paperId": "887070a80f3ab20b3e0ef4772c7561a62ae2d0c9",
            "title": "Intent Identification and Entity Extraction for Healthcare Queries in Indic Languages",
            "url": "https://www.semanticscholar.org/paper/887070a80f3ab20b3e0ef4772c7561a62ae2d0c9",
            "venue": "FINDINGS",
            "year": 2023
        },
        {
            "arxivId": "2202.03629",
            "authors": [
                {
                    "authorId": "3391272",
                    "name": "Ziwei Ji"
                },
                {
                    "authorId": "40221187",
                    "name": "Nayeon Lee"
                },
                {
                    "authorId": "1397300094",
                    "name": "Rita Frieske"
                },
                {
                    "authorId": "1660855299",
                    "name": "Tiezheng Yu"
                },
                {
                    "authorId": "49678544",
                    "name": "D. Su"
                },
                {
                    "authorId": "98271906",
                    "name": "Yan Xu"
                },
                {
                    "authorId": "38524906",
                    "name": "Etsuko Ishii"
                },
                {
                    "authorId": "23672613",
                    "name": "Yejin Bang"
                },
                {
                    "authorId": "94210578",
                    "name": "Delong Chen"
                },
                {
                    "authorId": "47653392",
                    "name": "Wenliang Dai"
                },
                {
                    "authorId": "2111680936",
                    "name": "Andrea Madotto"
                },
                {
                    "authorId": "40539650",
                    "name": "Pascale Fung"
                }
            ],
            "doi": "10.1145/3571730",
            "intent": [],
            "isInfluential": false,
            "paperId": "3def68bd0f856886d34272840a7f81588f2bc082",
            "title": "Survey of Hallucination in Natural Language Generation",
            "url": "https://www.semanticscholar.org/paper/3def68bd0f856886d34272840a7f81588f2bc082",
            "venue": "ACM Comput. Surv.",
            "year": 2022
        },
        {
            "arxivId": "2104.08821",
            "authors": [
                {
                    "authorId": "4800645",
                    "name": "Tianyu Gao"
                },
                {
                    "authorId": "2087141625",
                    "name": "Xingcheng Yao"
                },
                {
                    "authorId": "50536468",
                    "name": "Danqi Chen"
                }
            ],
            "doi": "10.18653/v1/2021.emnlp-main.552",
            "intent": [],
            "isInfluential": false,
            "paperId": "c26759e6c701201af2f62f7ee4eb68742b5bf085",
            "title": "SimCSE: Simple Contrastive Learning of Sentence Embeddings",
            "url": "https://www.semanticscholar.org/paper/c26759e6c701201af2f62f7ee4eb68742b5bf085",
            "venue": "EMNLP",
            "year": 2021
        },
        {
            "arxivId": "2101.01476",
            "authors": [
                {
                    "authorId": "153783512",
                    "name": "L. T. Nguyen"
                },
                {
                    "authorId": "34691913",
                    "name": "Dat Quoc Nguyen"
                }
            ],
            "doi": "10.18653/v1/2021.naacl-demos.1",
            "intent": [],
            "isInfluential": false,
            "paperId": "d851e3d18a86ca819fbf226ec5d25b27b400992b",
            "title": "PhoNLP: A joint multi-task learning model for Vietnamese part-of-speech tagging, named entity recognition and dependency parsing",
            "url": "https://www.semanticscholar.org/paper/d851e3d18a86ca819fbf226ec5d25b27b400992b",
            "venue": "NAACL",
            "year": 2021
        },
        {
            "arxivId": "2012.15828",
            "authors": [
                {
                    "authorId": "51456429",
                    "name": "Wenhui Wang"
                },
                {
                    "authorId": "10699417",
                    "name": "Hangbo Bao"
                },
                {
                    "authorId": "3110003",
                    "name": "Shaohan Huang"
                },
                {
                    "authorId": "145307652",
                    "name": "Li Dong"
                },
                {
                    "authorId": "49807919",
                    "name": "Furu Wei"
                }
            ],
            "doi": "10.18653/v1/2021.findings-acl.188",
            "intent": [],
            "isInfluential": false,
            "paperId": "b5b006dc558cb7fbd532d67e989173b536e8ac80",
            "title": "MiniLMv2: Multi-Head Self-Attention Relation Distillation for Compressing Pretrained Transformers",
            "url": "https://www.semanticscholar.org/paper/b5b006dc558cb7fbd532d67e989173b536e8ac80",
            "venue": "FINDINGS",
            "year": 2020
        },
        {
            "arxivId": null,
            "authors": [
                {
                    "authorId": "2038528652",
                    "name": "Huong Duong To"
                },
                {
                    "authorId": "143669653",
                    "name": "P. Do"
                }
            ],
            "doi": "10.1109/KSE50997.2020.9287471",
            "intent": [],
            "isInfluential": false,
            "paperId": "955c7df0083493d997d6217ff4d6b053bbf75799",
            "title": "Extracting triples from Vietnamese text to create knowledge graph",
            "url": "https://www.semanticscholar.org/paper/955c7df0083493d997d6217ff4d6b053bbf75799",
            "venue": "2020 12th International Conference on Knowledge and Systems Engineering (KSE)",
            "year": 2020
        },
        {
            "arxivId": null,
            "authors": [
                {
                    "authorId": "19304470",
                    "name": "Nikhita Vedula"
                },
                {
                    "authorId": "1793409",
                    "name": "Nedim Lipka"
                },
                {
                    "authorId": "8394636",
                    "name": "Pranav Maneriker"
                },
                {
                    "authorId": "145022640",
                    "name": "S. Parthasarathy"
                }
            ],
            "doi": "10.1145/3366423.3380268",
            "intent": [],
            "isInfluential": false,
            "paperId": "5b48682554db4d5a55cce475a2e9c1f3cac81e94",
            "title": "Open Intent Extraction from Natural Language Interactions",
            "url": "https://www.semanticscholar.org/paper/5b48682554db4d5a55cce475a2e9c1f3cac81e94",
            "venue": "WWW",
            "year": 2020
        },
        {
            "arxivId": "2004.04906",
            "authors": [
                {
                    "authorId": "2067091563",
                    "name": "Vladimir Karpukhin"
                },
                {
                    "authorId": "9185192",
                    "name": "Barlas O\u011fuz"
                },
                {
                    "authorId": "48872685",
                    "name": "Sewon Min"
                },
                {
                    "authorId": "145222654",
                    "name": "Patrick Lewis"
                },
                {
                    "authorId": "51183248",
                    "name": "Ledell Yu Wu"
                },
                {
                    "authorId": "2068070",
                    "name": "Sergey Edunov"
                },
                {
                    "authorId": "50536468",
                    "name": "Danqi Chen"
                },
                {
                    "authorId": "144105277",
                    "name": "Wen-tau Yih"
                }
            ],
            "doi": "10.18653/v1/2020.emnlp-main.550",
            "intent": [],
            "isInfluential": false,
            "paperId": "b26f2037f769d5ffc5f7bdcec2de8da28ec14bee",
            "title": "Dense Passage Retrieval for Open-Domain Question Answering",
            "url": "https://www.semanticscholar.org/paper/b26f2037f769d5ffc5f7bdcec2de8da28ec14bee",
            "venue": "EMNLP",
            "year": 2020
        },
        {
            "arxivId": "2003.04807",
            "authors": [
                {
                    "authorId": "3450866",
                    "name": "I. Casanueva"
                },
                {
                    "authorId": "79661225",
                    "name": "Tadas Temvcinas"
                },
                {
                    "authorId": "51176335",
                    "name": "D. Gerz"
                },
                {
                    "authorId": "145133553",
                    "name": "Matthew Henderson"
                },
                {
                    "authorId": "1747849",
                    "name": "Ivan Vulic"
                }
            ],
            "doi": "10.18653/v1/2020.nlp4convai-1.5",
            "intent": [],
            "isInfluential": false,
            "paperId": "5a96a270cbc73e3b448c2404ff31670c21da7b49",
            "title": "Efficient Intent Detection with Dual Sentence Encoders",
            "url": "https://www.semanticscholar.org/paper/5a96a270cbc73e3b448c2404ff31670c21da7b49",
            "venue": "NLP4CONVAI",
            "year": 2020
        },
        {
            "arxivId": "2003.02320",
            "authors": [
                {
                    "authorId": "144007515",
                    "name": "Aidan Hogan"
                },
                {
                    "authorId": "2456849",
                    "name": "E. Blomqvist"
                },
                {
                    "authorId": "1708906",
                    "name": "Michael Cochez"
                },
                {
                    "authorId": "2061534015",
                    "name": "C. d'Amato"
                },
                {
                    "authorId": "144608002",
                    "name": "Gerard de Melo"
                },
                {
                    "authorId": "2111723441",
                    "name": "C. Gutierrez"
                },
                {
                    "authorId": "31446079",
                    "name": "J. E. L. Gayo"
                },
                {
                    "authorId": "2601335",
                    "name": "S. Kirrane"
                },
                {
                    "authorId": "38640960",
                    "name": "S. Neumaier"
                },
                {
                    "authorId": "1708607",
                    "name": "A. Polleres"
                },
                {
                    "authorId": "1733928",
                    "name": "Roberto Navigli"
                },
                {
                    "authorId": "1712107",
                    "name": "A. Ngomo"
                },
                {
                    "authorId": "145696537",
                    "name": "S. M. Rashid"
                },
                {
                    "authorId": "2333981",
                    "name": "Anisa Rula"
                },
                {
                    "authorId": "68975198",
                    "name": "Lukas Schmelzeisen"
                },
                {
                    "authorId": "1703204",
                    "name": "Juan Sequeda"
                },
                {
                    "authorId": "1752093",
                    "name": "Steffen Staab"
                },
                {
                    "authorId": "35969095",
                    "name": "Antoine Zimmermann"
                }
            ],
            "doi": "10.1145/3447772",
            "intent": [],
            "isInfluential": false,
            "paperId": "091345fd98621d08424c93510149c13781da5f73",
            "title": "Knowledge Graphs",
            "url": "https://www.semanticscholar.org/paper/091345fd98621d08424c93510149c13781da5f73",
            "venue": "ACM Comput. Surv.",
            "year": 2020
        },
        {
            "arxivId": "2003.00744",
            "authors": [
                {
                    "authorId": "34691913",
                    "name": "Dat Quoc Nguyen"
                },
                {
                    "authorId": "1398541475",
                    "name": "A. Nguyen"
                }
            ],
            "doi": "10.18653/v1/2020.findings-emnlp.92",
            "intent": [],
            "isInfluential": false,
            "paperId": "a622332550eaf535cf0f0f6c3a3f3ba197c39cac",
            "title": "PhoBERT: Pre-trained language models for Vietnamese",
            "url": "https://www.semanticscholar.org/paper/a622332550eaf535cf0f0f6c3a3f3ba197c39cac",
            "venue": "FINDINGS",
            "year": 2020
        },
        {
            "arxivId": "2002.10957",
            "authors": [
                {
                    "authorId": "51456429",
                    "name": "Wenhui Wang"
                },
                {
                    "authorId": "49807919",
                    "name": "Furu Wei"
                },
                {
                    "authorId": "145307652",
                    "name": "Li Dong"
                },
                {
                    "authorId": "10699417",
                    "name": "Hangbo Bao"
                },
                {
                    "authorId": "144610884",
                    "name": "Nan Yang"
                },
                {
                    "authorId": "92660691",
                    "name": "Ming Zhou"
                }
            ],
            "doi": null,
            "intent": [],
            "isInfluential": false,
            "paperId": "c6c734e16f66fbfcefac7625cc64599e83292c1e",
            "title": "MiniLM: Deep Self-Attention Distillation for Task-Agnostic Compression of Pre-Trained Transformers",
            "url": "https://www.semanticscholar.org/paper/c6c734e16f66fbfcefac7625cc64599e83292c1e",
            "venue": "NeurIPS",
            "year": 2020
        },
        {
            "arxivId": "1910.13461",
            "authors": [
                {
                    "authorId": "35084211",
                    "name": "M. Lewis"
                },
                {
                    "authorId": "11323179",
                    "name": "Yinhan Liu"
                },
                {
                    "authorId": "39589154",
                    "name": "Naman Goyal"
                },
                {
                    "authorId": "2320509",
                    "name": "Marjan Ghazvininejad"
                },
                {
                    "authorId": "113947684",
                    "name": "Abdel-rahman Mohamed"
                },
                {
                    "authorId": "39455775",
                    "name": "Omer Levy"
                },
                {
                    "authorId": "1759422",
                    "name": "Veselin Stoyanov"
                },
                {
                    "authorId": "1982950",
                    "name": "Luke Zettlemoyer"
                }
            ],
            "doi": "10.18653/v1/2020.acl-main.703",
            "intent": [],
            "isInfluential": false,
            "paperId": "395de0bd3837fdf4b4b5e5f04835bcc69c279481",
            "title": "BART: Denoising Sequence-to-Sequence Pre-training for Natural Language Generation, Translation, and Comprehension",
            "url": "https://www.semanticscholar.org/paper/395de0bd3837fdf4b4b5e5f04835bcc69c279481",
            "venue": "ACL",
            "year": 2019
        },
        {
            "arxivId": null,
            "authors": [
                {
                    "authorId": "7449343",
                    "name": "Mariia Rizun"
                }
            ],
            "doi": "10.18778/0208-6018.342.01",
            "intent": [],
            "isInfluential": false,
            "paperId": "5601d19a534e00c6c10fa051e215de70ba867787",
            "title": "Knowledge Graph Application in Education: a Literature Review",
            "url": "https://www.semanticscholar.org/paper/5601d19a534e00c6c10fa051e215de70ba867787",
            "venue": "Acta Universitatis Lodziensis. Folia Oeconomica",
            "year": 2019
        },
        {
            "arxivId": "1904.08524",
            "authors": [
                {
                    "authorId": "19304470",
                    "name": "Nikhita Vedula"
                },
                {
                    "authorId": "1793409",
                    "name": "Nedim Lipka"
                },
                {
                    "authorId": "8394636",
                    "name": "Pranav Maneriker"
                },
                {
                    "authorId": "145022640",
                    "name": "S. Parthasarathy"
                }
            ],
            "doi": null,
            "intent": [],
            "isInfluential": false,
            "paperId": "01bf9a71361668e73f06ce0aa412db8c06e9ac2a",
            "title": "Towards Open Intent Discovery for Conversational Text",
            "url": "https://www.semanticscholar.org/paper/01bf9a71361668e73f06ce0aa412db8c06e9ac2a",
            "venue": "ArXiv",
            "year": 2019
        },
        {
            "arxivId": null,
            "authors": [
                {
                    "authorId": "2004366",
                    "name": "Penghe Chen"
                },
                {
                    "authorId": "2140044757",
                    "name": "Yu Lu"
                },
                {
                    "authorId": "3113725",
                    "name": "V. Zheng"
                },
                {
                    "authorId": "2109089858",
                    "name": "Xiyang Chen"
                },
                {
                    "authorId": "51034076",
                    "name": "Boda Yang"
                }
            ],
            "doi": "10.1109/ACCESS.2018.2839607",
            "intent": [],
            "isInfluential": false,
            "paperId": "aec91dd8257ad29331ce9a907ed40dc2bd9b846a",
            "title": "KnowEdu: A System to Construct Knowledge Graph for Education",
            "url": "https://www.semanticscholar.org/paper/aec91dd8257ad29331ce9a907ed40dc2bd9b846a",
            "venue": "IEEE Access",
            "year": 2018
        },
        {
            "arxivId": null,
            "authors": [
                {
                    "authorId": "31785573",
                    "name": "Leland McInnes"
                },
                {
                    "authorId": "2062756303",
                    "name": "John Healy"
                },
                {
                    "authorId": "102837479",
                    "name": "S. Astels"
                }
            ],
            "doi": "10.21105/JOSS.00205",
            "intent": [],
            "isInfluential": false,
            "paperId": "d4168c0480bc8e060599fe954de9be1007529c93",
            "title": "hdbscan: Hierarchical density based clustering",
            "url": "https://www.semanticscholar.org/paper/d4168c0480bc8e060599fe954de9be1007529c93",
            "venue": "J. Open Source Softw.",
            "year": 2017
        },
        {
            "arxivId": null,
            "authors": [
                {
                    "authorId": "90765684",
                    "name": "Jinheon Baek"
                },
                {
                    "authorId": "8129718",
                    "name": "Alham Fikri Aji"
                },
                {
                    "authorId": "1741702",
                    "name": "Amir Saffari"
                }
            ],
            "doi": "10.18653/v1/2023.matching-1.7",
            "intent": [],
            "isInfluential": false,
            "paperId": "678cfca72b7de72b005f71207bc8a522ea9ac62c",
            "title": "Knowledge-Augmented Language Model Prompting for Zero-Shot Knowledge Graph Question Answering",
            "url": "https://www.semanticscholar.org/paper/678cfca72b7de72b005f71207bc8a522ea9ac62c",
            "venue": "MATCHING",
            "year": 2023
        },
        {
            "arxivId": null,
            "authors": [
                {
                    "authorId": "2107956568",
                    "name": "Minhua Chen"
                },
                {
                    "authorId": "34291483",
                    "name": "Badrinath Jayakumar"
                },
                {
                    "authorId": "2078507351",
                    "name": "Michael Johnston"
                },
                {
                    "authorId": "2175483058",
                    "name": "S. Eman Mahmoodi"
                },
                {
                    "authorId": "34931641",
                    "name": "Daniel Pressel"
                }
            ],
            "doi": "10.18653/v1/2022.naacl-industry.23",
            "intent": [],
            "isInfluential": false,
            "paperId": "f248c9811e2c8755438b3069c6fa7eb3f4746a97",
            "title": "Intent Discovery for Enterprise Virtual Assistants: Applications of Utterance Embedding and Clustering to Intent Mining",
            "url": "https://www.semanticscholar.org/paper/f248c9811e2c8755438b3069c6fa7eb3f4746a97",
            "venue": "NAACL",
            "year": 2022
        },
        {
            "arxivId": null,
            "authors": [
                {
                    "authorId": "2185636139",
                    "name": "Nicolas Hubert"
                },
                {
                    "authorId": "1754580",
                    "name": "A. Brun"
                },
                {
                    "authorId": "145421509",
                    "name": "D. Monticolo"
                }
            ],
            "doi": null,
            "intent": [],
            "isInfluential": false,
            "paperId": "fc150ed484392c9e6a9bae7196cbb5455a45a910",
            "title": "New Ontology and Knowledge Graph for University Curriculum Recommendation",
            "url": "https://www.semanticscholar.org/paper/fc150ed484392c9e6a9bae7196cbb5455a45a910",
            "venue": "SEMWEB",
            "year": 2022
        },
        {
            "arxivId": null,
            "authors": [
                {
                    "authorId": "38909097",
                    "name": "Alec Radford"
                },
                {
                    "authorId": "144958935",
                    "name": "Karthik Narasimhan"
                }
            ],
            "doi": null,
            "intent": [],
            "isInfluential": false,
            "paperId": "cd18800a0fe0b668a1cc19f2ec95b5003d0a5035",
            "title": "Improving Language Understanding by Generative Pre-Training",
            "url": "https://www.semanticscholar.org/paper/cd18800a0fe0b668a1cc19f2ec95b5003d0a5035",
            "venue": "",
            "year": 2018
        }
    ],
    "s2FieldsOfStudy": [
        {
            "category": "Computer Science",
            "source": "external"
        },
        {
            "category": "Computer Science",
            "source": "s2-fos-model"
        },
        {
            "category": "Education",
            "source": "s2-fos-model"
        }
    ],
    "title": "Cross-Data Knowledge Graph Construction for LLM-enabled Educational Question-Answering System: A Case Study at HCMUT",
    "topics": [],
    "url": "https://www.semanticscholar.org/paper/6837fb40385740828fac2d46a77da13c5db7d8db",
    "venue": "AIQAM@ICMR",
    "year": 2024
}