{
    "abstract": "Unstructured data formats account for over 80% of the data currently stored, and extracting value from such formats remains a considerable challenge. In particular, current approaches for managing unstructured documents do not support ad-hoc analytical queries on document collections. Moreover, Large Language Models (LLMs) directly applied to the documents themselves, or on portions of documents through a process of Retrieval-Augmented Generation (RAG), fail to provide high accuracy query results, and in the LLM-only case, additionally incur high costs. Since many unstructured documents in a collection often follow similar templates that impart a common semantic structure, we introduce ZenDB, a document analytics system that leverages this semantic structure, coupled with LLMs, to answer ad-hoc SQL queries on document collections. ZenDB efficiently extracts semantic hierarchical structures from such templatized documents, and introduces a novel query engine that leverages these structures for accurate and cost-effective query execution. Users can impose a schema on their documents, and query it, all via SQL. Extensive experiments on three real-world document collections demonstrate ZenDB's benefits, achieving up to 30% cost savings compared to LLM-based baselines, while maintaining or improving accuracy, and surpassing RAG-based baselines by up to 61% in precision and 80% in recall, at a marginally higher cost.",
    "arxivId": "2405.04674",
    "authors": [
        {
            "authorId": "2278559988",
            "name": "Yiming Lin",
            "url": "https://www.semanticscholar.org/author/2278559988"
        },
        {
            "authorId": "51309767",
            "name": "Madelon Hulsebos",
            "url": "https://www.semanticscholar.org/author/51309767"
        },
        {
            "authorId": "2301116825",
            "name": "Ruiying Ma",
            "url": "https://www.semanticscholar.org/author/2301116825"
        },
        {
            "authorId": "35403221",
            "name": "Shreya Shankar",
            "url": "https://www.semanticscholar.org/author/35403221"
        },
        {
            "authorId": "3416086",
            "name": "Sepanta Zeighami",
            "url": "https://www.semanticscholar.org/author/3416086"
        },
        {
            "authorId": "2238572943",
            "name": "Aditya G. Parameswaran",
            "url": "https://www.semanticscholar.org/author/2238572943"
        },
        {
            "authorId": "2278433158",
            "name": "Eugene Wu",
            "url": "https://www.semanticscholar.org/author/2278433158"
        }
    ],
    "citationVelocity": 0,
    "citations": [
        {
            "arxivId": "2409.02343",
            "authors": [
                {
                    "authorId": "3416086",
                    "name": "Sepanta Zeighami"
                },
                {
                    "authorId": "3438192",
                    "name": "Zac Wellmer"
                },
                {
                    "authorId": "2319605035",
                    "name": "Aditya Parameswaran"
                }
            ],
            "doi": "10.48550/arXiv.2409.02343",
            "intent": [
                "background"
            ],
            "isInfluential": false,
            "paperId": "dcd9366596840fbaaf9a4f031efa93f33fcb15ef",
            "title": "NUDGE: Lightweight Non-Parametric Fine-Tuning of Embeddings for Retrieval",
            "url": "https://www.semanticscholar.org/paper/dcd9366596840fbaaf9a4f031efa93f33fcb15ef",
            "venue": "ArXiv",
            "year": 2024
        },
        {
            "arxivId": "2405.14696",
            "authors": [
                {
                    "authorId": "1726050553",
                    "name": "Chunwei Liu"
                },
                {
                    "authorId": "2302802741",
                    "name": "Matthew Russo"
                },
                {
                    "authorId": "2257271167",
                    "name": "Michael J. Cafarella"
                },
                {
                    "authorId": "2307774313",
                    "name": "Lei Cao"
                },
                {
                    "authorId": "2302770964",
                    "name": "Peter Baille Chen"
                },
                {
                    "authorId": "48354042",
                    "name": "Zui Chen"
                },
                {
                    "authorId": "2302763969",
                    "name": "Michael J. Franklin"
                },
                {
                    "authorId": "2067213922",
                    "name": "T. Kraska"
                },
                {
                    "authorId": "2285650676",
                    "name": "Samuel Madden"
                },
                {
                    "authorId": "2302799401",
                    "name": "Gerardo Vitagliano"
                }
            ],
            "doi": "10.48550/arXiv.2405.14696",
            "intent": [
                "background"
            ],
            "isInfluential": false,
            "paperId": "561df8e070393a981b7c4196e1c94b92876d4e5b",
            "title": "A Declarative System for Optimizing AI Workloads",
            "url": "https://www.semanticscholar.org/paper/561df8e070393a981b7c4196e1c94b92876d4e5b",
            "venue": "ArXiv",
            "year": 2024
        }
    ],
    "corpusId": 269626470,
    "doi": "10.48550/arXiv.2405.04674",
    "fieldsOfStudy": [
        "Computer Science"
    ],
    "influentialCitationCount": 0,
    "isOpenAccess": false,
    "isPublisherLicensed": true,
    "is_open_access": false,
    "is_publisher_licensed": true,
    "numCitedBy": 2,
    "numCiting": 45,
    "paperId": "d115e707a26a8b0411ecbf18b8551506335ebfca",
    "references": [
        {
            "arxivId": "2401.18059",
            "authors": [
                {
                    "authorId": "47157377",
                    "name": "Parth Sarthi"
                },
                {
                    "authorId": "2281944713",
                    "name": "Salman Abdullah"
                },
                {
                    "authorId": "2281943586",
                    "name": "Aditi Tuli"
                },
                {
                    "authorId": "2281944065",
                    "name": "Shubh Khanna"
                },
                {
                    "authorId": "2281943701",
                    "name": "Anna Goldie"
                },
                {
                    "authorId": "2262643057",
                    "name": "Christopher D. Manning"
                }
            ],
            "doi": "10.48550/arXiv.2401.18059",
            "intent": [],
            "isInfluential": false,
            "paperId": "1d40f07569482d24e3335ffb31394d4bf1567e6f",
            "title": "RAPTOR: Recursive Abstractive Processing for Tree-Organized Retrieval",
            "url": "https://www.semanticscholar.org/paper/1d40f07569482d24e3335ffb31394d4bf1567e6f",
            "venue": "ICLR",
            "year": 2024
        },
        {
            "arxivId": "2311.08377",
            "authors": [
                {
                    "authorId": "1390877035",
                    "name": "Zhiruo Wang"
                },
                {
                    "authorId": "2266466286",
                    "name": "Jun Araki"
                },
                {
                    "authorId": "2669515",
                    "name": "Zhengbao Jiang"
                },
                {
                    "authorId": "3405393",
                    "name": "Md. Rizwan Parvez"
                },
                {
                    "authorId": "1700325",
                    "name": "Graham Neubig"
                }
            ],
            "doi": "10.48550/arXiv.2311.08377",
            "intent": [],
            "isInfluential": false,
            "paperId": "7848d4b4e6ba0897a85cebb6467e94eb0b60d583",
            "title": "Learning to Filter Context for Retrieval-Augmented Generation",
            "url": "https://www.semanticscholar.org/paper/7848d4b4e6ba0897a85cebb6467e94eb0b60d583",
            "venue": "ArXiv",
            "year": 2023
        },
        {
            "arxivId": "2310.07736",
            "authors": [
                {
                    "authorId": "1432234356",
                    "name": "Tianji Cong"
                },
                {
                    "authorId": "51309767",
                    "name": "Madelon Hulsebos"
                },
                {
                    "authorId": "2257391303",
                    "name": "Zhenjie Sun"
                },
                {
                    "authorId": "2257346461",
                    "name": "Paul Groth"
                },
                {
                    "authorId": "145531067",
                    "name": "H. V. Jagadish"
                }
            ],
            "doi": "10.14778/3636218.3636237",
            "intent": [],
            "isInfluential": false,
            "paperId": "f638eeeab33a16d922014cc13abc9a886a6fe275",
            "title": "Observatory: Characterizing Embeddings of Relational Tables",
            "url": "https://www.semanticscholar.org/paper/f638eeeab33a16d922014cc13abc9a886a6fe275",
            "venue": "Proc. VLDB Endow.",
            "year": 2023
        },
        {
            "arxivId": "2308.16361",
            "authors": [
                {
                    "authorId": "2269741433",
                    "name": "Haochen Zhang"
                },
                {
                    "authorId": "2815918",
                    "name": "Yuyang Dong"
                },
                {
                    "authorId": "50365559",
                    "name": "Chuan Xiao"
                },
                {
                    "authorId": "37267314",
                    "name": "M. Oyamada"
                }
            ],
            "doi": "10.48550/arXiv.2308.16361",
            "intent": [],
            "isInfluential": false,
            "paperId": "3e1ca026052d30e3b9677e363616fae23f6616df",
            "title": "Large Language Models as Data Preprocessors",
            "url": "https://www.semanticscholar.org/paper/3e1ca026052d30e3b9677e363616fae23f6616df",
            "venue": "VLDB Workshops",
            "year": 2023
        },
        {
            "arxivId": "2308.14508",
            "authors": [
                {
                    "authorId": "2141377570",
                    "name": "Yushi Bai"
                },
                {
                    "authorId": "48574888",
                    "name": "Xin Lv"
                },
                {
                    "authorId": "2107983722",
                    "name": "Jiajie Zhang"
                },
                {
                    "authorId": "2220304036",
                    "name": "Hong Lyu"
                },
                {
                    "authorId": "2204826271",
                    "name": "Jiankai Tang"
                },
                {
                    "authorId": "2234629967",
                    "name": "Zhidian Huang"
                },
                {
                    "authorId": "66395694",
                    "name": "Zhengxiao Du"
                },
                {
                    "authorId": "2111312892",
                    "name": "Xiao Liu"
                },
                {
                    "authorId": "2051712753",
                    "name": "Aohan Zeng"
                },
                {
                    "authorId": "2055765060",
                    "name": "Lei Hou"
                },
                {
                    "authorId": "2047998",
                    "name": "Yuxiao Dong"
                },
                {
                    "authorId": "2148911975",
                    "name": "Jie Tang"
                },
                {
                    "authorId": "2133353675",
                    "name": "Juanzi Li"
                }
            ],
            "doi": "10.48550/arXiv.2308.14508",
            "intent": [],
            "isInfluential": false,
            "paperId": "b31a5884a8ebe96b6300839b28608b97f8f8ef76",
            "title": "LongBench: A Bilingual, Multitask Benchmark for Long Context Understanding",
            "url": "https://www.semanticscholar.org/paper/b31a5884a8ebe96b6300839b28608b97f8f8ef76",
            "venue": "ACL",
            "year": 2023
        },
        {
            "arxivId": "2308.03854",
            "authors": [
                {
                    "authorId": "145592539",
                    "name": "Aditya G. Parameswaran"
                },
                {
                    "authorId": "35403221",
                    "name": "Shreya Shankar"
                },
                {
                    "authorId": "2004068612",
                    "name": "Parth Asawa"
                },
                {
                    "authorId": "2054068822",
                    "name": "Naman Jain"
                },
                {
                    "authorId": "2214837785",
                    "name": "Yujie Wang"
                }
            ],
            "doi": "10.48550/arXiv.2308.03854",
            "intent": [],
            "isInfluential": false,
            "paperId": "3e4991bd206214f596a10e9932cd441fe5bd1f8c",
            "title": "Revisiting Prompt Engineering via Declarative Crowdsourcing",
            "url": "https://www.semanticscholar.org/paper/3e4991bd206214f596a10e9932cd441fe5bd1f8c",
            "venue": "CIDR",
            "year": 2023
        },
        {
            "arxivId": "2307.03172",
            "authors": [
                {
                    "authorId": "22243769",
                    "name": "Nelson F. Liu"
                },
                {
                    "authorId": "48085802",
                    "name": "Kevin Lin"
                },
                {
                    "authorId": "145430120",
                    "name": "John Hewitt"
                },
                {
                    "authorId": "40404493",
                    "name": "Ashwin Paranjape"
                },
                {
                    "authorId": "143802044",
                    "name": "Michele Bevilacqua"
                },
                {
                    "authorId": "40052301",
                    "name": "F. Petroni"
                },
                {
                    "authorId": "145419642",
                    "name": "Percy Liang"
                }
            ],
            "doi": "10.1162/tacl_a_00638",
            "intent": [],
            "isInfluential": false,
            "paperId": "1733eb7792f7a43dd21f51f4d1017a1bffd217b5",
            "title": "Lost in the Middle: How Language Models Use Long Contexts",
            "url": "https://www.semanticscholar.org/paper/1733eb7792f7a43dd21f51f4d1017a1bffd217b5",
            "venue": "TACL",
            "year": 2023
        },
        {
            "arxivId": "2306.09610",
            "authors": [
                {
                    "authorId": "1619938751",
                    "name": "Moe Kayali"
                },
                {
                    "authorId": "30450316",
                    "name": "A. Lykov"
                },
                {
                    "authorId": "3387905",
                    "name": "Ilias Fountalis"
                },
                {
                    "authorId": "32426202",
                    "name": "N. Vasiloglou"
                },
                {
                    "authorId": "1756801",
                    "name": "Dan Olteanu"
                },
                {
                    "authorId": "144823759",
                    "name": "Dan Suciu"
                }
            ],
            "doi": "10.14778/3659437.3659461",
            "intent": [],
            "isInfluential": false,
            "paperId": "9dd3455df251d11e8d1461f3ed0c104615de37d2",
            "title": "CHORUS: Foundation Models for Unified Data Discovery and Exploration",
            "url": "https://www.semanticscholar.org/paper/9dd3455df251d11e8d1461f3ed0c104615de37d2",
            "venue": "Proc. VLDB Endow.",
            "year": 2023
        },
        {
            "arxivId": "2305.03111",
            "authors": [
                {
                    "authorId": "2154860526",
                    "name": "Jinyang Li"
                },
                {
                    "authorId": "151471590",
                    "name": "Binyuan Hui"
                },
                {
                    "authorId": "2216486244",
                    "name": "Ge Qu"
                },
                {
                    "authorId": "66200440",
                    "name": "Binhua Li"
                },
                {
                    "authorId": "2135964855",
                    "name": "Jiaxi Yang"
                },
                {
                    "authorId": "2132475886",
                    "name": "Bowen Li"
                },
                {
                    "authorId": "2118640406",
                    "name": "Bailin Wang"
                },
                {
                    "authorId": "50379530",
                    "name": "Bowen Qin"
                },
                {
                    "authorId": "5973047",
                    "name": "Rongyu Cao"
                },
                {
                    "authorId": "9706609",
                    "name": "Ruiying Geng"
                },
                {
                    "authorId": "2147322690",
                    "name": "Nan Huo"
                },
                {
                    "authorId": "2108786828",
                    "name": "Chenhao Ma"
                },
                {
                    "authorId": "152608657",
                    "name": "K. Chang"
                },
                {
                    "authorId": "143857288",
                    "name": "Fei Huang"
                },
                {
                    "authorId": "2114454192",
                    "name": "Reynold Cheng"
                },
                {
                    "authorId": "1527090216",
                    "name": "Yongbin Li"
                }
            ],
            "doi": "10.48550/arXiv.2305.03111",
            "intent": [],
            "isInfluential": false,
            "paperId": "8f831f341e959955a495730d81996e62c57cc0bd",
            "title": "Can LLM Already Serve as A Database Interface? A BIg Bench for Large-Scale Database Grounded Text-to-SQLs",
            "url": "https://www.semanticscholar.org/paper/8f831f341e959955a495730d81996e62c57cc0bd",
            "venue": "NeurIPS",
            "year": 2023
        },
        {
            "arxivId": "2304.13559",
            "authors": [
                {
                    "authorId": "2067522077",
                    "name": "Matthias Urban"
                },
                {
                    "authorId": "2691974",
                    "name": "Carsten Binnig"
                }
            ],
            "doi": "10.48550/arXiv.2304.13559",
            "intent": [],
            "isInfluential": false,
            "paperId": "c8ee58e5f44f650f6d44b58ec7c2d067e187907d",
            "title": "Towards Multi-Modal DBMSs for Seamless Querying of Texts and Tables",
            "url": "https://www.semanticscholar.org/paper/c8ee58e5f44f650f6d44b58ec7c2d067e187907d",
            "venue": "ArXiv",
            "year": 2023
        },
        {
            "arxivId": "2304.09433",
            "authors": [
                {
                    "authorId": "47038321",
                    "name": "Simran Arora"
                },
                {
                    "authorId": "145951921",
                    "name": "Brandon Yang"
                },
                {
                    "authorId": "69498617",
                    "name": "Sabri Eyuboglu"
                },
                {
                    "authorId": "1381444249",
                    "name": "A. Narayan"
                },
                {
                    "authorId": "2117263303",
                    "name": "Andrew Hojel"
                },
                {
                    "authorId": "2636156",
                    "name": "Immanuel Trummer"
                },
                {
                    "authorId": "1803218",
                    "name": "Christopher R\u00e9"
                }
            ],
            "doi": "10.14778/3626292.3626294",
            "intent": [],
            "isInfluential": false,
            "paperId": "2ef1c2438c3a4552db9e7080e15d8c51bc071f58",
            "title": "Language Models Enable Simple Systems for Generating Structured Views of Heterogeneous Data Lakes",
            "url": "https://www.semanticscholar.org/paper/2ef1c2438c3a4552db9e7080e15d8c51bc071f58",
            "venue": "Proc. VLDB Endow.",
            "year": 2023
        },
        {
            "arxivId": "2304.00472",
            "authors": [
                {
                    "authorId": "2073358417",
                    "name": "Mohammed Saeed"
                },
                {
                    "authorId": "41019080",
                    "name": "Nicola De Cao"
                },
                {
                    "authorId": "1802817",
                    "name": "Paolo Papotti"
                }
            ],
            "doi": "10.48550/arXiv.2304.00472",
            "intent": [],
            "isInfluential": false,
            "paperId": "bdbe2c1a430d8a15d20964bfd5d7e828ccae73d0",
            "title": "Querying Large Language Models with SQL",
            "url": "https://www.semanticscholar.org/paper/bdbe2c1a430d8a15d20964bfd5d7e828ccae73d0",
            "venue": "EDBT",
            "year": 2023
        },
        {
            "arxivId": "2301.08881",
            "authors": [
                {
                    "authorId": "46923811",
                    "name": "Shuaichen Chang"
                },
                {
                    "authorId": "66063792",
                    "name": "J. Wang"
                },
                {
                    "authorId": "2196939793",
                    "name": "Mingwen Dong"
                },
                {
                    "authorId": "2101328894",
                    "name": "Lin Pan"
                },
                {
                    "authorId": "1787682",
                    "name": "Henghui Zhu"
                },
                {
                    "authorId": "2123247219",
                    "name": "A. Li"
                },
                {
                    "authorId": "37852874",
                    "name": "Wuwei Lan"
                },
                {
                    "authorId": "38654394",
                    "name": "Shenmin Zhang"
                },
                {
                    "authorId": "3024518",
                    "name": "Jiarong Jiang"
                },
                {
                    "authorId": "1393866988",
                    "name": "Joseph Lilien"
                },
                {
                    "authorId": "2962851",
                    "name": "Stephen M. Ash"
                },
                {
                    "authorId": "1682479",
                    "name": "William Yang Wang"
                },
                {
                    "authorId": "40296541",
                    "name": "Zhiguo Wang"
                },
                {
                    "authorId": "2879453",
                    "name": "Vittorio Castelli"
                },
                {
                    "authorId": "145878390",
                    "name": "Patrick Ng"
                },
                {
                    "authorId": "144028698",
                    "name": "Bing Xiang"
                }
            ],
            "doi": "10.48550/arXiv.2301.08881",
            "intent": [],
            "isInfluential": false,
            "paperId": "7195ed3c7f11220f29634cecb68b1d39db2e36d9",
            "title": "Dr.Spider: A Diagnostic Evaluation Benchmark towards Text-to-SQL Robustness",
            "url": "https://www.semanticscholar.org/paper/7195ed3c7f11220f29634cecb68b1d39db2e36d9",
            "venue": "ICLR",
            "year": 2023
        },
        {
            "arxivId": null,
            "authors": [
                {
                    "authorId": "2053327987",
                    "name": "Deng Cai"
                },
                {
                    "authorId": "2152546690",
                    "name": "Yan Wang"
                },
                {
                    "authorId": "2978364",
                    "name": "Lemao Liu"
                },
                {
                    "authorId": "2072684668",
                    "name": "Shuming Shi"
                }
            ],
            "doi": "10.1145/3477495.3532682",
            "intent": [],
            "isInfluential": false,
            "paperId": "735bf29aaf13c9420653e271db37614be55154d7",
            "title": "Recent Advances in Retrieval-Augmented Text Generation",
            "url": "https://www.semanticscholar.org/paper/735bf29aaf13c9420653e271db37614be55154d7",
            "venue": "SIGIR",
            "year": 2022
        },
        {
            "arxivId": "2205.09911",
            "authors": [
                {
                    "authorId": "1381444249",
                    "name": "A. Narayan"
                },
                {
                    "authorId": "3442125",
                    "name": "Ines Chami"
                },
                {
                    "authorId": "4773175",
                    "name": "Laurel J. Orr"
                },
                {
                    "authorId": "2061444681",
                    "name": "Christopher R'e"
                }
            ],
            "doi": "10.48550/arXiv.2205.09911",
            "intent": [],
            "isInfluential": false,
            "paperId": "58aacb967cc7fc25cfc9d51b7ad3e57ac00d119b",
            "title": "Can Foundation Models Wrangle Your Data?",
            "url": "https://www.semanticscholar.org/paper/58aacb967cc7fc25cfc9d51b7ad3e57ac00d119b",
            "venue": "Proc. VLDB Endow.",
            "year": 2022
        },
        {
            "arxivId": "2202.01110",
            "authors": [
                {
                    "authorId": "91956362",
                    "name": "Huayang Li"
                },
                {
                    "authorId": "50087162",
                    "name": "Yixuan Su"
                },
                {
                    "authorId": "2053327987",
                    "name": "Deng Cai"
                },
                {
                    "authorId": "2152546690",
                    "name": "Yan Wang"
                },
                {
                    "authorId": "2978364",
                    "name": "Lemao Liu"
                }
            ],
            "doi": null,
            "intent": [],
            "isInfluential": false,
            "paperId": "e6770e3f5e74210c6863aaeed527ac4c1da419d7",
            "title": "A Survey on Retrieval-Augmented Text Generation",
            "url": "https://www.semanticscholar.org/paper/e6770e3f5e74210c6863aaeed527ac4c1da419d7",
            "venue": "ArXiv",
            "year": 2022
        },
        {
            "arxivId": "2112.10925",
            "authors": [
                {
                    "authorId": "2636156",
                    "name": "Immanuel Trummer"
                }
            ],
            "doi": "10.1145/3514221.3517843",
            "intent": [],
            "isInfluential": false,
            "paperId": "f9859fa1a565c041f8b03383608074cab8efd5da",
            "title": "DB-BERT: A Database Tuning Tool that \"Reads the Manual\"",
            "url": "https://www.semanticscholar.org/paper/f9859fa1a565c041f8b03383608074cab8efd5da",
            "venue": "SIGMOD Conference",
            "year": 2021
        },
        {
            "arxivId": "2109.02707",
            "authors": [
                {
                    "authorId": "2117919823",
                    "name": "Xueqing Wu"
                },
                {
                    "authorId": "2144155461",
                    "name": "Jiacheng Zhang"
                },
                {
                    "authorId": "2118385020",
                    "name": "Hang Li"
                }
            ],
            "doi": "10.18653/v1/2022.acl-long.180",
            "intent": [],
            "isInfluential": false,
            "paperId": "0a06ec55462aa5c438a776fd8ca7d6f3bd1c9088",
            "title": "Text-to-Table: A New Way of Information Extraction",
            "url": "https://www.semanticscholar.org/paper/0a06ec55462aa5c438a776fd8ca7d6f3bd1c9088",
            "venue": "ACL",
            "year": 2021
        },
        {
            "arxivId": "2106.01074",
            "authors": [
                {
                    "authorId": "2053211210",
                    "name": "James Thorne"
                },
                {
                    "authorId": "69910001",
                    "name": "Majid Yazdani"
                },
                {
                    "authorId": "2073055",
                    "name": "Marzieh Saeidi"
                },
                {
                    "authorId": "144925193",
                    "name": "F. Silvestri"
                },
                {
                    "authorId": "48662861",
                    "name": "Sebastian Riedel"
                },
                {
                    "authorId": "1770962",
                    "name": "A. Halevy"
                }
            ],
            "doi": "10.18653/v1/2021.acl-long.241",
            "intent": [],
            "isInfluential": false,
            "paperId": "16529f7194bf7faee8a4e43fd54aefeb8730f236",
            "title": "Database reasoning over text",
            "url": "https://www.semanticscholar.org/paper/16529f7194bf7faee8a4e43fd54aefeb8730f236",
            "venue": "ACL",
            "year": 2021
        },
        {
            "arxivId": null,
            "authors": [
                {
                    "authorId": "2053211210",
                    "name": "James Thorne"
                },
                {
                    "authorId": "69910001",
                    "name": "Majid Yazdani"
                },
                {
                    "authorId": "2073055",
                    "name": "Marzieh Saeidi"
                },
                {
                    "authorId": "144925193",
                    "name": "F. Silvestri"
                },
                {
                    "authorId": "48662861",
                    "name": "Sebastian Riedel"
                },
                {
                    "authorId": "1770962",
                    "name": "A. Halevy"
                }
            ],
            "doi": "10.14778/3447689.3447706",
            "intent": [],
            "isInfluential": false,
            "paperId": "7ef33fd5b0ef0c4de42cf0afdc9f7dfb0f430b20",
            "title": "From Natural Language Processing to Neural Databases",
            "url": "https://www.semanticscholar.org/paper/7ef33fd5b0ef0c4de42cf0afdc9f7dfb0f430b20",
            "venue": "Proc. VLDB Endow.",
            "year": 2021
        },
        {
            "arxivId": "2005.11401",
            "authors": [
                {
                    "authorId": "145222654",
                    "name": "Patrick Lewis"
                },
                {
                    "authorId": "3439053",
                    "name": "Ethan Perez"
                },
                {
                    "authorId": "1716179427",
                    "name": "Aleksandara Piktus"
                },
                {
                    "authorId": "40052301",
                    "name": "F. Petroni"
                },
                {
                    "authorId": "2067091563",
                    "name": "Vladimir Karpukhin"
                },
                {
                    "authorId": "39589154",
                    "name": "Naman Goyal"
                },
                {
                    "authorId": "103131985",
                    "name": "Heinrich Kuttler"
                },
                {
                    "authorId": "35084211",
                    "name": "M. Lewis"
                },
                {
                    "authorId": "144105277",
                    "name": "Wen-tau Yih"
                },
                {
                    "authorId": "2620211",
                    "name": "Tim Rockt\u00e4schel"
                },
                {
                    "authorId": "48662861",
                    "name": "Sebastian Riedel"
                },
                {
                    "authorId": "1743722",
                    "name": "Douwe Kiela"
                }
            ],
            "doi": null,
            "intent": [],
            "isInfluential": false,
            "paperId": "58ed1fbaabe027345f7bb3a6312d41c5aac63e22",
            "title": "Retrieval-Augmented Generation for Knowledge-Intensive NLP Tasks",
            "url": "https://www.semanticscholar.org/paper/58ed1fbaabe027345f7bb3a6312d41c5aac63e22",
            "venue": "NeurIPS",
            "year": 2020
        },
        {
            "arxivId": "2005.08314",
            "authors": [
                {
                    "authorId": "38253388",
                    "name": "Pengcheng Yin"
                },
                {
                    "authorId": "1700325",
                    "name": "Graham Neubig"
                },
                {
                    "authorId": "144105277",
                    "name": "Wen-tau Yih"
                },
                {
                    "authorId": "48662861",
                    "name": "Sebastian Riedel"
                }
            ],
            "doi": "10.18653/v1/2020.acl-main.745",
            "intent": [],
            "isInfluential": false,
            "paperId": "a5b1d1cab073cb746a990b37d42dc7b67763f881",
            "title": "TaBERT: Pretraining for Joint Understanding of Textual and Tabular Data",
            "url": "https://www.semanticscholar.org/paper/a5b1d1cab073cb746a990b37d42dc7b67763f881",
            "venue": "ACL",
            "year": 2020
        },
        {
            "arxivId": "2004.00584",
            "authors": [
                {
                    "authorId": "47001493",
                    "name": "Yuliang Li"
                },
                {
                    "authorId": null,
                    "name": "Jinfeng Li"
                },
                {
                    "authorId": "38844482",
                    "name": "Yoshihiko Suhara"
                },
                {
                    "authorId": "3030274",
                    "name": "A. Doan"
                },
                {
                    "authorId": "34582619",
                    "name": "W. Tan"
                }
            ],
            "doi": "10.14778/3421424.3421431",
            "intent": [],
            "isInfluential": false,
            "paperId": "512f34906ddaefe885af2e5eec9b2b3b50ffd377",
            "title": "Deep entity matching with pre-trained language models",
            "url": "https://www.semanticscholar.org/paper/512f34906ddaefe885af2e5eec9b2b3b50ffd377",
            "venue": "Proc. VLDB Endow.",
            "year": 2020
        },
        {
            "arxivId": null,
            "authors": [
                {
                    "authorId": "2708735",
                    "name": "Tomohiro Manabe"
                },
                {
                    "authorId": "2792621",
                    "name": "Keishi Tajima"
                }
            ],
            "doi": "10.14778/2824032.2824058",
            "intent": [],
            "isInfluential": false,
            "paperId": "734cbe43c769314a3df4c1cb828da8ee7491cbb3",
            "title": "Extracting Logical Hierarchical Structure of HTML Documents Based on Headings",
            "url": "https://www.semanticscholar.org/paper/734cbe43c769314a3df4c1cb828da8ee7491cbb3",
            "venue": "Proc. VLDB Endow.",
            "year": 2015
        },
        {
            "arxivId": null,
            "authors": [
                {
                    "authorId": "1685296",
                    "name": "Eugene Agichtein"
                },
                {
                    "authorId": "1684012",
                    "name": "L. Gravano"
                }
            ],
            "doi": "10.1145/336597.336644",
            "intent": [],
            "isInfluential": false,
            "paperId": "cee045e890270abae65455667b292db355d53728",
            "title": "Snowball: extracting relations from large plain-text collections",
            "url": "https://www.semanticscholar.org/paper/cee045e890270abae65455667b292db355d53728",
            "venue": "DL '00",
            "year": 2000
        },
        {
            "arxivId": null,
            "authors": [
                {
                    "authorId": "40023347",
                    "name": "Mei Kobayashi"
                },
                {
                    "authorId": "2874038",
                    "name": "Koichi Takeda"
                }
            ],
            "doi": "10.1145/358923.358934",
            "intent": [],
            "isInfluential": false,
            "paperId": "baa3e2e80414a266a2a428fe3b525fd3cd05ace2",
            "title": "Information retrieval on the web",
            "url": "https://www.semanticscholar.org/paper/baa3e2e80414a266a2a428fe3b525fd3cd05ace2",
            "venue": "CSUR",
            "year": 2000
        },
        {
            "arxivId": null,
            "authors": [
                {
                    "authorId": "8551365",
                    "name": "N. Kushmerick"
                }
            ],
            "doi": "10.1016/S0004-3702(99)00100-9",
            "intent": [],
            "isInfluential": false,
            "paperId": "2f052f40a3307de1e45e11a3007a7552b36ebfc8",
            "title": "Wrapper induction: Efficiency and expressiveness",
            "url": "https://www.semanticscholar.org/paper/2f052f40a3307de1e45e11a3007a7552b36ebfc8",
            "venue": "Artif. Intell.",
            "year": 2000
        },
        {
            "arxivId": null,
            "authors": [
                {
                    "authorId": "69026873",
                    "name": "S. Abiteboul"
                },
                {
                    "authorId": "5963711",
                    "name": "P. Buneman"
                },
                {
                    "authorId": "144823759",
                    "name": "Dan Suciu"
                }
            ],
            "doi": null,
            "intent": [],
            "isInfluential": false,
            "paperId": "9fe28828368fa8d2bc0eafc11800a24f579da4da",
            "title": "Data on the Web: From Relations to Semistructured Data and XML",
            "url": "https://www.semanticscholar.org/paper/9fe28828368fa8d2bc0eafc11800a24f579da4da",
            "venue": "",
            "year": 1999
        },
        {
            "arxivId": null,
            "authors": [
                {
                    "authorId": "144434213",
                    "name": "J. McHugh"
                },
                {
                    "authorId": "69026873",
                    "name": "S. Abiteboul"
                },
                {
                    "authorId": "145383396",
                    "name": "Roy Goldman"
                },
                {
                    "authorId": "144259075",
                    "name": "D. Quass"
                },
                {
                    "authorId": "1737896",
                    "name": "J. Widom"
                }
            ],
            "doi": "10.1145/262762.262770",
            "intent": [],
            "isInfluential": false,
            "paperId": "099f9eccf15aed58801051148a5e937d05f4ede3",
            "title": "Lore: a database management system for semistructured data",
            "url": "https://www.semanticscholar.org/paper/099f9eccf15aed58801051148a5e937d05f4ede3",
            "venue": "SGMD",
            "year": 1997
        },
        {
            "arxivId": null,
            "authors": [
                {
                    "authorId": "69026873",
                    "name": "S. Abiteboul"
                }
            ],
            "doi": "10.1007/978-0-387-39940-9_3404",
            "intent": [],
            "isInfluential": false,
            "paperId": "da5abbdfe36b667d3e1459471289af7c02631d54",
            "title": "Querying Semi-Structured Data",
            "url": "https://www.semanticscholar.org/paper/da5abbdfe36b667d3e1459471289af7c02631d54",
            "venue": "Encyclopedia of Database Systems",
            "year": 1997
        },
        {
            "arxivId": null,
            "authors": [
                {
                    "authorId": "1695576",
                    "name": "J. Hellerstein"
                },
                {
                    "authorId": "145345023",
                    "name": "M. Stonebraker"
                }
            ],
            "doi": "10.1145/170035.170078",
            "intent": [],
            "isInfluential": false,
            "paperId": "58a7e4bbd4acb59264abab261e635f9daa1e4212",
            "title": "Predicate migration: optimizing queries with expensive predicates",
            "url": "https://www.semanticscholar.org/paper/58a7e4bbd4acb59264abab261e635f9daa1e4212",
            "venue": "SIGMOD Conference",
            "year": 1992
        },
        {
            "arxivId": null,
            "authors": [
                {
                    "authorId": "41016153",
                    "name": "Benjamin H\u00e4ttasch"
                },
                {
                    "authorId": "2158165084",
                    "name": "Jan-Micha Bodensohn"
                },
                {
                    "authorId": "2158652769",
                    "name": "Liane Vogel"
                },
                {
                    "authorId": "2067522077",
                    "name": "Matthias Urban"
                },
                {
                    "authorId": "2691974",
                    "name": "Carsten Binnig"
                }
            ],
            "doi": "10.18420/BTW2023-08",
            "intent": [],
            "isInfluential": false,
            "paperId": "7f55998298085c87cfbf1c3745212e5fb71719d4",
            "title": "WannaDB: Ad-hoc SQL Queries over Text Collections",
            "url": "https://www.semanticscholar.org/paper/7f55998298085c87cfbf1c3745212e5fb71719d4",
            "venue": "BTW",
            "year": 2023
        },
        {
            "arxivId": null,
            "authors": [
                {
                    "authorId": "48354042",
                    "name": "Zui Chen"
                },
                {
                    "authorId": "2082344591",
                    "name": "Zihui Gu"
                },
                {
                    "authorId": "50260667",
                    "name": "Lei Cao"
                },
                {
                    "authorId": "2108093985",
                    "name": "Ju Fan"
                },
                {
                    "authorId": "144478906",
                    "name": "S. Madden"
                },
                {
                    "authorId": "2213989628",
                    "name": "Nan Tang"
                }
            ],
            "doi": null,
            "intent": [],
            "isInfluential": false,
            "paperId": "6cbdb43a0c77529e225c68d2119551952ccf593e",
            "title": "Symphony: Towards Natural Language Query Answering over Multi-modal Data Lakes",
            "url": "https://www.semanticscholar.org/paper/6cbdb43a0c77529e225c68d2119551952ccf593e",
            "venue": "CIDR",
            "year": 2023
        },
        {
            "arxivId": null,
            "authors": [
                {
                    "authorId": "2586587",
                    "name": "Vikrambhai S. Sorathia"
                }
            ],
            "doi": "10.4018/978-1-60566-010-3.ch085",
            "intent": [],
            "isInfluential": false,
            "paperId": "4fc7a9485992abba7251f17c1bce67455f6a4fac",
            "title": "Data Provenance",
            "url": "https://www.semanticscholar.org/paper/4fc7a9485992abba7251f17c1bce67455f6a4fac",
            "venue": "Encyclopedia of Data Warehousing and Mining",
            "year": 2009
        },
        {
            "arxivId": null,
            "authors": [
                {
                    "authorId": "145163573",
                    "name": "A. Singhal"
                }
            ],
            "doi": null,
            "intent": [],
            "isInfluential": false,
            "paperId": "6ff7417332eb1af6d2b3383e1009d37986e32be2",
            "title": "Modern Information Retrieval : A Brief Overview",
            "url": "https://www.semanticscholar.org/paper/6ff7417332eb1af6d2b3383e1009d37986e32be2",
            "venue": "",
            "year": 2001
        }
    ],
    "s2FieldsOfStudy": [
        {
            "category": "Computer Science",
            "source": "external"
        },
        {
            "category": "Computer Science",
            "source": "s2-fos-model"
        }
    ],
    "title": "Towards Accurate and Efficient Document Analytics with Large Language Models",
    "topics": [],
    "url": "https://www.semanticscholar.org/paper/d115e707a26a8b0411ecbf18b8551506335ebfca",
    "venue": "arXiv.org",
    "year": 2024
}