{
    "abstract": "Large Language Models (LLMs) are shifting how scientific research is done. It is imperative to understand how researchers interact with these models and how scientific sub-communities like astronomy might benefit from them. However, there is currently no standard for evaluating the use of LLMs in astronomy. Therefore, we present the experimental design for an evaluation study on how astronomy researchers interact with LLMs. We deploy a Slack chatbot that can answer queries from users via Retrieval-Augmented Generation (RAG); these responses are grounded in astronomy papers from arXiv. We record and anonymize user questions and chatbot answers, user upvotes and downvotes to LLM responses, user feedback to the LLM, and retrieved documents and similarity scores with the query. Our data collection method will enable future dynamic evaluations of LLM tools for astronomy.",
    "arxivId": "2405.20389",
    "authors": [
        {
            "authorId": "2304359112",
            "name": "John F. Wu",
            "url": "https://www.semanticscholar.org/author/2304359112"
        },
        {
            "authorId": "2304328029",
            "name": "Alina Hyk",
            "url": "https://www.semanticscholar.org/author/2304328029"
        },
        {
            "authorId": "2304326876",
            "name": "Kiera McCormick",
            "url": "https://www.semanticscholar.org/author/2304326876"
        },
        {
            "authorId": "2305028965",
            "name": "Christine Ye",
            "url": "https://www.semanticscholar.org/author/2305028965"
        },
        {
            "authorId": "2304327443",
            "name": "Simone Astarita",
            "url": "https://www.semanticscholar.org/author/2304327443"
        },
        {
            "authorId": "2304326656",
            "name": "Elina Baral",
            "url": "https://www.semanticscholar.org/author/2304326656"
        },
        {
            "authorId": "2304327882",
            "name": "Jo Ciuca",
            "url": "https://www.semanticscholar.org/author/2304327882"
        },
        {
            "authorId": "2304326455",
            "name": "Jesse Cranney",
            "url": "https://www.semanticscholar.org/author/2304326455"
        },
        {
            "authorId": "2304326458",
            "name": "Anjalie Field",
            "url": "https://www.semanticscholar.org/author/2304326458"
        },
        {
            "authorId": "102239912",
            "name": "Kartheik G. Iyer",
            "url": "https://www.semanticscholar.org/author/102239912"
        },
        {
            "authorId": "2304327994",
            "name": "Philipp Koehn",
            "url": "https://www.semanticscholar.org/author/2304327994"
        },
        {
            "authorId": "2261411291",
            "name": "Jenn Kotler",
            "url": "https://www.semanticscholar.org/author/2261411291"
        },
        {
            "authorId": "143919054",
            "name": "S. Kruk",
            "url": "https://www.semanticscholar.org/author/143919054"
        },
        {
            "authorId": "102521413",
            "name": "M. Ntampaka",
            "url": "https://www.semanticscholar.org/author/102521413"
        },
        {
            "authorId": "2239094893",
            "name": "Charlie O'Neill",
            "url": "https://www.semanticscholar.org/author/2239094893"
        },
        {
            "authorId": "2239094501",
            "name": "J. Peek",
            "url": "https://www.semanticscholar.org/author/2239094501"
        },
        {
            "authorId": "2304363145",
            "name": "Sanjib Sharma",
            "url": "https://www.semanticscholar.org/author/2304363145"
        },
        {
            "authorId": "2304327409",
            "name": "Mikaeel Yunus",
            "url": "https://www.semanticscholar.org/author/2304327409"
        }
    ],
    "citationVelocity": 0,
    "citations": [
        {
            "arxivId": "2407.12861",
            "authors": [
                {
                    "authorId": "147751058",
                    "name": "Ori Press"
                },
                {
                    "authorId": "2311885568",
                    "name": "Andreas Hochlehnert"
                },
                {
                    "authorId": "2311885852",
                    "name": "Ameya Prabhu"
                },
                {
                    "authorId": "114284760",
                    "name": "Vishaal Udandarao"
                },
                {
                    "authorId": "40170001",
                    "name": "Ofir Press"
                },
                {
                    "authorId": "2256998402",
                    "name": "Matthias Bethge"
                }
            ],
            "doi": "10.48550/arXiv.2407.12861",
            "intent": [
                "background"
            ],
            "isInfluential": false,
            "paperId": "4cd491391b5cd1866535ac95cfcb52e1779c40a1",
            "title": "CiteME: Can Language Models Accurately Cite Scientific Claims?",
            "url": "https://www.semanticscholar.org/paper/4cd491391b5cd1866535ac95cfcb52e1779c40a1",
            "venue": "ArXiv",
            "year": 2024
        }
    ],
    "corpusId": 270199896,
    "doi": "10.48550/arXiv.2405.20389",
    "fieldsOfStudy": [
        "Computer Science",
        "Physics"
    ],
    "influentialCitationCount": 0,
    "isOpenAccess": false,
    "isPublisherLicensed": true,
    "is_open_access": false,
    "is_publisher_licensed": true,
    "numCitedBy": 1,
    "numCiting": 20,
    "paperId": "5b298fed1ab0a77b5b11d19acf56c47f5fdbc2ef",
    "references": [
        {
            "arxivId": "2401.01916",
            "authors": [
                {
                    "authorId": "2239094950",
                    "name": "Ernest Perkowski"
                },
                {
                    "authorId": "2277742348",
                    "name": "Rui Pan"
                },
                {
                    "authorId": "2116225572",
                    "name": "Tuan Dung Nguyen"
                },
                {
                    "authorId": "2239095445",
                    "name": "Yuan-Sen Ting"
                },
                {
                    "authorId": "143919054",
                    "name": "S. Kruk"
                },
                {
                    "authorId": "2277995554",
                    "name": "Tong Zhang"
                },
                {
                    "authorId": "2239094893",
                    "name": "Charlie O'Neill"
                },
                {
                    "authorId": "2239094677",
                    "name": "Maja Jab\u0142o\u0144ska"
                },
                {
                    "authorId": "2239167308",
                    "name": "Ze-Chang Sun"
                },
                {
                    "authorId": "2303355506",
                    "name": "Michael J. Smith"
                },
                {
                    "authorId": "2278386877",
                    "name": "Huiling Liu"
                },
                {
                    "authorId": "2277740967",
                    "name": "Kevin Schawinski"
                },
                {
                    "authorId": "102239912",
                    "name": "Kartheik G. Iyer"
                },
                {
                    "authorId": "50062876",
                    "name": "I. Ciuc\u0103"
                }
            ],
            "doi": "10.3847/2515-5172/ad1abe",
            "intent": [],
            "isInfluential": false,
            "paperId": "60f47874beb5f00364f8621410d1d34c37d11007",
            "title": "AstroLLaMA-Chat: Scaling AstroLLaMA with Conversational and Diverse Datasets",
            "url": "https://www.semanticscholar.org/paper/60f47874beb5f00364f8621410d1d34c37d11007",
            "venue": "Research Notes of the AAS",
            "year": 2024
        },
        {
            "arxivId": "2312.10997",
            "authors": [
                {
                    "authorId": "2280046531",
                    "name": "Yunfan Gao"
                },
                {
                    "authorId": "2275320371",
                    "name": "Yun Xiong"
                },
                {
                    "authorId": "2275341478",
                    "name": "Xinyu Gao"
                },
                {
                    "authorId": "2275191447",
                    "name": "Kangxiang Jia"
                },
                {
                    "authorId": "2275530552",
                    "name": "Jinliu Pan"
                },
                {
                    "authorId": "2275171009",
                    "name": "Yuxi Bi"
                },
                {
                    "authorId": "2276187454",
                    "name": "Yi Dai"
                },
                {
                    "authorId": "2275540959",
                    "name": "Jiawei Sun"
                },
                {
                    "authorId": "2258800561",
                    "name": "Qianyu Guo"
                },
                {
                    "authorId": "2291409458",
                    "name": "Meng Wang"
                },
                {
                    "authorId": "2256769434",
                    "name": "Haofen Wang"
                }
            ],
            "doi": "10.48550/arXiv.2312.10997",
            "intent": [
                "background"
            ],
            "isInfluential": false,
            "paperId": "46f9f7b8f88f72e12cbdb21e3311f995eb6e65c5",
            "title": "Retrieval-Augmented Generation for Large Language Models: A Survey",
            "url": "https://www.semanticscholar.org/paper/46f9f7b8f88f72e12cbdb21e3311f995eb6e65c5",
            "venue": "ArXiv",
            "year": 2023
        },
        {
            "arxivId": "2309.06126",
            "authors": [
                {
                    "authorId": "2116225572",
                    "name": "Tuan Dung Nguyen"
                },
                {
                    "authorId": "2239095445",
                    "name": "Yuan-Sen Ting"
                },
                {
                    "authorId": "50062876",
                    "name": "I. Ciuc\u0103"
                },
                {
                    "authorId": "2239094893",
                    "name": "Charlie O'Neill"
                },
                {
                    "authorId": "2239167308",
                    "name": "Ze-Chang Sun"
                },
                {
                    "authorId": "2239094677",
                    "name": "Maja Jab\u0142o\u0144ska"
                },
                {
                    "authorId": "143919054",
                    "name": "S. Kruk"
                },
                {
                    "authorId": "2239094950",
                    "name": "Ernest Perkowski"
                },
                {
                    "authorId": "2229023715",
                    "name": "Jack William Miller"
                },
                {
                    "authorId": "2239158695",
                    "name": "Jason Li"
                },
                {
                    "authorId": "2239094501",
                    "name": "J. Peek"
                },
                {
                    "authorId": "102239912",
                    "name": "Kartheik G. Iyer"
                },
                {
                    "authorId": "2142546267",
                    "name": "Tomasz R'o.za'nski"
                },
                {
                    "authorId": "2239095448",
                    "name": "P. Khetarpal"
                },
                {
                    "authorId": "2239094542",
                    "name": "Sharaf Zaman"
                },
                {
                    "authorId": "101726491",
                    "name": "D. Brodrick"
                },
                {
                    "authorId": "2125183970",
                    "name": "Sergio J. Rodr'iguez M'endez"
                },
                {
                    "authorId": "2229238231",
                    "name": "Thang Bui"
                },
                {
                    "authorId": "2239094775",
                    "name": "Alyssa Goodman"
                },
                {
                    "authorId": "2751757",
                    "name": "A. Accomazzi"
                },
                {
                    "authorId": "2239094393",
                    "name": "J. P. Naiman"
                },
                {
                    "authorId": "2401845",
                    "name": "Jesse Cranney"
                },
                {
                    "authorId": "6552704",
                    "name": "K. Schawinski"
                },
                {
                    "authorId": "2239094383",
                    "name": "UniverseTBD"
                }
            ],
            "doi": "10.48550/arXiv.2309.06126",
            "intent": [
                "background"
            ],
            "isInfluential": false,
            "paperId": "e33a538e80d1877782df26e1493f5adc661ceec4",
            "title": "AstroLLaMA: Towards Specialized Foundation Models in Astronomy",
            "url": "https://www.semanticscholar.org/paper/e33a538e80d1877782df26e1493f5adc661ceec4",
            "venue": "WIESP",
            "year": 2023
        },
        {
            "arxivId": "2306.11648",
            "authors": [
                {
                    "authorId": "50062876",
                    "name": "I. Ciuc\u0103"
                },
                {
                    "authorId": "93622633",
                    "name": "Y. Ting"
                },
                {
                    "authorId": "143919054",
                    "name": "S. Kruk"
                },
                {
                    "authorId": "102239912",
                    "name": "Kartheik G. Iyer"
                }
            ],
            "doi": "10.48550/arXiv.2306.11648",
            "intent": [
                "background"
            ],
            "isInfluential": false,
            "paperId": "91099bbb96133c70db091041900ecff502a5e3a8",
            "title": "Harnessing the Power of Adversarial Prompting and Large Language Models for Robust Hypothesis Generation in Astronomy",
            "url": "https://www.semanticscholar.org/paper/91099bbb96133c70db091041900ecff502a5e3a8",
            "venue": "ArXiv",
            "year": 2023
        },
        {
            "arxivId": "2305.13252",
            "authors": [
                {
                    "authorId": "47433471",
                    "name": "Orion Weller"
                },
                {
                    "authorId": "82893387",
                    "name": "Marc Marone"
                },
                {
                    "authorId": "38912638",
                    "name": "Nathaniel Weir"
                },
                {
                    "authorId": "2539674",
                    "name": "Dawn J Lawrie"
                },
                {
                    "authorId": "1783281",
                    "name": "Daniel Khashabi"
                },
                {
                    "authorId": "7536576",
                    "name": "Benjamin Van Durme"
                }
            ],
            "doi": null,
            "intent": [
                "background"
            ],
            "isInfluential": false,
            "paperId": "41a41c75ba336dec98d58c563605f261019e5df0",
            "title": "\u201cAccording to . . . \u201d: Prompting Language Models Improves Quoting from Pre-Training Data",
            "url": "https://www.semanticscholar.org/paper/41a41c75ba336dec98d58c563605f261019e5df0",
            "venue": "EACL",
            "year": 2023
        },
        {
            "arxivId": "2304.05406",
            "authors": [
                {
                    "authorId": "50062876",
                    "name": "I. Ciuc\u0103"
                },
                {
                    "authorId": "93622633",
                    "name": "Y. Ting"
                }
            ],
            "doi": "10.48550/arXiv.2304.05406",
            "intent": [
                "background"
            ],
            "isInfluential": false,
            "paperId": "4ed22959e6cd713f1440e4eaee0e454fe9db48b1",
            "title": "Galactic ChitChat: Using Large Language Models to Converse with Astronomy Literature",
            "url": "https://www.semanticscholar.org/paper/4ed22959e6cd713f1440e4eaee0e454fe9db48b1",
            "venue": "Research Notes of the AAS",
            "year": 2023
        },
        {
            "arxivId": "2211.09085",
            "authors": [
                {
                    "authorId": "2110697298",
                    "name": "Ross Taylor"
                },
                {
                    "authorId": "2059886128",
                    "name": "Marcin Kardas"
                },
                {
                    "authorId": "7153363",
                    "name": "Guillem Cucurull"
                },
                {
                    "authorId": "90745780",
                    "name": "Thomas Scialom"
                },
                {
                    "authorId": "4305645",
                    "name": "A. Hartshorn"
                },
                {
                    "authorId": "2018367",
                    "name": "Elvis Saravia"
                },
                {
                    "authorId": "38579672",
                    "name": "Andrew Poulton"
                },
                {
                    "authorId": "2190957318",
                    "name": "Viktor Kerkez"
                },
                {
                    "authorId": "1962768",
                    "name": "Robert Stojnic"
                }
            ],
            "doi": "10.48550/arXiv.2211.09085",
            "intent": [
                "methodology"
            ],
            "isInfluential": false,
            "paperId": "7d645a3fd276918374fd9483fd675c28e46506d1",
            "title": "Galactica: A Large Language Model for Science",
            "url": "https://www.semanticscholar.org/paper/7d645a3fd276918374fd9483fd675c28e46506d1",
            "venue": "ArXiv",
            "year": 2022
        },
        {
            "arxivId": "2202.03629",
            "authors": [
                {
                    "authorId": "3391272",
                    "name": "Ziwei Ji"
                },
                {
                    "authorId": "40221187",
                    "name": "Nayeon Lee"
                },
                {
                    "authorId": "1397300094",
                    "name": "Rita Frieske"
                },
                {
                    "authorId": "1660855299",
                    "name": "Tiezheng Yu"
                },
                {
                    "authorId": "49678544",
                    "name": "D. Su"
                },
                {
                    "authorId": "98271906",
                    "name": "Yan Xu"
                },
                {
                    "authorId": "38524906",
                    "name": "Etsuko Ishii"
                },
                {
                    "authorId": "23672613",
                    "name": "Yejin Bang"
                },
                {
                    "authorId": "94210578",
                    "name": "Delong Chen"
                },
                {
                    "authorId": "47653392",
                    "name": "Wenliang Dai"
                },
                {
                    "authorId": "2111680936",
                    "name": "Andrea Madotto"
                },
                {
                    "authorId": "40539650",
                    "name": "Pascale Fung"
                }
            ],
            "doi": "10.1145/3571730",
            "intent": [
                "background"
            ],
            "isInfluential": false,
            "paperId": "3def68bd0f856886d34272840a7f81588f2bc082",
            "title": "Survey of Hallucination in Natural Language Generation",
            "url": "https://www.semanticscholar.org/paper/3def68bd0f856886d34272840a7f81588f2bc082",
            "venue": "ACM Comput. Surv.",
            "year": 2022
        },
        {
            "arxivId": "2104.07567",
            "authors": [
                {
                    "authorId": "35752280",
                    "name": "Kurt Shuster"
                },
                {
                    "authorId": "1753626755",
                    "name": "Spencer Poff"
                },
                {
                    "authorId": "2108267192",
                    "name": "Moya Chen"
                },
                {
                    "authorId": "1743722",
                    "name": "Douwe Kiela"
                },
                {
                    "authorId": "145183709",
                    "name": "J. Weston"
                }
            ],
            "doi": "10.18653/v1/2021.findings-emnlp.320",
            "intent": [
                "background"
            ],
            "isInfluential": false,
            "paperId": "a2a7033a5a859e3a6e6f0a83018326400b4c5faa",
            "title": "Retrieval Augmentation Reduces Hallucination in Conversation",
            "url": "https://www.semanticscholar.org/paper/a2a7033a5a859e3a6e6f0a83018326400b4c5faa",
            "venue": "EMNLP",
            "year": 2021
        },
        {
            "arxivId": "2005.14165",
            "authors": [
                {
                    "authorId": "31035595",
                    "name": "Tom B. Brown"
                },
                {
                    "authorId": "2056658938",
                    "name": "Benjamin Mann"
                },
                {
                    "authorId": "39849748",
                    "name": "Nick Ryder"
                },
                {
                    "authorId": "2065894334",
                    "name": "Melanie Subbiah"
                },
                {
                    "authorId": "152724169",
                    "name": "J. Kaplan"
                },
                {
                    "authorId": "6515819",
                    "name": "Prafulla Dhariwal"
                },
                {
                    "authorId": "2072676",
                    "name": "Arvind Neelakantan"
                },
                {
                    "authorId": "67311962",
                    "name": "Pranav Shyam"
                },
                {
                    "authorId": "144864359",
                    "name": "Girish Sastry"
                },
                {
                    "authorId": "119609682",
                    "name": "Amanda Askell"
                },
                {
                    "authorId": "144517868",
                    "name": "Sandhini Agarwal"
                },
                {
                    "authorId": "1404060687",
                    "name": "Ariel Herbert-Voss"
                },
                {
                    "authorId": "2064404342",
                    "name": "Gretchen Krueger"
                },
                {
                    "authorId": "103143311",
                    "name": "T. Henighan"
                },
                {
                    "authorId": "48422824",
                    "name": "R. Child"
                },
                {
                    "authorId": "1992922591",
                    "name": "A. Ramesh"
                },
                {
                    "authorId": "2052152920",
                    "name": "Daniel M. Ziegler"
                },
                {
                    "authorId": "49387725",
                    "name": "Jeff Wu"
                },
                {
                    "authorId": "2059411355",
                    "name": "Clemens Winter"
                },
                {
                    "authorId": "144239765",
                    "name": "Christopher Hesse"
                },
                {
                    "authorId": "2108828435",
                    "name": "Mark Chen"
                },
                {
                    "authorId": "2064673055",
                    "name": "Eric Sigler"
                },
                {
                    "authorId": "1380985420",
                    "name": "Ma-teusz Litwin"
                },
                {
                    "authorId": "145565184",
                    "name": "Scott Gray"
                },
                {
                    "authorId": "1490681878",
                    "name": "B. Chess"
                },
                {
                    "authorId": "2115193883",
                    "name": "Jack Clark"
                },
                {
                    "authorId": "133740015",
                    "name": "Christopher Berner"
                },
                {
                    "authorId": "52238703",
                    "name": "Sam McCandlish"
                },
                {
                    "authorId": "38909097",
                    "name": "Alec Radford"
                },
                {
                    "authorId": "1701686",
                    "name": "I. Sutskever"
                },
                {
                    "authorId": "2698777",
                    "name": "Dario Amodei"
                }
            ],
            "doi": null,
            "intent": [
                "background"
            ],
            "isInfluential": false,
            "paperId": "90abbc2cf38462b954ae1b772fac9532e2ccd8b0",
            "title": "Language Models are Few-Shot Learners",
            "url": "https://www.semanticscholar.org/paper/90abbc2cf38462b954ae1b772fac9532e2ccd8b0",
            "venue": "NeurIPS",
            "year": 2020
        },
        {
            "arxivId": "2005.11401",
            "authors": [
                {
                    "authorId": "145222654",
                    "name": "Patrick Lewis"
                },
                {
                    "authorId": "3439053",
                    "name": "Ethan Perez"
                },
                {
                    "authorId": "1716179427",
                    "name": "Aleksandara Piktus"
                },
                {
                    "authorId": "40052301",
                    "name": "F. Petroni"
                },
                {
                    "authorId": "2067091563",
                    "name": "Vladimir Karpukhin"
                },
                {
                    "authorId": "39589154",
                    "name": "Naman Goyal"
                },
                {
                    "authorId": "103131985",
                    "name": "Heinrich Kuttler"
                },
                {
                    "authorId": "35084211",
                    "name": "M. Lewis"
                },
                {
                    "authorId": "144105277",
                    "name": "Wen-tau Yih"
                },
                {
                    "authorId": "2620211",
                    "name": "Tim Rockt\u00e4schel"
                },
                {
                    "authorId": "48662861",
                    "name": "Sebastian Riedel"
                },
                {
                    "authorId": "1743722",
                    "name": "Douwe Kiela"
                }
            ],
            "doi": null,
            "intent": [
                "methodology"
            ],
            "isInfluential": false,
            "paperId": "58ed1fbaabe027345f7bb3a6312d41c5aac63e22",
            "title": "Retrieval-Augmented Generation for Knowledge-Intensive NLP Tasks",
            "url": "https://www.semanticscholar.org/paper/58ed1fbaabe027345f7bb3a6312d41c5aac63e22",
            "venue": "NeurIPS",
            "year": 2020
        },
        {
            "arxivId": "2004.12832",
            "authors": [
                {
                    "authorId": "144112155",
                    "name": "O. Khattab"
                },
                {
                    "authorId": "143834867",
                    "name": "M. Zaharia"
                }
            ],
            "doi": "10.1145/3397271.3401075",
            "intent": [
                "methodology"
            ],
            "isInfluential": false,
            "paperId": "60b8ad6177230ad5402af409a6edb5af441baeb4",
            "title": "ColBERT: Efficient and Effective Passage Search via Contextualized Late Interaction over BERT",
            "url": "https://www.semanticscholar.org/paper/60b8ad6177230ad5402af409a6edb5af441baeb4",
            "venue": "SIGIR",
            "year": 2020
        },
        {
            "arxivId": "1908.10084",
            "authors": [
                {
                    "authorId": "2959414",
                    "name": "Nils Reimers"
                },
                {
                    "authorId": "1730400",
                    "name": "Iryna Gurevych"
                }
            ],
            "doi": "10.18653/v1/D19-1410",
            "intent": [
                "methodology"
            ],
            "isInfluential": false,
            "paperId": "93d63ec754f29fa22572615320afe0521f7ec66d",
            "title": "Sentence-BERT: Sentence Embeddings using Siamese BERT-Networks",
            "url": "https://www.semanticscholar.org/paper/93d63ec754f29fa22572615320afe0521f7ec66d",
            "venue": "EMNLP",
            "year": 2019
        },
        {
            "arxivId": "1901.04085",
            "authors": [
                {
                    "authorId": "143744603",
                    "name": "Rodrigo Nogueira"
                },
                {
                    "authorId": "1979489",
                    "name": "Kyunghyun Cho"
                }
            ],
            "doi": null,
            "intent": [
                "background"
            ],
            "isInfluential": false,
            "paperId": "85e07116316e686bf787114ba10ca60f4ea7c5b2",
            "title": "Passage Re-ranking with BERT",
            "url": "https://www.semanticscholar.org/paper/85e07116316e686bf787114ba10ca60f4ea7c5b2",
            "venue": "ArXiv",
            "year": 2019
        },
        {
            "arxivId": "astro-ph/0002104",
            "authors": [
                {
                    "authorId": "2673629",
                    "name": "Michael J. Kurtz"
                },
                {
                    "authorId": "2072179453",
                    "name": "G. Eichhorn"
                },
                {
                    "authorId": "2751757",
                    "name": "A. Accomazzi"
                },
                {
                    "authorId": "144687768",
                    "name": "C. Grant"
                },
                {
                    "authorId": "2119020624",
                    "name": "S. S. Murray"
                },
                {
                    "authorId": "2113389303",
                    "name": "J. M. Watson"
                }
            ],
            "doi": "10.1051/aas:2000170",
            "intent": [],
            "isInfluential": false,
            "paperId": "61abe0150e85bbebb8c6ad4fc0abc7541a324e8d",
            "title": "The NASA Astrophysics Data System: Overview",
            "url": "https://www.semanticscholar.org/paper/61abe0150e85bbebb8c6ad4fc0abc7541a324e8d",
            "venue": "",
            "year": 2000
        },
        {
            "arxivId": null,
            "authors": [
                {
                    "authorId": "50702287",
                    "name": "G. J. Kinney"
                }
            ],
            "doi": "10.1177/000313137302300134",
            "intent": [
                "background"
            ],
            "isInfluential": false,
            "paperId": "8b49ed10fa0dca062af3adb75890c391546d9fb7",
            "title": "Reviewer",
            "url": "https://www.semanticscholar.org/paper/8b49ed10fa0dca062af3adb75890c391546d9fb7",
            "venue": "2021 IEEE Secure Development Conference (SecDev)",
            "year": 1973
        }
    ],
    "s2FieldsOfStudy": [
        {
            "category": "Computer Science",
            "source": "external"
        },
        {
            "category": "Physics",
            "source": "external"
        },
        {
            "category": "Physics",
            "source": "s2-fos-model"
        },
        {
            "category": "Computer Science",
            "source": "s2-fos-model"
        }
    ],
    "title": "Designing an Evaluation Framework for Large Language Models in Astronomy Research",
    "topics": [],
    "url": "https://www.semanticscholar.org/paper/5b298fed1ab0a77b5b11d19acf56c47f5fdbc2ef",
    "venue": "arXiv.org",
    "year": 2024
}