{
    "abstract": "Many existing evaluation benchmarks for Large Language Models (LLMs) quickly become outdated due to the emergence of new models and training data. These benchmarks also fall short in assessing how LLM performance changes over time, as they consist of static questions without a temporal dimension. To address these limitations, we propose using future event prediction as a continuous evaluation method to assess LLMs' temporal generalization and forecasting abilities. Our benchmark, Daily Oracle, automatically generates question-answer (QA) pairs from daily news, challenging LLMs to predict\"future\"event outcomes. Our findings reveal that as pre-training data becomes outdated, LLM performance degrades over time. While Retrieval Augmented Generation (RAG) has the potential to enhance prediction accuracy, the performance degradation pattern persists, highlighting the need for continuous model updates.",
    "arxivId": "2411.08324",
    "authors": [
        {
            "authorId": "2330997090",
            "name": "Hui Dai",
            "url": "https://www.semanticscholar.org/author/2330997090"
        },
        {
            "authorId": "2131107966",
            "name": "Ryan Teehan",
            "url": "https://www.semanticscholar.org/author/2131107966"
        },
        {
            "authorId": "2314824423",
            "name": "Mengye Ren",
            "url": "https://www.semanticscholar.org/author/2314824423"
        }
    ],
    "citationVelocity": 0,
    "citations": [],
    "corpusId": 273993256,
    "doi": null,
    "fieldsOfStudy": [
        "Computer Science"
    ],
    "influentialCitationCount": 0,
    "isOpenAccess": false,
    "isPublisherLicensed": true,
    "is_open_access": false,
    "is_publisher_licensed": true,
    "numCitedBy": 0,
    "numCiting": 0,
    "paperId": "71cff14441bd46b9dee2b70a8d99b282a9ea87fe",
    "references": [],
    "s2FieldsOfStudy": [
        {
            "category": "Computer Science",
            "source": "external"
        },
        {
            "category": "Computer Science",
            "source": "s2-fos-model"
        }
    ],
    "title": "Are LLMs Prescient? A Continuous Evaluation using Daily News as the Oracle",
    "topics": [],
    "url": "https://www.semanticscholar.org/paper/71cff14441bd46b9dee2b70a8d99b282a9ea87fe",
    "venue": "",
    "year": 2024
}