{
    "abstract": "This article presents the QUASAR system for question answering over unstructured text, structured tables, and knowledge graphs, with unified treatment of all sources. The system adopts a RAG-based architecture, with a pipeline of evidence retrieval followed by answer generation, with the latter powered by a moderate-sized language model. Additionally and uniquely, QUASAR has components for question understanding, to derive crisper input for evidence retrieval, and for re-ranking and filtering the retrieved evidence before feeding the most informative pieces into the answer generation. Experiments with three different benchmarks demonstrate the high answering quality of our approach, being on par with or better than large GPT models, while keeping the computational cost and energy consumption orders of magnitude lower.",
    "arxivId": "2412.07420",
    "authors": [
        {
            "authorId": "1389567580",
            "name": "Philipp Christmann",
            "url": "https://www.semanticscholar.org/author/1389567580"
        },
        {
            "authorId": "2286476459",
            "name": "G. Weikum",
            "url": "https://www.semanticscholar.org/author/2286476459"
        }
    ],
    "citationVelocity": 0,
    "citations": [],
    "corpusId": 274610457,
    "doi": null,
    "fieldsOfStudy": [
        "Computer Science"
    ],
    "influentialCitationCount": 0,
    "isOpenAccess": false,
    "isPublisherLicensed": true,
    "is_open_access": false,
    "is_publisher_licensed": true,
    "numCitedBy": 0,
    "numCiting": 0,
    "paperId": "0c721becb8a86b73822941071f782535f2b7619c",
    "references": [],
    "s2FieldsOfStudy": [
        {
            "category": "Computer Science",
            "source": "external"
        },
        {
            "category": "Computer Science",
            "source": "s2-fos-model"
        }
    ],
    "title": "RAG-based Question Answering over Heterogeneous Data and Text",
    "topics": [],
    "url": "https://www.semanticscholar.org/paper/0c721becb8a86b73822941071f782535f2b7619c",
    "venue": "",
    "year": 2024
}