{
    "abstract": "LLMs can help humans working with long documents, but are known to hallucinate. *Attribution* can increase trust in LLM responses: The LLM provides evidence that supports its response, which enhances verifiability. Existing approaches to attribution have only been evaluated in RAG settings, where the initial retrieval confounds LLM performance. This is crucially different from the long document setting, where retrieval is not needed, but could help. Thus, a long document specific evaluation of attribution is missing. To fill this gap, we present LAB, a benchmark of 6 diverse long document tasks with attribution, and experiments with different approaches to attribution on 5 LLMs of different sizes. We find that *citation*, i.e. response generation and evidence extraction in one step, performs best for large and fine-tuned models, while additional retrieval can help for small, prompted models. We investigate whether the \u201cLost in the Middle\u201d phenomenon exists for attribution, but do not find this. We also find that evidence quality can predict response quality on datasets with simple responses, but not so for complex responses, as models struggle with providing evidence for complex claims. We release code and data for further investigation. [Link](https://github.com/UKPLab/arxiv2024-attribute-or-abstain)",
    "arxivId": "2407.07799",
    "authors": [
        {
            "authorId": "122228470",
            "name": "Jan Buchmann",
            "url": "https://www.semanticscholar.org/author/122228470"
        },
        {
            "authorId": "2310833946",
            "name": "Xiao Liu",
            "url": "https://www.semanticscholar.org/author/2310833946"
        },
        {
            "authorId": "2260340390",
            "name": "Iryna Gurevych",
            "url": "https://www.semanticscholar.org/author/2260340390"
        }
    ],
    "citationVelocity": 0,
    "citations": [
        {
            "arxivId": "2409.11242",
            "authors": [
                {
                    "authorId": "2321490522",
                    "name": "Maojia Song"
                },
                {
                    "authorId": "2321454465",
                    "name": "Shang Hong Sim"
                },
                {
                    "authorId": "3203533",
                    "name": "Rishabh Bhardwaj"
                },
                {
                    "authorId": "3024630",
                    "name": "Hai Leong Chieu"
                },
                {
                    "authorId": "35122767",
                    "name": "Navonil Majumder"
                },
                {
                    "authorId": "1746416",
                    "name": "Soujanya Poria"
                }
            ],
            "doi": "10.48550/arXiv.2409.11242",
            "intent": [],
            "isInfluential": false,
            "paperId": "da55dae285d8a71752accb00cb4ce1b41bc647eb",
            "title": "Measuring and Enhancing Trustworthiness of LLMs in RAG through Grounded Attributions and Learning to Refuse",
            "url": "https://www.semanticscholar.org/paper/da55dae285d8a71752accb00cb4ce1b41bc647eb",
            "venue": "ArXiv",
            "year": 2024
        }
    ],
    "corpusId": 271088889,
    "doi": "10.48550/arXiv.2407.07799",
    "fieldsOfStudy": [
        "Computer Science"
    ],
    "influentialCitationCount": 0,
    "isOpenAccess": false,
    "isPublisherLicensed": true,
    "is_open_access": false,
    "is_publisher_licensed": true,
    "numCitedBy": 1,
    "numCiting": 55,
    "paperId": "ed4460f7c7903720b3f52cfcc7947371eee2336d",
    "references": [
        {
            "arxivId": "2404.10774",
            "authors": [
                {
                    "authorId": "46815797",
                    "name": "Liyan Tang"
                },
                {
                    "authorId": "46180754",
                    "name": "Philippe Laban"
                },
                {
                    "authorId": "1814094",
                    "name": "Greg Durrett"
                }
            ],
            "doi": "10.48550/arXiv.2404.10774",
            "intent": [
                "background",
                "methodology"
            ],
            "isInfluential": true,
            "paperId": "d0489fd7c5ff833e08969341ae6e5fa1d0e6dd2a",
            "title": "MiniCheck: Efficient Fact-Checking of LLMs on Grounding Documents",
            "url": "https://www.semanticscholar.org/paper/d0489fd7c5ff833e08969341ae6e5fa1d0e6dd2a",
            "venue": "EMNLP",
            "year": 2024
        },
        {
            "arxivId": "2404.10513",
            "authors": [
                {
                    "authorId": "2077591838",
                    "name": "Moshe Berchansky"
                },
                {
                    "authorId": "2296788981",
                    "name": "Daniel Fleischer"
                },
                {
                    "authorId": "2134755",
                    "name": "Moshe Wasserblat"
                },
                {
                    "authorId": "2477428",
                    "name": "Peter Izsak"
                }
            ],
            "doi": "10.48550/arXiv.2404.10513",
            "intent": [
                "methodology"
            ],
            "isInfluential": false,
            "paperId": "545ef40143ad9e749571bf8607bb42fefd5f7cf5",
            "title": "CoTAR: Chain-of-Thought Attribution Reasoning with Multi-level Granularity",
            "url": "https://www.semanticscholar.org/paper/545ef40143ad9e749571bf8607bb42fefd5f7cf5",
            "venue": "EMNLP",
            "year": 2024
        },
        {
            "arxivId": "2404.03381",
            "authors": [
                {
                    "authorId": "50110151",
                    "name": "Constanza Fierro"
                },
                {
                    "authorId": "23181472",
                    "name": "Reinald Kim Amplayo"
                },
                {
                    "authorId": "2174667321",
                    "name": "Fantine Huot"
                },
                {
                    "authorId": "2294876765",
                    "name": "Nicola De Cao"
                },
                {
                    "authorId": "46219105",
                    "name": "Joshua Maynez"
                },
                {
                    "authorId": "143790499",
                    "name": "Shashi Narayan"
                },
                {
                    "authorId": "1747893",
                    "name": "Mirella Lapata"
                }
            ],
            "doi": "10.48550/arXiv.2404.03381",
            "intent": [
                "methodology"
            ],
            "isInfluential": false,
            "paperId": "aa3ae16d4350b8f472fec2bc0fbaaf6c83b6d5a8",
            "title": "Learning to Plan and Generate Text with Citations",
            "url": "https://www.semanticscholar.org/paper/aa3ae16d4350b8f472fec2bc0fbaaf6c83b6d5a8",
            "venue": "ACL",
            "year": 2024
        },
        {
            "arxivId": "2403.05004",
            "authors": [
                {
                    "authorId": "2290488259",
                    "name": "Devanshu Agrawal"
                },
                {
                    "authorId": "2290979698",
                    "name": "Shang Gao"
                },
                {
                    "authorId": "2290485097",
                    "name": "Martin Gajek"
                }
            ],
            "doi": "10.48550/arXiv.2403.05004",
            "intent": [
                "background"
            ],
            "isInfluential": false,
            "paperId": "bd0788f6908c0b3a5eb576e4f53999954391c9a7",
            "title": "Can't Remember Details in Long Documents? You Need Some R&R",
            "url": "https://www.semanticscholar.org/paper/bd0788f6908c0b3a5eb576e4f53999954391c9a7",
            "venue": "EMNLP",
            "year": 2024
        },
        {
            "arxivId": "2402.09906",
            "authors": [
                {
                    "authorId": "2037383772",
                    "name": "Niklas Muennighoff"
                },
                {
                    "authorId": "2152173042",
                    "name": "Hongjin Su"
                },
                {
                    "authorId": "145769448",
                    "name": "Liang Wang"
                },
                {
                    "authorId": "2242947624",
                    "name": "Nan Yang"
                },
                {
                    "authorId": "2257346447",
                    "name": "Furu Wei"
                },
                {
                    "authorId": "2284337890",
                    "name": "Tao Yu"
                },
                {
                    "authorId": "2284268811",
                    "name": "Amanpreet Singh"
                },
                {
                    "authorId": "2111313627",
                    "name": "Douwe Kiela"
                }
            ],
            "doi": "10.48550/arXiv.2402.09906",
            "intent": [],
            "isInfluential": false,
            "paperId": "0e8176ecced2a01ca3c7dc31e8a3f72d0a7d3767",
            "title": "Generative Representational Instruction Tuning",
            "url": "https://www.semanticscholar.org/paper/0e8176ecced2a01ca3c7dc31e8a3f72d0a7d3767",
            "venue": "ArXiv",
            "year": 2024
        },
        {
            "arxivId": "2402.04315",
            "authors": [
                {
                    "authorId": "35051208",
                    "name": "Chengyu Huang"
                },
                {
                    "authorId": "2283192985",
                    "name": "Zeqiu Wu"
                },
                {
                    "authorId": "2283306436",
                    "name": "Yushi Hu"
                },
                {
                    "authorId": "2283194219",
                    "name": "Wenya Wang"
                }
            ],
            "doi": "10.48550/arXiv.2402.04315",
            "intent": [
                "background",
                "methodology"
            ],
            "isInfluential": false,
            "paperId": "fabaabcbca3c518c0b4fff2fea5dee8546181388",
            "title": "Training Language Models to Generate Text with Citations via Fine-grained Rewards",
            "url": "https://www.semanticscholar.org/paper/fabaabcbca3c518c0b4fff2fea5dee8546181388",
            "venue": "ACL",
            "year": 2024
        },
        {
            "arxivId": "2312.17296",
            "authors": [
                {
                    "authorId": "2190105786",
                    "name": "Konrad Staniszewski"
                },
                {
                    "authorId": "2134879789",
                    "name": "Szymon Tworkowski"
                },
                {
                    "authorId": "2155474139",
                    "name": "Yu Zhao"
                },
                {
                    "authorId": "25898662",
                    "name": "Sebastian Jaszczur"
                },
                {
                    "authorId": "47407464",
                    "name": "H. Michalewski"
                },
                {
                    "authorId": "2167581543",
                    "name": "Lukasz Kuci'nski"
                },
                {
                    "authorId": "2219300363",
                    "name": "Piotr Milo's"
                }
            ],
            "doi": "10.48550/arXiv.2312.17296",
            "intent": [
                "background"
            ],
            "isInfluential": false,
            "paperId": "963c34859da99cd4296925d3ca6b1b58f65d4057",
            "title": "Structured Packing in LLM Training Improves Long Context Utilization",
            "url": "https://www.semanticscholar.org/paper/963c34859da99cd4296925d3ca6b1b58f65d4057",
            "venue": "ArXiv",
            "year": 2023
        },
        {
            "arxivId": "2310.11877",
            "authors": [
                {
                    "authorId": "2074098656",
                    "name": "Aviv Slobodkin"
                },
                {
                    "authorId": "40060272",
                    "name": "Omer Goldman"
                },
                {
                    "authorId": "27743758",
                    "name": "Avi Caciularu"
                },
                {
                    "authorId": "7465342",
                    "name": "Ido Dagan"
                },
                {
                    "authorId": "2143278592",
                    "name": "Shauli Ravfogel"
                }
            ],
            "doi": "10.48550/arXiv.2310.11877",
            "intent": [
                "methodology",
                "background"
            ],
            "isInfluential": true,
            "paperId": "a267cfbd6930c8e2c720104ae4a90e39461a6694",
            "title": "The Curious Case of Hallucinatory Unanswerablity: Finding Truths in the Hidden States of Over-Confident Large Language Models",
            "url": "https://www.semanticscholar.org/paper/a267cfbd6930c8e2c720104ae4a90e39461a6694",
            "venue": "EMNLP",
            "year": 2023
        },
        {
            "arxivId": "2310.11689",
            "authors": [
                {
                    "authorId": "152425941",
                    "name": "Jiefeng Chen"
                },
                {
                    "authorId": "2256335437",
                    "name": "Jinsung Yoon"
                },
                {
                    "authorId": "27556211",
                    "name": "Sayna Ebrahimi"
                },
                {
                    "authorId": "2676352",
                    "name": "Sercan \u00d6. Arik"
                },
                {
                    "authorId": "1945962",
                    "name": "Tomas Pfister"
                },
                {
                    "authorId": "2257170609",
                    "name": "Somesh Jha"
                }
            ],
            "doi": "10.48550/arXiv.2310.11689",
            "intent": [
                "methodology"
            ],
            "isInfluential": false,
            "paperId": "5603e598fa1916d1c696004bc360b75931547105",
            "title": "Adaptation with Self-Evaluation to Improve Selective Prediction in LLMs",
            "url": "https://www.semanticscholar.org/paper/5603e598fa1916d1c696004bc360b75931547105",
            "venue": "EMNLP",
            "year": 2023
        },
        {
            "arxivId": "2309.07382",
            "authors": [
                {
                    "authorId": "2240802491",
                    "name": "Yunshu Wu"
                },
                {
                    "authorId": "7782351",
                    "name": "Hayate Iso"
                },
                {
                    "authorId": "1713436",
                    "name": "Pouya Pezeshkpour"
                },
                {
                    "authorId": "29995869",
                    "name": "Nikita Bhutani"
                },
                {
                    "authorId": "1842532",
                    "name": "Estevam Hruschka"
                }
            ],
            "doi": "10.48550/arXiv.2309.07382",
            "intent": [
                "background"
            ],
            "isInfluential": false,
            "paperId": "d592d88bbb30a52bdac637f025a50c3aef07a89f",
            "title": "Less is More for Long Document Summary Evaluation by LLMs",
            "url": "https://www.semanticscholar.org/paper/d592d88bbb30a52bdac637f025a50c3aef07a89f",
            "venue": "EACL",
            "year": 2023
        },
        {
            "arxivId": "2308.14508",
            "authors": [
                {
                    "authorId": "2141377570",
                    "name": "Yushi Bai"
                },
                {
                    "authorId": "48574888",
                    "name": "Xin Lv"
                },
                {
                    "authorId": "2107983722",
                    "name": "Jiajie Zhang"
                },
                {
                    "authorId": "2220304036",
                    "name": "Hong Lyu"
                },
                {
                    "authorId": "2204826271",
                    "name": "Jiankai Tang"
                },
                {
                    "authorId": "2234629967",
                    "name": "Zhidian Huang"
                },
                {
                    "authorId": "66395694",
                    "name": "Zhengxiao Du"
                },
                {
                    "authorId": "2111312892",
                    "name": "Xiao Liu"
                },
                {
                    "authorId": "2051712753",
                    "name": "Aohan Zeng"
                },
                {
                    "authorId": "2055765060",
                    "name": "Lei Hou"
                },
                {
                    "authorId": "2047998",
                    "name": "Yuxiao Dong"
                },
                {
                    "authorId": "2148911975",
                    "name": "Jie Tang"
                },
                {
                    "authorId": "2133353675",
                    "name": "Juanzi Li"
                }
            ],
            "doi": "10.48550/arXiv.2308.14508",
            "intent": [
                "background",
                "result"
            ],
            "isInfluential": true,
            "paperId": "b31a5884a8ebe96b6300839b28608b97f8f8ef76",
            "title": "LongBench: A Bilingual, Multitask Benchmark for Long Context Understanding",
            "url": "https://www.semanticscholar.org/paper/b31a5884a8ebe96b6300839b28608b97f8f8ef76",
            "venue": "ACL",
            "year": 2023
        },
        {
            "arxivId": "2307.11088",
            "authors": [
                {
                    "authorId": "2064164220",
                    "name": "Chen An"
                },
                {
                    "authorId": "2165001433",
                    "name": "Shansan Gong"
                },
                {
                    "authorId": "1606040932",
                    "name": "Ming Zhong"
                },
                {
                    "authorId": "2027599235",
                    "name": "Mukai Li"
                },
                {
                    "authorId": "2155662353",
                    "name": "Jun Zhang"
                },
                {
                    "authorId": "47648549",
                    "name": "Lingpeng Kong"
                },
                {
                    "authorId": "2188058565",
                    "name": "Xipeng Qiu"
                }
            ],
            "doi": "10.48550/arXiv.2307.11088",
            "intent": [
                "background"
            ],
            "isInfluential": false,
            "paperId": "b0db25e317cf856f1ec1ca3df0e573d850ed4696",
            "title": "L-Eval: Instituting Standardized Evaluation for Long Context Language Models",
            "url": "https://www.semanticscholar.org/paper/b0db25e317cf856f1ec1ca3df0e573d850ed4696",
            "venue": "ACL",
            "year": 2023
        },
        {
            "arxivId": "2307.08691",
            "authors": [
                {
                    "authorId": "24593911",
                    "name": "Tri Dao"
                }
            ],
            "doi": "10.48550/arXiv.2307.08691",
            "intent": [],
            "isInfluential": false,
            "paperId": "823ca4778e1027f2f0b356df051d762dcecaaba0",
            "title": "FlashAttention-2: Faster Attention with Better Parallelism and Work Partitioning",
            "url": "https://www.semanticscholar.org/paper/823ca4778e1027f2f0b356df051d762dcecaaba0",
            "venue": "ICLR",
            "year": 2023
        },
        {
            "arxivId": "2307.03172",
            "authors": [
                {
                    "authorId": "22243769",
                    "name": "Nelson F. Liu"
                },
                {
                    "authorId": "48085802",
                    "name": "Kevin Lin"
                },
                {
                    "authorId": "145430120",
                    "name": "John Hewitt"
                },
                {
                    "authorId": "40404493",
                    "name": "Ashwin Paranjape"
                },
                {
                    "authorId": "143802044",
                    "name": "Michele Bevilacqua"
                },
                {
                    "authorId": "40052301",
                    "name": "F. Petroni"
                },
                {
                    "authorId": "145419642",
                    "name": "Percy Liang"
                }
            ],
            "doi": "10.1162/tacl_a_00638",
            "intent": [
                "background"
            ],
            "isInfluential": false,
            "paperId": "1733eb7792f7a43dd21f51f4d1017a1bffd217b5",
            "title": "Lost in the Middle: How Language Models Use Long Contexts",
            "url": "https://www.semanticscholar.org/paper/1733eb7792f7a43dd21f51f4d1017a1bffd217b5",
            "venue": "TACL",
            "year": 2023
        },
        {
            "arxivId": "2305.14564",
            "authors": [
                {
                    "authorId": "23134878",
                    "name": "Simeng Sun"
                },
                {
                    "authorId": "40457368",
                    "name": "Y. Liu"
                },
                {
                    "authorId": "2146294891",
                    "name": "Shuo Wang"
                },
                {
                    "authorId": "8652308",
                    "name": "Chenguang Zhu"
                },
                {
                    "authorId": "2136562",
                    "name": "Mohit Iyyer"
                }
            ],
            "doi": "10.48550/arXiv.2305.14564",
            "intent": [
                "background"
            ],
            "isInfluential": false,
            "paperId": "4ee96f0757e517928590a2300af5d40ba768a5a7",
            "title": "PEARL: Prompting Large Language Models to Plan and Execute Actions Over Long Documents",
            "url": "https://www.semanticscholar.org/paper/4ee96f0757e517928590a2300af5d40ba768a5a7",
            "venue": "EACL",
            "year": 2023
        },
        {
            "arxivId": "2305.14196",
            "authors": [
                {
                    "authorId": "50482645",
                    "name": "Uri Shaham"
                },
                {
                    "authorId": "1962329805",
                    "name": "Maor Ivgi"
                },
                {
                    "authorId": "1388010852",
                    "name": "Avia Efrat"
                },
                {
                    "authorId": "1750652",
                    "name": "Jonathan Berant"
                },
                {
                    "authorId": "39455775",
                    "name": "Omer Levy"
                }
            ],
            "doi": "10.48550/arXiv.2305.14196",
            "intent": [
                "background",
                "methodology",
                "result"
            ],
            "isInfluential": true,
            "paperId": "eb511ae6b9f04e4936891d26787f274b48b99d57",
            "title": "ZeroSCROLLS: A Zero-Shot Benchmark for Long Text Understanding",
            "url": "https://www.semanticscholar.org/paper/eb511ae6b9f04e4936891d26787f274b48b99d57",
            "venue": "EMNLP",
            "year": 2023
        },
        {
            "arxivId": "2304.09848",
            "authors": [
                {
                    "authorId": "22243769",
                    "name": "Nelson F. Liu"
                },
                {
                    "authorId": "2146331419",
                    "name": "Tianyi Zhang"
                },
                {
                    "authorId": "145419642",
                    "name": "Percy Liang"
                }
            ],
            "doi": "10.48550/arXiv.2304.09848",
            "intent": [
                "background"
            ],
            "isInfluential": false,
            "paperId": "e03dc5bd72bea7d1db03de380d4c43b7e610fbee",
            "title": "Evaluating Verifiability in Generative Search Engines",
            "url": "https://www.semanticscholar.org/paper/e03dc5bd72bea7d1db03de380d4c43b7e610fbee",
            "venue": "EMNLP",
            "year": 2023
        },
        {
            "arxivId": "2303.01432",
            "authors": [
                {
                    "authorId": "83757854",
                    "name": "Ryo Kamoi"
                },
                {
                    "authorId": "9531287",
                    "name": "Tanya Goyal"
                },
                {
                    "authorId": "40636184",
                    "name": "Juan Diego Rodriguez"
                },
                {
                    "authorId": "1814094",
                    "name": "Greg Durrett"
                }
            ],
            "doi": "10.48550/arXiv.2303.01432",
            "intent": [
                "background"
            ],
            "isInfluential": true,
            "paperId": "f7ec0e9237fbf960ffd20e2223e07287edb4f26a",
            "title": "WiCE: Real-World Entailment for Claims in Wikipedia",
            "url": "https://www.semanticscholar.org/paper/f7ec0e9237fbf960ffd20e2223e07287edb4f26a",
            "venue": "EMNLP",
            "year": 2023
        },
        {
            "arxivId": "2302.07452",
            "authors": [
                {
                    "authorId": "122045993",
                    "name": "Sheng-Chieh Lin"
                },
                {
                    "authorId": "35584853",
                    "name": "Akari Asai"
                },
                {
                    "authorId": "2135230554",
                    "name": "Minghan Li"
                },
                {
                    "authorId": "9185192",
                    "name": "Barlas O\u011fuz"
                },
                {
                    "authorId": "145580839",
                    "name": "Jimmy J. Lin"
                },
                {
                    "authorId": "2121361882",
                    "name": "Yashar Mehdad"
                },
                {
                    "authorId": "2072801764",
                    "name": "Wen-tau Yih"
                },
                {
                    "authorId": "1769736",
                    "name": "Xilun Chen"
                }
            ],
            "doi": "10.48550/arXiv.2302.07452",
            "intent": [],
            "isInfluential": false,
            "paperId": "a4867148c2f692efc6c22c3935a59be2d04ea3e9",
            "title": "How to Train Your DRAGON: Diverse Augmentation Towards Generalizable Dense Retrieval",
            "url": "https://www.semanticscholar.org/paper/a4867148c2f692efc6c22c3935a59be2d04ea3e9",
            "venue": "EMNLP",
            "year": 2023
        },
        {
            "arxivId": "2301.13688",
            "authors": [
                {
                    "authorId": "29909347",
                    "name": "S. Longpre"
                },
                {
                    "authorId": "2153400663",
                    "name": "Le Hou"
                },
                {
                    "authorId": "144244743",
                    "name": "Tu Vu"
                },
                {
                    "authorId": "1991019030",
                    "name": "Albert Webson"
                },
                {
                    "authorId": "3351938",
                    "name": "Hyung Won Chung"
                },
                {
                    "authorId": "144447820",
                    "name": "Yi Tay"
                },
                {
                    "authorId": "65855107",
                    "name": "Denny Zhou"
                },
                {
                    "authorId": "2827616",
                    "name": "Quoc V. Le"
                },
                {
                    "authorId": "2368067",
                    "name": "Barret Zoph"
                },
                {
                    "authorId": "119640649",
                    "name": "Jason Wei"
                },
                {
                    "authorId": "145625142",
                    "name": "Adam Roberts"
                }
            ],
            "doi": "10.48550/arXiv.2301.13688",
            "intent": [
                "methodology"
            ],
            "isInfluential": true,
            "paperId": "f2b0017ddd77fa38760a18145e63553105a1a236",
            "title": "The Flan Collection: Designing Data and Methods for Effective Instruction Tuning",
            "url": "https://www.semanticscholar.org/paper/f2b0017ddd77fa38760a18145e63553105a1a236",
            "venue": "ICML",
            "year": 2023
        },
        {
            "arxivId": "2210.08726",
            "authors": [
                {
                    "authorId": "49715441",
                    "name": "Luyu Gao"
                },
                {
                    "authorId": "2475437",
                    "name": "Zhuyun Dai"
                },
                {
                    "authorId": "2616463",
                    "name": "Panupong Pasupat"
                },
                {
                    "authorId": "52151521",
                    "name": "Anthony Chen"
                },
                {
                    "authorId": "2719924",
                    "name": "Arun Tejasvi Chaganty"
                },
                {
                    "authorId": "2051969653",
                    "name": "Yicheng Fan"
                },
                {
                    "authorId": "2664737",
                    "name": "Vincent Zhao"
                },
                {
                    "authorId": "1914797",
                    "name": "N. Lao"
                },
                {
                    "authorId": "8386466",
                    "name": "Hongrae Lee"
                },
                {
                    "authorId": "50270386",
                    "name": "Da-Cheng Juan"
                },
                {
                    "authorId": "2091768",
                    "name": "Kelvin Guu"
                }
            ],
            "doi": "10.18653/v1/2023.acl-long.910",
            "intent": [
                "background"
            ],
            "isInfluential": false,
            "paperId": "66242baf48b0f6b828e7547ac39ffaa5e1b2cb3e",
            "title": "RARR: Researching and Revising What Language Models Say, Using Language Models",
            "url": "https://www.semanticscholar.org/paper/66242baf48b0f6b828e7547ac39ffaa5e1b2cb3e",
            "venue": "ACL",
            "year": 2022
        },
        {
            "arxivId": "2204.10805",
            "authors": [
                {
                    "authorId": "145775250",
                    "name": "Ilia Kuznetsov"
                },
                {
                    "authorId": "122228470",
                    "name": "Jan Buchmann"
                },
                {
                    "authorId": "152655011",
                    "name": "Max Eichler"
                },
                {
                    "authorId": "1730400",
                    "name": "Iryna Gurevych"
                }
            ],
            "doi": "10.1162/coli_a_00455",
            "intent": [
                "methodology"
            ],
            "isInfluential": false,
            "paperId": "35a7f396db1435efc6960064a875328f65082062",
            "title": "Revise and Resubmit: An Intertextual Model of Text-based Collaboration in Peer Review",
            "url": "https://www.semanticscholar.org/paper/35a7f396db1435efc6960064a875328f65082062",
            "venue": "Computational Linguistics",
            "year": 2022
        },
        {
            "arxivId": "2112.12870",
            "authors": [
                {
                    "authorId": "2516777",
                    "name": "Hannah Rashkin"
                },
                {
                    "authorId": "48942032",
                    "name": "Vitaly Nikolaev"
                },
                {
                    "authorId": "48024953",
                    "name": "Matthew Lamm"
                },
                {
                    "authorId": "123052390",
                    "name": "Michael Collins"
                },
                {
                    "authorId": "143790066",
                    "name": "Dipanjan Das"
                },
                {
                    "authorId": "1754497",
                    "name": "Slav Petrov"
                },
                {
                    "authorId": "32012022",
                    "name": "Gaurav Singh Tomar"
                },
                {
                    "authorId": "1388156275",
                    "name": "Iulia Turc"
                },
                {
                    "authorId": "1781409",
                    "name": "D. Reitter"
                }
            ],
            "doi": "10.1162/coli_a_00486",
            "intent": [
                "background",
                "methodology"
            ],
            "isInfluential": true,
            "paperId": "07283e1578a50e15ac66efcc35b4ae0cbf2159ef",
            "title": "Measuring Attribution in Natural Language Generation Models",
            "url": "https://www.semanticscholar.org/paper/07283e1578a50e15ac66efcc35b4ae0cbf2159ef",
            "venue": "Computational Linguistics",
            "year": 2021
        },
        {
            "arxivId": "2112.09118",
            "authors": [
                {
                    "authorId": "1410231361",
                    "name": "Gautier Izacard"
                },
                {
                    "authorId": "2062862676",
                    "name": "Mathilde Caron"
                },
                {
                    "authorId": "26360550",
                    "name": "Lucas Hosseini"
                },
                {
                    "authorId": "48662861",
                    "name": "Sebastian Riedel"
                },
                {
                    "authorId": "2329288",
                    "name": "Piotr Bojanowski"
                },
                {
                    "authorId": "2319608",
                    "name": "Armand Joulin"
                },
                {
                    "authorId": "3024698",
                    "name": "Edouard Grave"
                }
            ],
            "doi": null,
            "intent": [
                "methodology"
            ],
            "isInfluential": false,
            "paperId": "4f4a409f701f7552d45c46a5b0fea69dca6f8e84",
            "title": "Unsupervised Dense Information Retrieval with Contrastive Learning",
            "url": "https://www.semanticscholar.org/paper/4f4a409f701f7552d45c46a5b0fea69dca6f8e84",
            "venue": "Trans. Mach. Learn. Res.",
            "year": 2021
        },
        {
            "arxivId": "2112.07899",
            "authors": [
                {
                    "authorId": "2148023",
                    "name": "Jianmo Ni"
                },
                {
                    "authorId": "51051670",
                    "name": "Chen Qu"
                },
                {
                    "authorId": "2115404379",
                    "name": "Jing Lu"
                },
                {
                    "authorId": "2475437",
                    "name": "Zhuyun Dai"
                },
                {
                    "authorId": "2124016663",
                    "name": "Gustavo Hern\u00e1ndez Abrego"
                },
                {
                    "authorId": "2109919783",
                    "name": "Ji Ma"
                },
                {
                    "authorId": "2664737",
                    "name": "Vincent Zhao"
                },
                {
                    "authorId": "116300663",
                    "name": "Yi Luan"
                },
                {
                    "authorId": "32580243",
                    "name": "Keith B. Hall"
                },
                {
                    "authorId": "1744179",
                    "name": "Ming-Wei Chang"
                },
                {
                    "authorId": "2118771180",
                    "name": "Yinfei Yang"
                }
            ],
            "doi": "10.18653/v1/2022.emnlp-main.669",
            "intent": [
                "methodology",
                "background"
            ],
            "isInfluential": false,
            "paperId": "9f2cf7b35224aad3a8d261e4456fe2d65a5f5d3e",
            "title": "Large Dual Encoders Are Generalizable Retrievers",
            "url": "https://www.semanticscholar.org/paper/9f2cf7b35224aad3a8d261e4456fe2d65a5f5d3e",
            "venue": "EMNLP",
            "year": 2021
        },
        {
            "arxivId": "2110.01799",
            "authors": [
                {
                    "authorId": "2740047",
                    "name": "Yuta Koreeda"
                },
                {
                    "authorId": "144783904",
                    "name": "Christopher D. Manning"
                }
            ],
            "doi": "10.18653/v1/2021.findings-emnlp.164",
            "intent": [
                "background"
            ],
            "isInfluential": false,
            "paperId": "0a1ff1d4102d94a50f8862f60bc2ac21f36ad592",
            "title": "ContractNLI: A Dataset for Document-level Natural Language Inference for Contracts",
            "url": "https://www.semanticscholar.org/paper/0a1ff1d4102d94a50f8862f60bc2ac21f36ad592",
            "venue": "EMNLP",
            "year": 2021
        },
        {
            "arxivId": "2105.03011",
            "authors": [
                {
                    "authorId": "2697425",
                    "name": "Pradeep Dasigi"
                },
                {
                    "authorId": "46258841",
                    "name": "Kyle Lo"
                },
                {
                    "authorId": "46181066",
                    "name": "Iz Beltagy"
                },
                {
                    "authorId": "2527954",
                    "name": "Arman Cohan"
                },
                {
                    "authorId": "144365875",
                    "name": "Noah A. Smith"
                },
                {
                    "authorId": "40642935",
                    "name": "Matt Gardner"
                }
            ],
            "doi": "10.18653/V1/2021.NAACL-MAIN.365",
            "intent": [
                "background",
                "methodology"
            ],
            "isInfluential": false,
            "paperId": "4e3935ef7da6bcbb202ec7f8b285c313cadcd044",
            "title": "A Dataset of Information-Seeking Questions and Answers Anchored in Research Papers",
            "url": "https://www.semanticscholar.org/paper/4e3935ef7da6bcbb202ec7f8b285c313cadcd044",
            "venue": "NAACL",
            "year": 2021
        },
        {
            "arxivId": "2104.08663",
            "authors": [
                {
                    "authorId": "47583894",
                    "name": "Nandan Thakur"
                },
                {
                    "authorId": "2959414",
                    "name": "Nils Reimers"
                },
                {
                    "authorId": "1404060894",
                    "name": "Andreas Ruckl'e"
                },
                {
                    "authorId": "153257123",
                    "name": "Abhishek Srivastava"
                },
                {
                    "authorId": "69033154",
                    "name": "Iryna Gurevych"
                }
            ],
            "doi": null,
            "intent": [
                "methodology"
            ],
            "isInfluential": false,
            "paperId": "807600ef43073cd9c59d4208ee710e90cf14efa8",
            "title": "BEIR: A Heterogenous Benchmark for Zero-shot Evaluation of Information Retrieval Models",
            "url": "https://www.semanticscholar.org/paper/807600ef43073cd9c59d4208ee710e90cf14efa8",
            "venue": "NeurIPS Datasets and Benchmarks",
            "year": 2021
        },
        {
            "arxivId": "2104.02112",
            "authors": [
                {
                    "authorId": "2111132245",
                    "name": "L. Huang"
                },
                {
                    "authorId": "6333082",
                    "name": "Shuyang Cao"
                },
                {
                    "authorId": "147697560",
                    "name": "Nikolaus Nova Parulian"
                },
                {
                    "authorId": "2113323573",
                    "name": "Heng Ji"
                },
                {
                    "authorId": "2153516659",
                    "name": "Lu Wang"
                }
            ],
            "doi": "10.18653/V1/2021.NAACL-MAIN.112",
            "intent": [
                "background",
                "methodology"
            ],
            "isInfluential": false,
            "paperId": "9dc624d7258d1a56117ca720aea953ce46b66b21",
            "title": "Efficient Attentions for Long Document Summarization",
            "url": "https://www.semanticscholar.org/paper/9dc624d7258d1a56117ca720aea953ce46b66b21",
            "venue": "NAACL",
            "year": 2021
        },
        {
            "arxivId": "2005.14165",
            "authors": [
                {
                    "authorId": "31035595",
                    "name": "Tom B. Brown"
                },
                {
                    "authorId": "2056658938",
                    "name": "Benjamin Mann"
                },
                {
                    "authorId": "39849748",
                    "name": "Nick Ryder"
                },
                {
                    "authorId": "2065894334",
                    "name": "Melanie Subbiah"
                },
                {
                    "authorId": "152724169",
                    "name": "J. Kaplan"
                },
                {
                    "authorId": "6515819",
                    "name": "Prafulla Dhariwal"
                },
                {
                    "authorId": "2072676",
                    "name": "Arvind Neelakantan"
                },
                {
                    "authorId": "67311962",
                    "name": "Pranav Shyam"
                },
                {
                    "authorId": "144864359",
                    "name": "Girish Sastry"
                },
                {
                    "authorId": "119609682",
                    "name": "Amanda Askell"
                },
                {
                    "authorId": "144517868",
                    "name": "Sandhini Agarwal"
                },
                {
                    "authorId": "1404060687",
                    "name": "Ariel Herbert-Voss"
                },
                {
                    "authorId": "2064404342",
                    "name": "Gretchen Krueger"
                },
                {
                    "authorId": "103143311",
                    "name": "T. Henighan"
                },
                {
                    "authorId": "48422824",
                    "name": "R. Child"
                },
                {
                    "authorId": "1992922591",
                    "name": "A. Ramesh"
                },
                {
                    "authorId": "2052152920",
                    "name": "Daniel M. Ziegler"
                },
                {
                    "authorId": "49387725",
                    "name": "Jeff Wu"
                },
                {
                    "authorId": "2059411355",
                    "name": "Clemens Winter"
                },
                {
                    "authorId": "144239765",
                    "name": "Christopher Hesse"
                },
                {
                    "authorId": "2108828435",
                    "name": "Mark Chen"
                },
                {
                    "authorId": "2064673055",
                    "name": "Eric Sigler"
                },
                {
                    "authorId": "1380985420",
                    "name": "Ma-teusz Litwin"
                },
                {
                    "authorId": "145565184",
                    "name": "Scott Gray"
                },
                {
                    "authorId": "1490681878",
                    "name": "B. Chess"
                },
                {
                    "authorId": "2115193883",
                    "name": "Jack Clark"
                },
                {
                    "authorId": "133740015",
                    "name": "Christopher Berner"
                },
                {
                    "authorId": "52238703",
                    "name": "Sam McCandlish"
                },
                {
                    "authorId": "38909097",
                    "name": "Alec Radford"
                },
                {
                    "authorId": "1701686",
                    "name": "I. Sutskever"
                },
                {
                    "authorId": "2698777",
                    "name": "Dario Amodei"
                }
            ],
            "doi": null,
            "intent": [],
            "isInfluential": false,
            "paperId": "90abbc2cf38462b954ae1b772fac9532e2ccd8b0",
            "title": "Language Models are Few-Shot Learners",
            "url": "https://www.semanticscholar.org/paper/90abbc2cf38462b954ae1b772fac9532e2ccd8b0",
            "venue": "NeurIPS",
            "year": 2020
        },
        {
            "arxivId": "2005.04177",
            "authors": [
                {
                    "authorId": "48727916",
                    "name": "Jay DeYoung"
                },
                {
                    "authorId": "51172373",
                    "name": "Eric P. Lehman"
                },
                {
                    "authorId": "145795474",
                    "name": "Benjamin E. Nye"
                },
                {
                    "authorId": "1808775",
                    "name": "I. Marshall"
                },
                {
                    "authorId": "1912476",
                    "name": "Byron C. Wallace"
                }
            ],
            "doi": "10.18653/v1/2020.bionlp-1.13",
            "intent": [
                "background"
            ],
            "isInfluential": false,
            "paperId": "52347be1d7fc47815e624cd896b8942beb62c774",
            "title": "Evidence Inference 2.0: More Data, Better Models",
            "url": "https://www.semanticscholar.org/paper/52347be1d7fc47815e624cd896b8942beb62c774",
            "venue": "BIONLP",
            "year": 2020
        },
        {
            "arxivId": "1912.08777",
            "authors": [
                {
                    "authorId": "47540100",
                    "name": "Jingqing Zhang"
                },
                {
                    "authorId": "2143397386",
                    "name": "Yao Zhao"
                },
                {
                    "authorId": "144413479",
                    "name": "Mohammad Saleh"
                },
                {
                    "authorId": "35025299",
                    "name": "Peter J. Liu"
                }
            ],
            "doi": null,
            "intent": [
                "methodology"
            ],
            "isInfluential": false,
            "paperId": "f4061bd225b3be5b3f5b18eb1a229ce991efefeb",
            "title": "PEGASUS: Pre-training with Extracted Gap-sentences for Abstractive Summarization",
            "url": "https://www.semanticscholar.org/paper/f4061bd225b3be5b3f5b18eb1a229ce991efefeb",
            "venue": "ICML",
            "year": 2019
        },
        {
            "arxivId": "1911.03429",
            "authors": [
                {
                    "authorId": "48727916",
                    "name": "Jay DeYoung"
                },
                {
                    "authorId": "49837811",
                    "name": "Sarthak Jain"
                },
                {
                    "authorId": "8937909",
                    "name": "Nazneen Rajani"
                },
                {
                    "authorId": "51172373",
                    "name": "Eric P. Lehman"
                },
                {
                    "authorId": "2228109",
                    "name": "Caiming Xiong"
                },
                {
                    "authorId": "2166511",
                    "name": "R. Socher"
                },
                {
                    "authorId": "1912476",
                    "name": "Byron C. Wallace"
                }
            ],
            "doi": "10.18653/v1/2020.acl-main.408",
            "intent": [
                "background"
            ],
            "isInfluential": false,
            "paperId": "087dd95e13efd47aef2a6582e6801b39fc0f83d8",
            "title": "ERASER: A Benchmark to Evaluate Rationalized NLP Models",
            "url": "https://www.semanticscholar.org/paper/087dd95e13efd47aef2a6582e6801b39fc0f83d8",
            "venue": "ACL",
            "year": 2019
        },
        {
            "arxivId": "1908.10084",
            "authors": [
                {
                    "authorId": "2959414",
                    "name": "Nils Reimers"
                },
                {
                    "authorId": "1730400",
                    "name": "Iryna Gurevych"
                }
            ],
            "doi": "10.18653/v1/D19-1410",
            "intent": [
                "background",
                "methodology"
            ],
            "isInfluential": false,
            "paperId": "93d63ec754f29fa22572615320afe0521f7ec66d",
            "title": "Sentence-BERT: Sentence Embeddings using Siamese BERT-Networks",
            "url": "https://www.semanticscholar.org/paper/93d63ec754f29fa22572615320afe0521f7ec66d",
            "venue": "EMNLP",
            "year": 2019
        },
        {
            "arxivId": null,
            "authors": [
                {
                    "authorId": "15652489",
                    "name": "T. Kwiatkowski"
                },
                {
                    "authorId": "52578817",
                    "name": "J. Palomaki"
                },
                {
                    "authorId": "90784578",
                    "name": "Olivia Redfield"
                },
                {
                    "authorId": "123052390",
                    "name": "Michael Collins"
                },
                {
                    "authorId": "144729897",
                    "name": "Ankur P. Parikh"
                },
                {
                    "authorId": "114577307",
                    "name": "Chris Alberti"
                },
                {
                    "authorId": "153215783",
                    "name": "D. Epstein"
                },
                {
                    "authorId": "3443442",
                    "name": "Illia Polosukhin"
                },
                {
                    "authorId": "39172707",
                    "name": "Jacob Devlin"
                },
                {
                    "authorId": "2544107",
                    "name": "Kenton Lee"
                },
                {
                    "authorId": "3259253",
                    "name": "Kristina Toutanova"
                },
                {
                    "authorId": "145024664",
                    "name": "Llion Jones"
                },
                {
                    "authorId": "2554321",
                    "name": "Matthew Kelcey"
                },
                {
                    "authorId": "1744179",
                    "name": "Ming-Wei Chang"
                },
                {
                    "authorId": "2555924",
                    "name": "Andrew M. Dai"
                },
                {
                    "authorId": "39328010",
                    "name": "Jakob Uszkoreit"
                },
                {
                    "authorId": "2827616",
                    "name": "Quoc V. Le"
                },
                {
                    "authorId": "1754497",
                    "name": "Slav Petrov"
                }
            ],
            "doi": "10.1162/tacl_a_00276",
            "intent": [
                "methodology",
                "background"
            ],
            "isInfluential": false,
            "paperId": "17dbd7b72029181327732e4d11b52a08ed4630d0",
            "title": "Natural Questions: A Benchmark for Question Answering Research",
            "url": "https://www.semanticscholar.org/paper/17dbd7b72029181327732e4d11b52a08ed4630d0",
            "venue": "TACL",
            "year": 2019
        },
        {
            "arxivId": "1904.09675",
            "authors": [
                {
                    "authorId": "123437034",
                    "name": "Tianyi Zhang"
                },
                {
                    "authorId": "145461044",
                    "name": "Varsha Kishore"
                },
                {
                    "authorId": "24277779",
                    "name": "Felix Wu"
                },
                {
                    "authorId": "7446832",
                    "name": "Kilian Q. Weinberger"
                },
                {
                    "authorId": "3167681",
                    "name": "Yoav Artzi"
                }
            ],
            "doi": null,
            "intent": [],
            "isInfluential": false,
            "paperId": "295065d942abca0711300b2b4c39829551060578",
            "title": "BERTScore: Evaluating Text Generation with BERT",
            "url": "https://www.semanticscholar.org/paper/295065d942abca0711300b2b4c39829551060578",
            "venue": "ICLR",
            "year": 2019
        },
        {
            "arxivId": null,
            "authors": [
                {
                    "authorId": "1678656",
                    "name": "I. Loshchilov"
                },
                {
                    "authorId": "144661829",
                    "name": "F. Hutter"
                }
            ],
            "doi": null,
            "intent": [
                "methodology"
            ],
            "isInfluential": false,
            "paperId": "d07284a6811f1b2745d91bdb06b040b57f226882",
            "title": "Decoupled Weight Decay Regularization",
            "url": "https://www.semanticscholar.org/paper/d07284a6811f1b2745d91bdb06b040b57f226882",
            "venue": "ICLR",
            "year": 2017
        },
        {
            "arxivId": null,
            "authors": [
                {
                    "authorId": "1387872181",
                    "name": "Ran El-Yaniv"
                },
                {
                    "authorId": "36244245",
                    "name": "Yair Wiener"
                }
            ],
            "doi": "10.5555/1756006.1859904",
            "intent": [
                "methodology"
            ],
            "isInfluential": false,
            "paperId": "bcd842c0e6e731f347523d774b089cdf21d9e8f1",
            "title": "On the Foundations of Noise-free Selective Classification",
            "url": "https://www.semanticscholar.org/paper/bcd842c0e6e731f347523d774b089cdf21d9e8f1",
            "venue": "J. Mach. Learn. Res.",
            "year": 2010
        },
        {
            "arxivId": null,
            "authors": [
                {
                    "authorId": "144430625",
                    "name": "S. Robertson"
                },
                {
                    "authorId": "2833561",
                    "name": "H. Zaragoza"
                }
            ],
            "doi": "10.1561/1500000019",
            "intent": [
                "methodology"
            ],
            "isInfluential": true,
            "paperId": "47ced790a563344efae66588b5fb7fe6cca29ed3",
            "title": "The Probabilistic Relevance Framework: BM25 and Beyond",
            "url": "https://www.semanticscholar.org/paper/47ced790a563344efae66588b5fb7fe6cca29ed3",
            "venue": "Found. Trends Inf. Retr.",
            "year": 2009
        },
        {
            "arxivId": null,
            "authors": [
                {
                    "authorId": "1781574",
                    "name": "Chin-Yew Lin"
                }
            ],
            "doi": null,
            "intent": [],
            "isInfluential": false,
            "paperId": "60b05f32c32519a809f21642ef1eb3eaf3848008",
            "title": "ROUGE: A Package for Automatic Evaluation of Summaries",
            "url": "https://www.semanticscholar.org/paper/60b05f32c32519a809f21642ef1eb3eaf3848008",
            "venue": "ACL 2004",
            "year": 2004
        },
        {
            "arxivId": null,
            "authors": [
                {
                    "authorId": "1754700648",
                    "name": "Or Honovich"
                },
                {
                    "authorId": "2335771",
                    "name": "Roee Aharoni"
                },
                {
                    "authorId": "47426264",
                    "name": "Jonathan Herzig"
                },
                {
                    "authorId": "51258885",
                    "name": "Hagai Taitelbaum"
                },
                {
                    "authorId": "2162044901",
                    "name": "Doron Kukliansy"
                },
                {
                    "authorId": "120550181",
                    "name": "Vered Cohen"
                },
                {
                    "authorId": "2073456043",
                    "name": "Thomas Scialom"
                },
                {
                    "authorId": "1711977",
                    "name": "Idan Szpektor"
                },
                {
                    "authorId": "1809983",
                    "name": "Avinatan Hassidim"
                },
                {
                    "authorId": "1745572",
                    "name": "Yossi Matias"
                }
            ],
            "doi": "10.48550/arXiv.2204.04991",
            "intent": [
                "methodology",
                "background"
            ],
            "isInfluential": true,
            "paperId": "c69f9a5185b4c29525bedb2dcc79d20b42c14cc6",
            "title": "TRUE: Re-evaluating Factual Consistency Evaluation",
            "url": "https://www.semanticscholar.org/paper/c69f9a5185b4c29525bedb2dcc79d20b42c14cc6",
            "venue": "NAACL",
            "year": 2022
        },
        {
            "arxivId": null,
            "authors": [
                {
                    "authorId": "50992847",
                    "name": "Bhargav Srinivasa Desikan"
                }
            ],
            "doi": null,
            "intent": [],
            "isInfluential": false,
            "paperId": "d0f5f1bc043aedcfc3737ce7c5719ad4184c8d63",
            "title": "Natural Language Processing and Computational Linguistics",
            "url": "https://www.semanticscholar.org/paper/d0f5f1bc043aedcfc3737ce7c5719ad4184c8d63",
            "venue": "",
            "year": 2018
        }
    ],
    "s2FieldsOfStudy": [
        {
            "category": "Computer Science",
            "source": "external"
        },
        {
            "category": "Computer Science",
            "source": "s2-fos-model"
        },
        {
            "category": "Linguistics",
            "source": "s2-fos-model"
        }
    ],
    "title": "Attribute or Abstain: Large Language Models as Long Document Assistants",
    "topics": [],
    "url": "https://www.semanticscholar.org/paper/ed4460f7c7903720b3f52cfcc7947371eee2336d",
    "venue": "Conference on Empirical Methods in Natural Language Processing",
    "year": 2024
}