{
    "abstract": "Large Language Models (LLMs) are limited by their parametric knowledge, leading to hallucinations in knowledge-extensive tasks. To address this, Retrieval-Augmented Generation (RAG) incorporates external document chunks to expand LLM knowledge. Furthermore, compressing information from document chunks through extraction or summarization can improve LLM performance. Nonetheless, LLMs still struggle to notice and utilize scattered key information, a problem known as the\"lost-in-the-middle\"syndrome. Therefore, we typically need to restructure the content for LLM to recognize the key information. We propose $\\textit{Refiner}$, an end-to-end extract-and-restructure paradigm that operates in the post-retrieval process of RAG. $\\textit{Refiner}$ leverages a single decoder-only LLM to adaptively extract query-relevant contents verbatim along with the necessary context, and section them based on their interconnectedness, thereby highlights information distinction, and aligns downstream LLMs with the original context effectively. Experiments show that a trained $\\textit{Refiner}$ (with 7B parameters) exhibits significant gain to downstream LLM in improving answer accuracy, and outperforms other state-of-the-art advanced RAG and concurrent compressing approaches in various single-hop and multi-hop QA tasks. Notably, $\\textit{Refiner}$ achieves a 80.5% tokens reduction and a 1.6-7.0% improvement margin in multi-hop tasks compared to the next best solution. $\\textit{Refiner}$ is a plug-and-play solution that can be seamlessly integrated with RAG systems, facilitating its application across diverse open-source frameworks.",
    "arxivId": "2406.11357",
    "authors": [
        {
            "authorId": "2306995752",
            "name": "Zhonghao Li",
            "url": "https://www.semanticscholar.org/author/2306995752"
        },
        {
            "authorId": "2109906988",
            "name": "Xuming Hu",
            "url": "https://www.semanticscholar.org/author/2109906988"
        },
        {
            "authorId": "10017193",
            "name": "Aiwei Liu",
            "url": "https://www.semanticscholar.org/author/10017193"
        },
        {
            "authorId": "2307008095",
            "name": "Kening Zheng",
            "url": "https://www.semanticscholar.org/author/2307008095"
        },
        {
            "authorId": "2306947309",
            "name": "Sirui Huang",
            "url": "https://www.semanticscholar.org/author/2306947309"
        },
        {
            "authorId": "2324784344",
            "name": "Hui Xiong",
            "url": "https://www.semanticscholar.org/author/2324784344"
        }
    ],
    "citationVelocity": 0,
    "citations": [
        {
            "arxivId": "2412.12559",
            "authors": [
                {
                    "authorId": "2297768281",
                    "name": "Taeho Hwang"
                },
                {
                    "authorId": "2158892171",
                    "name": "Sukmin Cho"
                },
                {
                    "authorId": "8599185",
                    "name": "Soyeong Jeong"
                },
                {
                    "authorId": "1488736131",
                    "name": "Hoyun Song"
                },
                {
                    "authorId": "2310294971",
                    "name": "SeungYoon Han"
                },
                {
                    "authorId": "2109285560",
                    "name": "Jong C. Park"
                }
            ],
            "doi": null,
            "intent": [],
            "isInfluential": true,
            "paperId": "4ade511fe700e86f1a1ce8e7608b8f5a897f6cf7",
            "title": "EXIT: Context-Aware Extractive Compression for Enhancing Retrieval-Augmented Generation",
            "url": "https://www.semanticscholar.org/paper/4ade511fe700e86f1a1ce8e7608b8f5a897f6cf7",
            "venue": "",
            "year": 2024
        },
        {
            "arxivId": "2410.12788",
            "authors": [
                {
                    "authorId": "2326243408",
                    "name": "Jihao Zhao"
                },
                {
                    "authorId": "2326171175",
                    "name": "Zhiyuan Ji"
                },
                {
                    "authorId": "2326117268",
                    "name": "Pengnian Qi"
                },
                {
                    "authorId": "2268393907",
                    "name": "Simin Niu"
                },
                {
                    "authorId": "2268400606",
                    "name": "Bo Tang"
                },
                {
                    "authorId": "2268399953",
                    "name": "Feiyu Xiong"
                },
                {
                    "authorId": "2268429641",
                    "name": "Zhiyu Li"
                }
            ],
            "doi": "10.48550/arXiv.2410.12788",
            "intent": [
                "methodology"
            ],
            "isInfluential": false,
            "paperId": "0709e6d66e7356fc4adb63834fd9e8503978ab6b",
            "title": "Meta-Chunking: Learning Efficient Text Segmentation via Logical Perception",
            "url": "https://www.semanticscholar.org/paper/0709e6d66e7356fc4adb63834fd9e8503978ab6b",
            "venue": "ArXiv",
            "year": 2024
        },
        {
            "arxivId": "2409.12468",
            "authors": [
                {
                    "authorId": "2294361005",
                    "name": "Dongwon Jung"
                },
                {
                    "authorId": "2267021590",
                    "name": "Qin Liu"
                },
                {
                    "authorId": "2110510944",
                    "name": "Tenghao Huang"
                },
                {
                    "authorId": "2267020892",
                    "name": "Ben Zhou"
                },
                {
                    "authorId": "2311993454",
                    "name": "Muhao Chen"
                }
            ],
            "doi": "10.48550/arXiv.2409.12468",
            "intent": [
                "background"
            ],
            "isInfluential": false,
            "paperId": "a333b8572f96e87764720b45669b2f778a3169cc",
            "title": "Familiarity-aware Evidence Compression for Retrieval Augmented Generation",
            "url": "https://www.semanticscholar.org/paper/a333b8572f96e87764720b45669b2f778a3169cc",
            "venue": "ArXiv",
            "year": 2024
        }
    ],
    "corpusId": 270559941,
    "doi": "10.48550/arXiv.2406.11357",
    "fieldsOfStudy": [
        "Computer Science"
    ],
    "influentialCitationCount": 1,
    "isOpenAccess": false,
    "isPublisherLicensed": true,
    "is_open_access": false,
    "is_publisher_licensed": true,
    "numCitedBy": 3,
    "numCiting": 50,
    "paperId": "0513d9a10c0c06caaad30f68bf5051884f5a2327",
    "references": [
        {
            "arxivId": "2404.17809",
            "authors": [
                {
                    "authorId": "91119265",
                    "name": "Guozheng Li"
                },
                {
                    "authorId": "2257246692",
                    "name": "Peng Wang"
                },
                {
                    "authorId": "1596819256",
                    "name": "Wenjun Ke"
                },
                {
                    "authorId": "2292241341",
                    "name": "Yikai Guo"
                },
                {
                    "authorId": "2284872859",
                    "name": "Ke Ji"
                },
                {
                    "authorId": "2125194341",
                    "name": "Ziyu Shang"
                },
                {
                    "authorId": "2265716887",
                    "name": "Jiajun Liu"
                },
                {
                    "authorId": "2117883657",
                    "name": "Zijie Xu"
                }
            ],
            "doi": "10.48550/arXiv.2404.17809",
            "intent": [],
            "isInfluential": false,
            "paperId": "a17e496d8fe47baf739115ab0ab9a82378bf7d74",
            "title": "Recall, Retrieve and Reason: Towards Better In-Context Relation Extraction",
            "url": "https://www.semanticscholar.org/paper/a17e496d8fe47baf739115ab0ab9a82378bf7d74",
            "venue": "IJCAI",
            "year": 2024
        },
        {
            "arxivId": "2403.12968",
            "authors": [
                {
                    "authorId": "2265521846",
                    "name": "Zhuoshi Pan"
                },
                {
                    "authorId": "2108728536",
                    "name": "Qianhui Wu"
                },
                {
                    "authorId": "2181120463",
                    "name": "Huiqiang Jiang"
                },
                {
                    "authorId": "2268399421",
                    "name": "Menglin Xia"
                },
                {
                    "authorId": "13289447",
                    "name": "Xufang Luo"
                },
                {
                    "authorId": "2303326957",
                    "name": "Jue Zhang"
                },
                {
                    "authorId": "2256132386",
                    "name": "Qingwei Lin"
                },
                {
                    "authorId": "2163313590",
                    "name": "Victor R\u00fchle"
                },
                {
                    "authorId": "2125051198",
                    "name": "Yuqing Yang"
                },
                {
                    "authorId": "2257359863",
                    "name": "Chin-Yew Lin"
                },
                {
                    "authorId": "2265523027",
                    "name": "H. V. Zhao"
                },
                {
                    "authorId": "2160727304",
                    "name": "Lili Qiu"
                },
                {
                    "authorId": "2109581369",
                    "name": "Dongmei Zhang"
                },
                {
                    "authorId": "6062736",
                    "name": "K. Cobbe"
                },
                {
                    "authorId": "13622184",
                    "name": "Vineet Kosaraju"
                },
                {
                    "authorId": "2275251620",
                    "name": "Mo Bavarian"
                },
                {
                    "authorId": "2292054802",
                    "name": "Mark Chen"
                },
                {
                    "authorId": "35450887",
                    "name": "Heewoo Jun"
                },
                {
                    "authorId": "2275230678",
                    "name": "Lukasz Kaiser"
                },
                {
                    "authorId": "3407285",
                    "name": "Matthias Plappert"
                },
                {
                    "authorId": "2065005836",
                    "name": "Jerry Tworek"
                },
                {
                    "authorId": "2286540856",
                    "name": "Jacob Hilton"
                },
                {
                    "authorId": "7406311",
                    "name": "Reiichiro Nakano"
                }
            ],
            "doi": "10.48550/arXiv.2403.12968",
            "intent": [],
            "isInfluential": false,
            "paperId": "3d45fc603e34934fc589b9547307815f7723de34",
            "title": "LLMLingua-2: Data Distillation for Efficient and Faithful Task-Agnostic Prompt Compression",
            "url": "https://www.semanticscholar.org/paper/3d45fc603e34934fc589b9547307815f7723de34",
            "venue": "ACL",
            "year": 2024
        },
        {
            "arxivId": "2403.07794",
            "authors": [
                {
                    "authorId": "2291127666",
                    "name": "Hanxu Hu"
                },
                {
                    "authorId": "143616669",
                    "name": "Pinzhen Chen"
                },
                {
                    "authorId": "3381663",
                    "name": "E. Ponti"
                }
            ],
            "doi": "10.48550/arXiv.2403.07794",
            "intent": [],
            "isInfluential": false,
            "paperId": "68e4b134021dff43b168f556711e7573636e994d",
            "title": "Fine-tuning Large Language Models with Sequential Instructions",
            "url": "https://www.semanticscholar.org/paper/68e4b134021dff43b168f556711e7573636e994d",
            "venue": "ArXiv",
            "year": 2024
        },
        {
            "arxivId": "2403.05313",
            "authors": [
                {
                    "authorId": "47196237",
                    "name": "Zihao Wang"
                },
                {
                    "authorId": "70097297",
                    "name": "Anji Liu"
                },
                {
                    "authorId": "2257447835",
                    "name": "Haowei Lin"
                },
                {
                    "authorId": "2290567624",
                    "name": "Jiaqi Li"
                },
                {
                    "authorId": "2257636629",
                    "name": "Xiaojian Ma"
                },
                {
                    "authorId": "2257367774",
                    "name": "Yitao Liang"
                }
            ],
            "doi": "10.48550/arXiv.2403.05313",
            "intent": [],
            "isInfluential": false,
            "paperId": "dc256e179d4e8eff48879a40ddc414b15b0b2300",
            "title": "RAT: Retrieval Augmented Thoughts Elicit Context-Aware Reasoning in Long-Horizon Generation",
            "url": "https://www.semanticscholar.org/paper/dc256e179d4e8eff48879a40ddc414b15b0b2300",
            "venue": "ArXiv",
            "year": 2024
        },
        {
            "arxivId": "2402.11142",
            "authors": [
                {
                    "authorId": "2187778761",
                    "name": "Sizhe Zhou"
                },
                {
                    "authorId": "145391513",
                    "name": "Yu Meng"
                },
                {
                    "authorId": "2057050247",
                    "name": "Bowen Jin"
                },
                {
                    "authorId": "2257136881",
                    "name": "Jiawei Han"
                }
            ],
            "doi": "10.48550/arXiv.2402.11142",
            "intent": [],
            "isInfluential": false,
            "paperId": "bfc467453d258329c29e2d4dd3b322dbb29984bd",
            "title": "Grasping the Essentials: Tailoring Large Language Models for Zero-Shot Relation Extraction",
            "url": "https://www.semanticscholar.org/paper/bfc467453d258329c29e2d4dd3b322dbb29984bd",
            "venue": "EMNLP",
            "year": 2024
        },
        {
            "arxivId": "2402.01364",
            "authors": [
                {
                    "authorId": "1514917592",
                    "name": "Tongtong Wu"
                },
                {
                    "authorId": "2238130759",
                    "name": "Linhao Luo"
                },
                {
                    "authorId": "2256011160",
                    "name": "Yuan-Fang Li"
                },
                {
                    "authorId": "2265933101",
                    "name": "Shirui Pan"
                },
                {
                    "authorId": "122699890",
                    "name": "Thuy-Trang Vu"
                },
                {
                    "authorId": "2561045",
                    "name": "Gholamreza Haffari"
                }
            ],
            "doi": "10.48550/arXiv.2402.01364",
            "intent": [],
            "isInfluential": false,
            "paperId": "bd0cd89337cc40d39d3a4cbe9c8709e06e877f3e",
            "title": "Continual Learning for Large Language Models: A Survey",
            "url": "https://www.semanticscholar.org/paper/bd0cd89337cc40d39d3a4cbe9c8709e06e877f3e",
            "venue": "ArXiv",
            "year": 2024
        },
        {
            "arxivId": "2312.10997",
            "authors": [
                {
                    "authorId": "2280046531",
                    "name": "Yunfan Gao"
                },
                {
                    "authorId": "2275320371",
                    "name": "Yun Xiong"
                },
                {
                    "authorId": "2275341478",
                    "name": "Xinyu Gao"
                },
                {
                    "authorId": "2275191447",
                    "name": "Kangxiang Jia"
                },
                {
                    "authorId": "2275530552",
                    "name": "Jinliu Pan"
                },
                {
                    "authorId": "2275171009",
                    "name": "Yuxi Bi"
                },
                {
                    "authorId": "2276187454",
                    "name": "Yi Dai"
                },
                {
                    "authorId": "2275540959",
                    "name": "Jiawei Sun"
                },
                {
                    "authorId": "2258800561",
                    "name": "Qianyu Guo"
                },
                {
                    "authorId": "2291409458",
                    "name": "Meng Wang"
                },
                {
                    "authorId": "2256769434",
                    "name": "Haofen Wang"
                }
            ],
            "doi": "10.48550/arXiv.2312.10997",
            "intent": [],
            "isInfluential": false,
            "paperId": "46f9f7b8f88f72e12cbdb21e3311f995eb6e65c5",
            "title": "Retrieval-Augmented Generation for Large Language Models: A Survey",
            "url": "https://www.semanticscholar.org/paper/46f9f7b8f88f72e12cbdb21e3311f995eb6e65c5",
            "venue": "ArXiv",
            "year": 2023
        },
        {
            "arxivId": "2310.18347",
            "authors": [
                {
                    "authorId": "2262758994",
                    "name": "Haoyan Yang"
                },
                {
                    "authorId": "2111336489",
                    "name": "Zhitao Li"
                },
                {
                    "authorId": "2144289768",
                    "name": "Yong Zhang"
                },
                {
                    "authorId": "66063851",
                    "name": "Jianzong Wang"
                },
                {
                    "authorId": "145292435",
                    "name": "Ning Cheng"
                },
                {
                    "authorId": "2150655891",
                    "name": "Ming Li"
                },
                {
                    "authorId": "91353860",
                    "name": "Jing Xiao"
                }
            ],
            "doi": "10.48550/arXiv.2310.18347",
            "intent": [],
            "isInfluential": false,
            "paperId": "d824b7154ad6df729fef49030ee170466911414b",
            "title": "PRCA: Fitting Black-Box Large Language Models for Retrieval Question Answering via Pluggable Reward-Driven Contextual Adapter",
            "url": "https://www.semanticscholar.org/paper/d824b7154ad6df729fef49030ee170466911414b",
            "venue": "EMNLP",
            "year": 2023
        },
        {
            "arxivId": "2310.12361",
            "authors": [
                {
                    "authorId": "1922252929",
                    "name": "Connor Lennox"
                },
                {
                    "authorId": "118809131",
                    "name": "Sumanta Kashyapi"
                },
                {
                    "authorId": "2260336107",
                    "name": "Laura Dietz"
                }
            ],
            "doi": "10.48550/arXiv.2310.12361",
            "intent": [],
            "isInfluential": false,
            "paperId": "ee66186899fda8348599ba0bbb5487c089fa5357",
            "title": "Retrieve-Cluster-Summarize: An Alternative to End-to-End Training for Query-specific Article Generation",
            "url": "https://www.semanticscholar.org/paper/ee66186899fda8348599ba0bbb5487c089fa5357",
            "venue": "ArXiv",
            "year": 2023
        },
        {
            "arxivId": "2310.11511",
            "authors": [
                {
                    "authorId": "35584853",
                    "name": "Akari Asai"
                },
                {
                    "authorId": "7806955",
                    "name": "Zeqiu Wu"
                },
                {
                    "authorId": "1705260",
                    "name": "Yizhong Wang"
                },
                {
                    "authorId": "2707234",
                    "name": "Avirup Sil"
                },
                {
                    "authorId": "2548384",
                    "name": "Hannaneh Hajishirzi"
                }
            ],
            "doi": "10.48550/arXiv.2310.11511",
            "intent": [],
            "isInfluential": true,
            "paperId": "ddbd8fe782ac98e9c64dd98710687a962195dd9b",
            "title": "Self-RAG: Learning to Retrieve, Generate, and Critique through Self-Reflection",
            "url": "https://www.semanticscholar.org/paper/ddbd8fe782ac98e9c64dd98710687a962195dd9b",
            "venue": "ICLR",
            "year": 2023
        },
        {
            "arxivId": "2310.06839",
            "authors": [
                {
                    "authorId": "2181120463",
                    "name": "Huiqiang Jiang"
                },
                {
                    "authorId": "2108728536",
                    "name": "Qianhui Wu"
                },
                {
                    "authorId": "13289447",
                    "name": "Xufang Luo"
                },
                {
                    "authorId": "2181524288",
                    "name": "Dongsheng Li"
                },
                {
                    "authorId": "2257359863",
                    "name": "Chin-Yew Lin"
                },
                {
                    "authorId": "2125051198",
                    "name": "Yuqing Yang"
                },
                {
                    "authorId": "2160727304",
                    "name": "Lili Qiu"
                }
            ],
            "doi": "10.48550/arXiv.2310.06839",
            "intent": [],
            "isInfluential": true,
            "paperId": "4c0428917aeee6aa7bd434f337d039f35996b736",
            "title": "LongLLMLingua: Accelerating and Enhancing LLMs in Long Context Scenarios via Prompt Compression",
            "url": "https://www.semanticscholar.org/paper/4c0428917aeee6aa7bd434f337d039f35996b736",
            "venue": "ACL",
            "year": 2023
        },
        {
            "arxivId": "2310.04408",
            "authors": [
                {
                    "authorId": "2159829626",
                    "name": "Fangyuan Xu"
                },
                {
                    "authorId": "2254168373",
                    "name": "Weijia Shi"
                },
                {
                    "authorId": "2890423",
                    "name": "Eunsol Choi"
                }
            ],
            "doi": "10.48550/arXiv.2310.04408",
            "intent": [],
            "isInfluential": true,
            "paperId": "23af54b82c951317f1fc1841164d8a441a2d8120",
            "title": "RECOMP: Improving Retrieval-Augmented LMs with Compression and Selective Augmentation",
            "url": "https://www.semanticscholar.org/paper/23af54b82c951317f1fc1841164d8a441a2d8120",
            "venue": "ArXiv",
            "year": 2023
        },
        {
            "arxivId": "2310.01558",
            "authors": [
                {
                    "authorId": "2074100429",
                    "name": "Ori Yoran"
                },
                {
                    "authorId": "51174907",
                    "name": "Tomer Wolfson"
                },
                {
                    "authorId": "73775461",
                    "name": "Ori Ram"
                },
                {
                    "authorId": "1750652",
                    "name": "Jonathan Berant"
                }
            ],
            "doi": "10.48550/arXiv.2310.01558",
            "intent": [],
            "isInfluential": false,
            "paperId": "3aee33831e0bdea1a1eaae21c7586e4f7c0396d6",
            "title": "Making Retrieval-Augmented Language Models Robust to Irrelevant Context",
            "url": "https://www.semanticscholar.org/paper/3aee33831e0bdea1a1eaae21c7586e4f7c0396d6",
            "venue": "ICLR",
            "year": 2023
        },
        {
            "arxivId": "2309.06180",
            "authors": [
                {
                    "authorId": "2239096468",
                    "name": "Woosuk Kwon"
                },
                {
                    "authorId": "2141335450",
                    "name": "Zhuohan Li"
                },
                {
                    "authorId": "92721493",
                    "name": "Siyuan Zhuang"
                },
                {
                    "authorId": "2209360681",
                    "name": "Ying Sheng"
                },
                {
                    "authorId": "2149970173",
                    "name": "Lianmin Zheng"
                },
                {
                    "authorId": "2239168517",
                    "name": "Cody Hao Yu"
                },
                {
                    "authorId": "49988044",
                    "name": "Joseph E. Gonzalez"
                },
                {
                    "authorId": "145140331",
                    "name": "Haotong Zhang"
                },
                {
                    "authorId": "2055174324",
                    "name": "Ion Stoica"
                }
            ],
            "doi": "10.1145/3600006.3613165",
            "intent": [],
            "isInfluential": false,
            "paperId": "83b90f4a0ae4cc214eb3cc140ccfef9cd99fac05",
            "title": "Efficient Memory Management for Large Language Model Serving with PagedAttention",
            "url": "https://www.semanticscholar.org/paper/83b90f4a0ae4cc214eb3cc140ccfef9cd99fac05",
            "venue": "SOSP",
            "year": 2023
        },
        {
            "arxivId": "2307.09288",
            "authors": [
                {
                    "authorId": "2113243762",
                    "name": "Hugo Touvron"
                },
                {
                    "authorId": "143792623",
                    "name": "Louis Martin"
                },
                {
                    "authorId": "2059203763",
                    "name": "Kevin R. Stone"
                },
                {
                    "authorId": "2214809450",
                    "name": "Peter Albert"
                },
                {
                    "authorId": "2634674",
                    "name": "Amjad Almahairi"
                },
                {
                    "authorId": "2223764353",
                    "name": "Yasmine Babaei"
                },
                {
                    "authorId": "2223756247",
                    "name": "Nikolay Bashlykov"
                },
                {
                    "authorId": "47505161",
                    "name": "Soumya Batra"
                },
                {
                    "authorId": "51229603",
                    "name": "Prajjwal Bhargava"
                },
                {
                    "authorId": "2116473",
                    "name": "Shruti Bhosale"
                },
                {
                    "authorId": "2023469",
                    "name": "D. Bikel"
                },
                {
                    "authorId": "2040305955",
                    "name": "Lukas Blecher"
                },
                {
                    "authorId": "66286536",
                    "name": "Cristian Cant\u00f3n Ferrer"
                },
                {
                    "authorId": "2108267192",
                    "name": "Moya Chen"
                },
                {
                    "authorId": "7153363",
                    "name": "Guillem Cucurull"
                },
                {
                    "authorId": "71039937",
                    "name": "David Esiobu"
                },
                {
                    "authorId": "2166312768",
                    "name": "Jude Fernandes"
                },
                {
                    "authorId": "2223974989",
                    "name": "Jeremy Fu"
                },
                {
                    "authorId": "2223742000",
                    "name": "Wenyin Fu"
                },
                {
                    "authorId": "2223748737",
                    "name": "Brian Fuller"
                },
                {
                    "authorId": "2107063269",
                    "name": "Cynthia Gao"
                },
                {
                    "authorId": "28554843",
                    "name": "Vedanuj Goswami"
                },
                {
                    "authorId": "39589154",
                    "name": "Naman Goyal"
                },
                {
                    "authorId": "4305645",
                    "name": "A. Hartshorn"
                },
                {
                    "authorId": "2195458",
                    "name": "Saghar Hosseini"
                },
                {
                    "authorId": "2132302721",
                    "name": "Rui Hou"
                },
                {
                    "authorId": "2065277797",
                    "name": "Hakan Inan"
                },
                {
                    "authorId": "2059886128",
                    "name": "Marcin Kardas"
                },
                {
                    "authorId": "2190957318",
                    "name": "Viktor Kerkez"
                },
                {
                    "authorId": "2072010",
                    "name": "Madian Khabsa"
                },
                {
                    "authorId": "2207049",
                    "name": "Isabel M. Kloumann"
                },
                {
                    "authorId": "2135297476",
                    "name": "A. Korenev"
                },
                {
                    "authorId": "2146367061",
                    "name": "Punit Singh Koura"
                },
                {
                    "authorId": "114952298",
                    "name": "Marie-Anne Lachaux"
                },
                {
                    "authorId": "46183616",
                    "name": "Thibaut Lavril"
                },
                {
                    "authorId": "2223749565",
                    "name": "Jenya Lee"
                },
                {
                    "authorId": "2145259939",
                    "name": "Diana Liskovich"
                },
                {
                    "authorId": "1768032",
                    "name": "Yinghai Lu"
                },
                {
                    "authorId": "3375249",
                    "name": "Yuning Mao"
                },
                {
                    "authorId": "1490887583",
                    "name": "Xavier Martinet"
                },
                {
                    "authorId": "39980906",
                    "name": "Todor Mihaylov"
                },
                {
                    "authorId": "3047561",
                    "name": "Pushkar Mishra"
                },
                {
                    "authorId": "2322981055",
                    "name": "Igor Molybog"
                },
                {
                    "authorId": "40383658",
                    "name": "Yixin Nie"
                },
                {
                    "authorId": "38579672",
                    "name": "Andrew Poulton"
                },
                {
                    "authorId": "39906022",
                    "name": "Jeremy Reizenstein"
                },
                {
                    "authorId": "150282885",
                    "name": "Rashi Rungta"
                },
                {
                    "authorId": "1859294",
                    "name": "Kalyan Saladi"
                },
                {
                    "authorId": "14279694",
                    "name": "Alan Schelten"
                },
                {
                    "authorId": "2214818043",
                    "name": "Ruan Silva"
                },
                {
                    "authorId": "51324296",
                    "name": "Eric Michael Smith"
                },
                {
                    "authorId": "2066074360",
                    "name": "R. Subramanian"
                },
                {
                    "authorId": "2112782199",
                    "name": "Xia Tan"
                },
                {
                    "authorId": "71292072",
                    "name": "Binh Tang"
                },
                {
                    "authorId": "2110697298",
                    "name": "Ross Taylor"
                },
                {
                    "authorId": "2110032535",
                    "name": "Adina Williams"
                },
                {
                    "authorId": "2223770369",
                    "name": "Jian Xiang Kuan"
                },
                {
                    "authorId": "2214843767",
                    "name": "Puxin Xu"
                },
                {
                    "authorId": "14701107",
                    "name": "Zhengxu Yan"
                },
                {
                    "authorId": "121929334",
                    "name": "Iliyan Zarov"
                },
                {
                    "authorId": "2108473229",
                    "name": "Yuchen Zhang"
                },
                {
                    "authorId": "144270981",
                    "name": "Angela Fan"
                },
                {
                    "authorId": "2165660870",
                    "name": "M. Kambadur"
                },
                {
                    "authorId": "46617804",
                    "name": "Sharan Narang"
                },
                {
                    "authorId": "2166043087",
                    "name": "Aur\u00e9lien Rodriguez"
                },
                {
                    "authorId": "1962768",
                    "name": "Robert Stojnic"
                },
                {
                    "authorId": "2068070",
                    "name": "Sergey Edunov"
                },
                {
                    "authorId": "2073456043",
                    "name": "Thomas Scialom"
                }
            ],
            "doi": null,
            "intent": [],
            "isInfluential": true,
            "paperId": "104b0bb1da562d53cbda87aec79ef6a2827d191a",
            "title": "Llama 2: Open Foundation and Fine-Tuned Chat Models",
            "url": "https://www.semanticscholar.org/paper/104b0bb1da562d53cbda87aec79ef6a2827d191a",
            "venue": "ArXiv",
            "year": 2023
        },
        {
            "arxivId": "2307.06908",
            "authors": [
                {
                    "authorId": "51918041",
                    "name": "Dor Muhlgay"
                },
                {
                    "authorId": "73775461",
                    "name": "Ori Ram"
                },
                {
                    "authorId": "2158996542",
                    "name": "Inbal Magar"
                },
                {
                    "authorId": "152754428",
                    "name": "Yoav Levine"
                },
                {
                    "authorId": "2148471161",
                    "name": "Nir Ratner"
                },
                {
                    "authorId": "2083259",
                    "name": "Yonatan Belinkov"
                },
                {
                    "authorId": "2769805",
                    "name": "Omri Abend"
                },
                {
                    "authorId": "2066411743",
                    "name": "Kevin Leyton-Brown"
                },
                {
                    "authorId": "3140335",
                    "name": "A. Shashua"
                },
                {
                    "authorId": "1701353",
                    "name": "Y. Shoham"
                }
            ],
            "doi": "10.48550/arXiv.2307.06908",
            "intent": [],
            "isInfluential": false,
            "paperId": "a72975eb88eb31f193e9587e7415cb04e7bcdbee",
            "title": "Generating Benchmarks for Factuality Evaluation of Language Models",
            "url": "https://www.semanticscholar.org/paper/a72975eb88eb31f193e9587e7415cb04e7bcdbee",
            "venue": "EACL",
            "year": 2023
        },
        {
            "arxivId": "2302.07215",
            "authors": [
                {
                    "authorId": "103439426",
                    "name": "K. Zuchniak"
                }
            ],
            "doi": "10.48550/arXiv.2302.07215",
            "intent": [],
            "isInfluential": false,
            "paperId": "4a6be39cb4e7c4da205c6a52e5ba57496274fb05",
            "title": "Multi-teacher knowledge distillation as an effective method for compressing ensembles of neural networks",
            "url": "https://www.semanticscholar.org/paper/4a6be39cb4e7c4da205c6a52e5ba57496274fb05",
            "venue": "ArXiv",
            "year": 2023
        },
        {
            "arxivId": "2212.10511",
            "authors": [
                {
                    "authorId": "2269472940",
                    "name": "Alex Troy Mallen"
                },
                {
                    "authorId": "35584853",
                    "name": "Akari Asai"
                },
                {
                    "authorId": "3428769",
                    "name": "Victor Zhong"
                },
                {
                    "authorId": "143863023",
                    "name": "Rajarshi Das"
                },
                {
                    "authorId": "2548384",
                    "name": "Hannaneh Hajishirzi"
                },
                {
                    "authorId": "1783281",
                    "name": "Daniel Khashabi"
                }
            ],
            "doi": "10.18653/v1/2023.acl-long.546",
            "intent": [],
            "isInfluential": true,
            "paperId": "c6ee979c2da4b55a8486abae4cd720422ab09b26",
            "title": "When Not to Trust Language Models: Investigating Effectiveness of Parametric and Non-Parametric Memories",
            "url": "https://www.semanticscholar.org/paper/c6ee979c2da4b55a8486abae4cd720422ab09b26",
            "venue": "ACL",
            "year": 2022
        },
        {
            "arxivId": "2211.08411",
            "authors": [
                {
                    "authorId": "1380266797",
                    "name": "Nikhil Kandpal"
                },
                {
                    "authorId": "2072971465",
                    "name": "H. Deng"
                },
                {
                    "authorId": "145625142",
                    "name": "Adam Roberts"
                },
                {
                    "authorId": "145217343",
                    "name": "Eric Wallace"
                },
                {
                    "authorId": "2402716",
                    "name": "Colin Raffel"
                }
            ],
            "doi": "10.48550/arXiv.2211.08411",
            "intent": [],
            "isInfluential": false,
            "paperId": "75f7e9e2b59fb640ef9d1dff94097175daf46c4d",
            "title": "Large Language Models Struggle to Learn Long-Tail Knowledge",
            "url": "https://www.semanticscholar.org/paper/75f7e9e2b59fb640ef9d1dff94097175daf46c4d",
            "venue": "ICML",
            "year": 2022
        },
        {
            "arxivId": "2208.03299",
            "authors": [
                {
                    "authorId": "1410231361",
                    "name": "Gautier Izacard"
                },
                {
                    "authorId": "145222654",
                    "name": "Patrick Lewis"
                },
                {
                    "authorId": "3376175",
                    "name": "M. Lomeli"
                },
                {
                    "authorId": "26360550",
                    "name": "Lucas Hosseini"
                },
                {
                    "authorId": "40052301",
                    "name": "F. Petroni"
                },
                {
                    "authorId": "32246932",
                    "name": "Timo Schick"
                },
                {
                    "authorId": "2129456957",
                    "name": "Jane A. Yu"
                },
                {
                    "authorId": "2319608",
                    "name": "Armand Joulin"
                },
                {
                    "authorId": "48662861",
                    "name": "Sebastian Riedel"
                },
                {
                    "authorId": "3024698",
                    "name": "Edouard Grave"
                }
            ],
            "doi": "10.48550/arXiv.2208.03299",
            "intent": [],
            "isInfluential": true,
            "paperId": "916be31cbf847faa65cad0549e153f0c25b9f424",
            "title": "Few-shot Learning with Retrieval Augmented Language Models",
            "url": "https://www.semanticscholar.org/paper/916be31cbf847faa65cad0549e153f0c25b9f424",
            "venue": "J. Mach. Learn. Res.",
            "year": 2022
        },
        {
            "arxivId": "2203.02155",
            "authors": [
                {
                    "authorId": "31793034",
                    "name": "Long Ouyang"
                },
                {
                    "authorId": "49387725",
                    "name": "Jeff Wu"
                },
                {
                    "authorId": "2115903168",
                    "name": "Xu Jiang"
                },
                {
                    "authorId": "2061137049",
                    "name": "Diogo Almeida"
                },
                {
                    "authorId": "2064084601",
                    "name": "Carroll L. Wainwright"
                },
                {
                    "authorId": "2051714782",
                    "name": "Pamela Mishkin"
                },
                {
                    "authorId": null,
                    "name": "Chong Zhang"
                },
                {
                    "authorId": "144517868",
                    "name": "Sandhini Agarwal"
                },
                {
                    "authorId": "2117680841",
                    "name": "Katarina Slama"
                },
                {
                    "authorId": "2064770039",
                    "name": "Alex Ray"
                },
                {
                    "authorId": "47971768",
                    "name": "John Schulman"
                },
                {
                    "authorId": "2052366271",
                    "name": "Jacob Hilton"
                },
                {
                    "authorId": "2151735262",
                    "name": "Fraser Kelton"
                },
                {
                    "authorId": "2142365973",
                    "name": "Luke E. Miller"
                },
                {
                    "authorId": "2151735251",
                    "name": "Maddie Simens"
                },
                {
                    "authorId": "119609682",
                    "name": "Amanda Askell"
                },
                {
                    "authorId": "2930640",
                    "name": "P. Welinder"
                },
                {
                    "authorId": "145791315",
                    "name": "P. Christiano"
                },
                {
                    "authorId": "2990741",
                    "name": "J. Leike"
                },
                {
                    "authorId": "49407415",
                    "name": "Ryan J. Lowe"
                }
            ],
            "doi": null,
            "intent": [],
            "isInfluential": false,
            "paperId": "d766bffc357127e0dc86dd69561d5aeb520d6f4c",
            "title": "Training language models to follow instructions with human feedback",
            "url": "https://www.semanticscholar.org/paper/d766bffc357127e0dc86dd69561d5aeb520d6f4c",
            "venue": "NeurIPS",
            "year": 2022
        },
        {
            "arxivId": "2112.09118",
            "authors": [
                {
                    "authorId": "1410231361",
                    "name": "Gautier Izacard"
                },
                {
                    "authorId": "2062862676",
                    "name": "Mathilde Caron"
                },
                {
                    "authorId": "26360550",
                    "name": "Lucas Hosseini"
                },
                {
                    "authorId": "48662861",
                    "name": "Sebastian Riedel"
                },
                {
                    "authorId": "2329288",
                    "name": "Piotr Bojanowski"
                },
                {
                    "authorId": "2319608",
                    "name": "Armand Joulin"
                },
                {
                    "authorId": "3024698",
                    "name": "Edouard Grave"
                }
            ],
            "doi": null,
            "intent": [],
            "isInfluential": false,
            "paperId": "4f4a409f701f7552d45c46a5b0fea69dca6f8e84",
            "title": "Unsupervised Dense Information Retrieval with Contrastive Learning",
            "url": "https://www.semanticscholar.org/paper/4f4a409f701f7552d45c46a5b0fea69dca6f8e84",
            "venue": "Trans. Mach. Learn. Res.",
            "year": 2021
        },
        {
            "arxivId": "2110.08207",
            "authors": [
                {
                    "authorId": "51918868",
                    "name": "Victor Sanh"
                },
                {
                    "authorId": "1991019030",
                    "name": "Albert Webson"
                },
                {
                    "authorId": "2402716",
                    "name": "Colin Raffel"
                },
                {
                    "authorId": "2870504",
                    "name": "Stephen H. Bach"
                },
                {
                    "authorId": "35566806",
                    "name": "Lintang Sutawika"
                },
                {
                    "authorId": "25098419",
                    "name": "Zaid Alyafeai"
                },
                {
                    "authorId": "2129106958",
                    "name": "Antoine Chaffin"
                },
                {
                    "authorId": "114762823",
                    "name": "Arnaud Stiegler"
                },
                {
                    "authorId": "1379806208",
                    "name": "Teven Le Scao"
                },
                {
                    "authorId": "2048082186",
                    "name": "Arun Raja"
                },
                {
                    "authorId": "1879591269",
                    "name": "Manan Dey"
                },
                {
                    "authorId": "31773000",
                    "name": "M Saiful Bari"
                },
                {
                    "authorId": "66247317",
                    "name": "Canwen Xu"
                },
                {
                    "authorId": "70296695",
                    "name": "Urmish Thakker"
                },
                {
                    "authorId": "1409842673",
                    "name": "Shanya Sharma"
                },
                {
                    "authorId": "50812522",
                    "name": "Eliza Szczechla"
                },
                {
                    "authorId": "2111181991",
                    "name": "Taewoon Kim"
                },
                {
                    "authorId": "1509809381",
                    "name": "Gunjan Chhablani"
                },
                {
                    "authorId": "22209084",
                    "name": "Nihal V. Nayak"
                },
                {
                    "authorId": "2852125",
                    "name": "Debajyoti Datta"
                },
                {
                    "authorId": "80936017",
                    "name": "Jonathan D. Chang"
                },
                {
                    "authorId": "5745221",
                    "name": "Mike Tian-Jian Jiang"
                },
                {
                    "authorId": "144407394",
                    "name": "Han Wang"
                },
                {
                    "authorId": "35904689",
                    "name": "Matteo Manica"
                },
                {
                    "authorId": "2191455",
                    "name": "Sheng Shen"
                },
                {
                    "authorId": "1725420331",
                    "name": "Zheng-Xin Yong"
                },
                {
                    "authorId": "144834468",
                    "name": "Harshit Pandey"
                },
                {
                    "authorId": "48983885",
                    "name": "Rachel Bawden"
                },
                {
                    "authorId": "2135734748",
                    "name": "Thomas Wang"
                },
                {
                    "authorId": "10729963",
                    "name": "Trishala Neeraj"
                },
                {
                    "authorId": "120419790",
                    "name": "Jos Rozen"
                },
                {
                    "authorId": "2051500420",
                    "name": "Abheesht Sharma"
                },
                {
                    "authorId": "2065039862",
                    "name": "Andrea Santilli"
                },
                {
                    "authorId": "79215748",
                    "name": "Thibault F\u00e9vry"
                },
                {
                    "authorId": "31592365",
                    "name": "Jason Alan Fries"
                },
                {
                    "authorId": "2131107966",
                    "name": "Ryan Teehan"
                },
                {
                    "authorId": "103476203",
                    "name": "Stella Biderman"
                },
                {
                    "authorId": "2027599537",
                    "name": "Leo Gao"
                },
                {
                    "authorId": "94251255",
                    "name": "T. Bers"
                },
                {
                    "authorId": "50335211",
                    "name": "Thomas Wolf"
                },
                {
                    "authorId": "2531268",
                    "name": "Alexander M. Rush"
                }
            ],
            "doi": null,
            "intent": [],
            "isInfluential": false,
            "paperId": "17dd3555fd1ccf1141cf984347fa1b3fd6b009ca",
            "title": "Multitask Prompted Training Enables Zero-Shot Task Generalization",
            "url": "https://www.semanticscholar.org/paper/17dd3555fd1ccf1141cf984347fa1b3fd6b009ca",
            "venue": "ICLR",
            "year": 2021
        },
        {
            "arxivId": "2109.01652",
            "authors": [
                {
                    "authorId": "144026731",
                    "name": "Jason Wei"
                },
                {
                    "authorId": "40377863",
                    "name": "Maarten Bosma"
                },
                {
                    "authorId": "2664737",
                    "name": "Vincent Zhao"
                },
                {
                    "authorId": "2091768",
                    "name": "Kelvin Guu"
                },
                {
                    "authorId": "40625240",
                    "name": "Adams Wei Yu"
                },
                {
                    "authorId": "144104130",
                    "name": "Brian Lester"
                },
                {
                    "authorId": "2140321952",
                    "name": "Nan Du"
                },
                {
                    "authorId": "2555924",
                    "name": "Andrew M. Dai"
                },
                {
                    "authorId": "2827616",
                    "name": "Quoc V. Le"
                }
            ],
            "doi": null,
            "intent": [],
            "isInfluential": false,
            "paperId": "ff0b2681d7b05e16c46dfb71d980cc2f605907cd",
            "title": "Finetuned Language Models Are Zero-Shot Learners",
            "url": "https://www.semanticscholar.org/paper/ff0b2681d7b05e16c46dfb71d980cc2f605907cd",
            "venue": "ICLR",
            "year": 2021
        },
        {
            "arxivId": "2108.00573",
            "authors": [
                {
                    "authorId": "6365809",
                    "name": "H. Trivedi"
                },
                {
                    "authorId": "35217367",
                    "name": "Niranjan Balasubramanian"
                },
                {
                    "authorId": "2236429",
                    "name": "Tushar Khot"
                },
                {
                    "authorId": "48229640",
                    "name": "Ashish Sabharwal"
                }
            ],
            "doi": "10.1162/tacl_a_00475",
            "intent": [],
            "isInfluential": false,
            "paperId": "ec307b17f193b14292206b65a1bcc95bfd8f02ed",
            "title": "\u266b MuSiQue: Multihop Questions via Single-hop Question Composition",
            "url": "https://www.semanticscholar.org/paper/ec307b17f193b14292206b65a1bcc95bfd8f02ed",
            "venue": "TACL",
            "year": 2021
        },
        {
            "arxivId": "2106.09685",
            "authors": [
                {
                    "authorId": "2157840220",
                    "name": "J. E. Hu"
                },
                {
                    "authorId": "1752875",
                    "name": "Yelong Shen"
                },
                {
                    "authorId": "104100507",
                    "name": "Phillip Wallis"
                },
                {
                    "authorId": "1388725932",
                    "name": "Zeyuan Allen-Zhu"
                },
                {
                    "authorId": "2110486765",
                    "name": "Yuanzhi Li"
                },
                {
                    "authorId": "2135571585",
                    "name": "Shean Wang"
                },
                {
                    "authorId": "2109136147",
                    "name": "Weizhu Chen"
                }
            ],
            "doi": null,
            "intent": [],
            "isInfluential": false,
            "paperId": "a8ca46b171467ceb2d7652fbfb67fe701ad86092",
            "title": "LoRA: Low-Rank Adaptation of Large Language Models",
            "url": "https://www.semanticscholar.org/paper/a8ca46b171467ceb2d7652fbfb67fe701ad86092",
            "venue": "ICLR",
            "year": 2021
        },
        {
            "arxivId": "2011.01060",
            "authors": [
                {
                    "authorId": "1643889940",
                    "name": "Xanh Ho"
                },
                {
                    "authorId": "1997993126",
                    "name": "A. Nguyen"
                },
                {
                    "authorId": "2673984",
                    "name": "Saku Sugawara"
                },
                {
                    "authorId": "1705519",
                    "name": "Akiko Aizawa"
                }
            ],
            "doi": "10.18653/V1/2020.COLING-MAIN.580",
            "intent": [],
            "isInfluential": false,
            "paperId": "9001eb3c3d5a96ad3d804410c2437e6f60feade9",
            "title": "Constructing A Multi-hop QA Dataset for Comprehensive Evaluation of Reasoning Steps",
            "url": "https://www.semanticscholar.org/paper/9001eb3c3d5a96ad3d804410c2437e6f60feade9",
            "venue": "COLING",
            "year": 2020
        },
        {
            "arxivId": "2010.09926",
            "authors": [
                {
                    "authorId": "41019457",
                    "name": "Neema Kotonya"
                },
                {
                    "authorId": "49973505",
                    "name": "Francesca Toni"
                }
            ],
            "doi": "10.18653/v1/2020.emnlp-main.623",
            "intent": [],
            "isInfluential": false,
            "paperId": "5aa2474efae299af6550a23bb71793ab0d1ac97b",
            "title": "Explainable Automated Fact-Checking for Public Health Claims",
            "url": "https://www.semanticscholar.org/paper/5aa2474efae299af6550a23bb71793ab0d1ac97b",
            "venue": "EMNLP",
            "year": 2020
        },
        {
            "arxivId": "2005.14165",
            "authors": [
                {
                    "authorId": "31035595",
                    "name": "Tom B. Brown"
                },
                {
                    "authorId": "2056658938",
                    "name": "Benjamin Mann"
                },
                {
                    "authorId": "39849748",
                    "name": "Nick Ryder"
                },
                {
                    "authorId": "2065894334",
                    "name": "Melanie Subbiah"
                },
                {
                    "authorId": "152724169",
                    "name": "J. Kaplan"
                },
                {
                    "authorId": "6515819",
                    "name": "Prafulla Dhariwal"
                },
                {
                    "authorId": "2072676",
                    "name": "Arvind Neelakantan"
                },
                {
                    "authorId": "67311962",
                    "name": "Pranav Shyam"
                },
                {
                    "authorId": "144864359",
                    "name": "Girish Sastry"
                },
                {
                    "authorId": "119609682",
                    "name": "Amanda Askell"
                },
                {
                    "authorId": "144517868",
                    "name": "Sandhini Agarwal"
                },
                {
                    "authorId": "1404060687",
                    "name": "Ariel Herbert-Voss"
                },
                {
                    "authorId": "2064404342",
                    "name": "Gretchen Krueger"
                },
                {
                    "authorId": "103143311",
                    "name": "T. Henighan"
                },
                {
                    "authorId": "48422824",
                    "name": "R. Child"
                },
                {
                    "authorId": "1992922591",
                    "name": "A. Ramesh"
                },
                {
                    "authorId": "2052152920",
                    "name": "Daniel M. Ziegler"
                },
                {
                    "authorId": "49387725",
                    "name": "Jeff Wu"
                },
                {
                    "authorId": "2059411355",
                    "name": "Clemens Winter"
                },
                {
                    "authorId": "144239765",
                    "name": "Christopher Hesse"
                },
                {
                    "authorId": "2108828435",
                    "name": "Mark Chen"
                },
                {
                    "authorId": "2064673055",
                    "name": "Eric Sigler"
                },
                {
                    "authorId": "1380985420",
                    "name": "Ma-teusz Litwin"
                },
                {
                    "authorId": "145565184",
                    "name": "Scott Gray"
                },
                {
                    "authorId": "1490681878",
                    "name": "B. Chess"
                },
                {
                    "authorId": "2115193883",
                    "name": "Jack Clark"
                },
                {
                    "authorId": "133740015",
                    "name": "Christopher Berner"
                },
                {
                    "authorId": "52238703",
                    "name": "Sam McCandlish"
                },
                {
                    "authorId": "38909097",
                    "name": "Alec Radford"
                },
                {
                    "authorId": "1701686",
                    "name": "I. Sutskever"
                },
                {
                    "authorId": "2698777",
                    "name": "Dario Amodei"
                }
            ],
            "doi": null,
            "intent": [],
            "isInfluential": false,
            "paperId": "90abbc2cf38462b954ae1b772fac9532e2ccd8b0",
            "title": "Language Models are Few-Shot Learners",
            "url": "https://www.semanticscholar.org/paper/90abbc2cf38462b954ae1b772fac9532e2ccd8b0",
            "venue": "NeurIPS",
            "year": 2020
        },
        {
            "arxivId": "2005.11401",
            "authors": [
                {
                    "authorId": "145222654",
                    "name": "Patrick Lewis"
                },
                {
                    "authorId": "3439053",
                    "name": "Ethan Perez"
                },
                {
                    "authorId": "1716179427",
                    "name": "Aleksandara Piktus"
                },
                {
                    "authorId": "40052301",
                    "name": "F. Petroni"
                },
                {
                    "authorId": "2067091563",
                    "name": "Vladimir Karpukhin"
                },
                {
                    "authorId": "39589154",
                    "name": "Naman Goyal"
                },
                {
                    "authorId": "103131985",
                    "name": "Heinrich Kuttler"
                },
                {
                    "authorId": "35084211",
                    "name": "M. Lewis"
                },
                {
                    "authorId": "144105277",
                    "name": "Wen-tau Yih"
                },
                {
                    "authorId": "2620211",
                    "name": "Tim Rockt\u00e4schel"
                },
                {
                    "authorId": "48662861",
                    "name": "Sebastian Riedel"
                },
                {
                    "authorId": "1743722",
                    "name": "Douwe Kiela"
                }
            ],
            "doi": null,
            "intent": [],
            "isInfluential": true,
            "paperId": "58ed1fbaabe027345f7bb3a6312d41c5aac63e22",
            "title": "Retrieval-Augmented Generation for Knowledge-Intensive NLP Tasks",
            "url": "https://www.semanticscholar.org/paper/58ed1fbaabe027345f7bb3a6312d41c5aac63e22",
            "venue": "NeurIPS",
            "year": 2020
        },
        {
            "arxivId": "2004.04906",
            "authors": [
                {
                    "authorId": "2067091563",
                    "name": "Vladimir Karpukhin"
                },
                {
                    "authorId": "9185192",
                    "name": "Barlas O\u011fuz"
                },
                {
                    "authorId": "48872685",
                    "name": "Sewon Min"
                },
                {
                    "authorId": "145222654",
                    "name": "Patrick Lewis"
                },
                {
                    "authorId": "51183248",
                    "name": "Ledell Yu Wu"
                },
                {
                    "authorId": "2068070",
                    "name": "Sergey Edunov"
                },
                {
                    "authorId": "50536468",
                    "name": "Danqi Chen"
                },
                {
                    "authorId": "144105277",
                    "name": "Wen-tau Yih"
                }
            ],
            "doi": "10.18653/v1/2020.emnlp-main.550",
            "intent": [],
            "isInfluential": false,
            "paperId": "b26f2037f769d5ffc5f7bdcec2de8da28ec14bee",
            "title": "Dense Passage Retrieval for Open-Domain Question Answering",
            "url": "https://www.semanticscholar.org/paper/b26f2037f769d5ffc5f7bdcec2de8da28ec14bee",
            "venue": "EMNLP",
            "year": 2020
        },
        {
            "arxivId": "2002.08909",
            "authors": [
                {
                    "authorId": "2091768",
                    "name": "Kelvin Guu"
                },
                {
                    "authorId": "2544107",
                    "name": "Kenton Lee"
                },
                {
                    "authorId": "9941702",
                    "name": "Zora Tung"
                },
                {
                    "authorId": "2616463",
                    "name": "Panupong Pasupat"
                },
                {
                    "authorId": "1744179",
                    "name": "Ming-Wei Chang"
                }
            ],
            "doi": null,
            "intent": [],
            "isInfluential": false,
            "paperId": "832fff14d2ed50eb7969c4c4b976c35776548f56",
            "title": "REALM: Retrieval-Augmented Language Model Pre-Training",
            "url": "https://www.semanticscholar.org/paper/832fff14d2ed50eb7969c4c4b976c35776548f56",
            "venue": "ICML",
            "year": 2020
        },
        {
            "arxivId": "1911.00172",
            "authors": [
                {
                    "authorId": "3030219",
                    "name": "Urvashi Khandelwal"
                },
                {
                    "authorId": "39455775",
                    "name": "Omer Levy"
                },
                {
                    "authorId": "1746807",
                    "name": "Dan Jurafsky"
                },
                {
                    "authorId": "1982950",
                    "name": "Luke Zettlemoyer"
                },
                {
                    "authorId": "35084211",
                    "name": "M. Lewis"
                }
            ],
            "doi": null,
            "intent": [],
            "isInfluential": false,
            "paperId": "7be8c119dbe065c52125ee7716601751f3116844",
            "title": "Generalization through Memorization: Nearest Neighbor Language Models",
            "url": "https://www.semanticscholar.org/paper/7be8c119dbe065c52125ee7716601751f3116844",
            "venue": "ICLR",
            "year": 2019
        },
        {
            "arxivId": "1910.02054",
            "authors": [
                {
                    "authorId": "32817044",
                    "name": "Samyam Rajbhandari"
                },
                {
                    "authorId": "3299496",
                    "name": "Jeff Rasley"
                },
                {
                    "authorId": "2537545",
                    "name": "Olatunji Ruwase"
                },
                {
                    "authorId": "2300208615",
                    "name": "Yuxiong He"
                }
            ],
            "doi": "10.1109/SC41405.2020.00024",
            "intent": [],
            "isInfluential": false,
            "paperId": "00c957711b12468cb38424caccdf5291bb354033",
            "title": "ZeRO: Memory optimizations Toward Training Trillion Parameter Models",
            "url": "https://www.semanticscholar.org/paper/00c957711b12468cb38424caccdf5291bb354033",
            "venue": "SC20: International Conference for High Performance Computing, Networking, Storage and Analysis",
            "year": 2019
        },
        {
            "arxivId": "1909.04849",
            "authors": [
                {
                    "authorId": "48872685",
                    "name": "Sewon Min"
                },
                {
                    "authorId": "50536468",
                    "name": "Danqi Chen"
                },
                {
                    "authorId": "2548384",
                    "name": "Hannaneh Hajishirzi"
                },
                {
                    "authorId": "1982950",
                    "name": "Luke Zettlemoyer"
                }
            ],
            "doi": "10.18653/v1/D19-1284",
            "intent": [],
            "isInfluential": false,
            "paperId": "30eff53e981695c7296d258b8dc44b4c7b482a0c",
            "title": "A Discrete Hard EM Approach for Weakly Supervised Question Answering",
            "url": "https://www.semanticscholar.org/paper/30eff53e981695c7296d258b8dc44b4c7b482a0c",
            "venue": "EMNLP",
            "year": 2019
        },
        {
            "arxivId": "1809.09600",
            "authors": [
                {
                    "authorId": "2109512754",
                    "name": "Zhilin Yang"
                },
                {
                    "authorId": "50531624",
                    "name": "Peng Qi"
                },
                {
                    "authorId": "35097114",
                    "name": "Saizheng Zhang"
                },
                {
                    "authorId": "1751762",
                    "name": "Yoshua Bengio"
                },
                {
                    "authorId": "50056360",
                    "name": "William W. Cohen"
                },
                {
                    "authorId": "145124475",
                    "name": "R. Salakhutdinov"
                },
                {
                    "authorId": "144783904",
                    "name": "Christopher D. Manning"
                }
            ],
            "doi": "10.18653/v1/D18-1259",
            "intent": [],
            "isInfluential": true,
            "paperId": "22655979df781d222eaf812b0d325fa9adf11594",
            "title": "HotpotQA: A Dataset for Diverse, Explainable Multi-hop Question Answering",
            "url": "https://www.semanticscholar.org/paper/22655979df781d222eaf812b0d325fa9adf11594",
            "venue": "EMNLP",
            "year": 2018
        },
        {
            "arxivId": "1803.05457",
            "authors": [
                {
                    "authorId": "48323507",
                    "name": "Peter Clark"
                },
                {
                    "authorId": "3390191",
                    "name": "Isaac Cowhey"
                },
                {
                    "authorId": "1741101",
                    "name": "Oren Etzioni"
                },
                {
                    "authorId": "2236429",
                    "name": "Tushar Khot"
                },
                {
                    "authorId": "48229640",
                    "name": "Ashish Sabharwal"
                },
                {
                    "authorId": "3393851",
                    "name": "Carissa Schoenick"
                },
                {
                    "authorId": "3385516",
                    "name": "Oyvind Tafjord"
                }
            ],
            "doi": null,
            "intent": [],
            "isInfluential": false,
            "paperId": "88bb0a28bb58d847183ec505dda89b63771bb495",
            "title": "Think you have Solved Question Answering? Try ARC, the AI2 Reasoning Challenge",
            "url": "https://www.semanticscholar.org/paper/88bb0a28bb58d847183ec505dda89b63771bb495",
            "venue": "ArXiv",
            "year": 2018
        },
        {
            "arxivId": null,
            "authors": [
                {
                    "authorId": "1678656",
                    "name": "I. Loshchilov"
                },
                {
                    "authorId": "144661829",
                    "name": "F. Hutter"
                }
            ],
            "doi": null,
            "intent": [],
            "isInfluential": false,
            "paperId": "d07284a6811f1b2745d91bdb06b040b57f226882",
            "title": "Decoupled Weight Decay Regularization",
            "url": "https://www.semanticscholar.org/paper/d07284a6811f1b2745d91bdb06b040b57f226882",
            "venue": "ICLR",
            "year": 2017
        },
        {
            "arxivId": "1705.03551",
            "authors": [
                {
                    "authorId": "144863691",
                    "name": "Mandar Joshi"
                },
                {
                    "authorId": "2890423",
                    "name": "Eunsol Choi"
                },
                {
                    "authorId": "1780531",
                    "name": "Daniel S. Weld"
                },
                {
                    "authorId": "1982950",
                    "name": "Luke Zettlemoyer"
                }
            ],
            "doi": "10.18653/v1/P17-1147",
            "intent": [],
            "isInfluential": true,
            "paperId": "f010affab57b5fcf1cd6be23df79d8ec98c7289c",
            "title": "TriviaQA: A Large Scale Distantly Supervised Challenge Dataset for Reading Comprehension",
            "url": "https://www.semanticscholar.org/paper/f010affab57b5fcf1cd6be23df79d8ec98c7289c",
            "venue": "ACL",
            "year": 2017
        },
        {
            "arxivId": null,
            "authors": [
                {
                    "authorId": "1751762",
                    "name": "Yoshua Bengio"
                },
                {
                    "authorId": "36037226",
                    "name": "R\u00e9jean Ducharme"
                },
                {
                    "authorId": "120247189",
                    "name": "Pascal Vincent"
                },
                {
                    "authorId": "1909943744",
                    "name": "Christian Janvin"
                }
            ],
            "doi": null,
            "intent": [],
            "isInfluential": false,
            "paperId": "6c2b28f9354f667cd5bd07afc0471d8334430da7",
            "title": "A Neural Probabilistic Language Model",
            "url": "https://www.semanticscholar.org/paper/6c2b28f9354f667cd5bd07afc0471d8334430da7",
            "venue": "J. Mach. Learn. Res.",
            "year": 2003
        },
        {
            "arxivId": null,
            "authors": [
                {
                    "authorId": "2266707583",
                    "name": "Jaehun Jung"
                },
                {
                    "authorId": "119659229",
                    "name": "Peter West"
                },
                {
                    "authorId": "2112504145",
                    "name": "Liwei Jiang"
                },
                {
                    "authorId": "2223951216",
                    "name": "Faeze Brahman"
                },
                {
                    "authorId": "50085131",
                    "name": "Ximing Lu"
                },
                {
                    "authorId": "33772445",
                    "name": "Jillian R. Fisher"
                },
                {
                    "authorId": "122436831",
                    "name": "Taylor Sorensen"
                },
                {
                    "authorId": "2257385142",
                    "name": "Yejin Choi"
                }
            ],
            "doi": "10.48550/arXiv.2305.16635",
            "intent": [],
            "isInfluential": false,
            "paperId": "ac9d5e5cd77a4f36d9bfd4ee9d4c8089f89990a0",
            "title": "Impossible Distillation: from Low-Quality Model to High-Quality Dataset & Model for Summarization and Paraphrasing",
            "url": "https://www.semanticscholar.org/paper/ac9d5e5cd77a4f36d9bfd4ee9d4c8089f89990a0",
            "venue": "ArXiv",
            "year": 2023
        },
        {
            "arxivId": null,
            "authors": [
                {
                    "authorId": "2068946058",
                    "name": "Nathan Anderson"
                },
                {
                    "authorId": "2184601418",
                    "name": "Caleb Wilson"
                },
                {
                    "authorId": "3278929",
                    "name": "Stephen D. Richardson"
                }
            ],
            "doi": null,
            "intent": [],
            "isInfluential": false,
            "paperId": "eb417981af7864bcd581ba2181011cb416fdebb6",
            "title": "Lingua: Addressing Scenarios for Live Interpretation and Automatic Dubbing",
            "url": "https://www.semanticscholar.org/paper/eb417981af7864bcd581ba2181011cb416fdebb6",
            "venue": "AMTA",
            "year": 2022
        }
    ],
    "s2FieldsOfStudy": [
        {
            "category": "Computer Science",
            "source": "external"
        },
        {
            "category": "Computer Science",
            "source": "s2-fos-model"
        }
    ],
    "title": "Refiner: Restructure Retrieval Content Efficiently to Advance Question-Answering Capabilities",
    "topics": [],
    "url": "https://www.semanticscholar.org/paper/0513d9a10c0c06caaad30f68bf5051884f5a2327",
    "venue": "arXiv.org",
    "year": 2024
}