{
    "abstract": "This paper describes the winning solutions of all tasks in Meta KDD Cup 24 from db3 team. The challenge is to build a RAG system from web sources and knowledge graphs. We are given multiple sources for each query to help us answer the question. The CRAG challenge involves three tasks: (1) condensing information from web pages into accurate answers, (2) integrating structured data from mock knowledge graphs, and (3) selecting and integrating critical data from extensive web pages and APIs to reflect real-world retrieval challenges. Our solution for Task #1 is a framework of web or open-data retrieval and answering. The large language model (LLM) is tuned for better RAG performance and less hallucination. Task #2 and Task #3 solutions are based on a regularized API set for domain questions and the API generation method using tuned LLM. Our knowledge graph API interface extracts directly relevant information to help LLMs answer correctly. Our solution achieves 1st place on all three tasks, achieving a score of 28.4%, 42.7%, and 47.8%, respectively.",
    "arxivId": "2410.00005",
    "authors": [
        {
            "authorId": "1570458824",
            "name": "Yikuan Xia",
            "url": "https://www.semanticscholar.org/author/1570458824"
        },
        {
            "authorId": "2157828815",
            "name": "Jiazun Chen",
            "url": "https://www.semanticscholar.org/author/2157828815"
        },
        {
            "authorId": "2125047801",
            "name": "Jun Gao",
            "url": "https://www.semanticscholar.org/author/2125047801"
        }
    ],
    "citationVelocity": 0,
    "citations": [],
    "corpusId": 273022670,
    "doi": "10.48550/arXiv.2410.00005",
    "fieldsOfStudy": [
        "Computer Science"
    ],
    "influentialCitationCount": 0,
    "isOpenAccess": false,
    "isPublisherLicensed": true,
    "is_open_access": false,
    "is_publisher_licensed": true,
    "numCitedBy": 0,
    "numCiting": 8,
    "paperId": "c7fce5730e8ff8bab266812c548ab9ff1c5c3fe4",
    "references": [
        {
            "arxivId": "2402.03216",
            "authors": [
                {
                    "authorId": "2282545070",
                    "name": "Jianlv Chen"
                },
                {
                    "authorId": "2051175765",
                    "name": "Shitao Xiao"
                },
                {
                    "authorId": "2153419738",
                    "name": "Peitian Zhang"
                },
                {
                    "authorId": "2282542078",
                    "name": "Kun Luo"
                },
                {
                    "authorId": "2267335798",
                    "name": "Defu Lian"
                },
                {
                    "authorId": "2240687341",
                    "name": "Zheng Liu"
                }
            ],
            "doi": "10.48550/arXiv.2402.03216",
            "intent": [
                "background"
            ],
            "isInfluential": false,
            "paperId": "4d5735c186ddb2430ac9689ccf61fdcbbfc23abc",
            "title": "BGE M3-Embedding: Multi-Lingual, Multi-Functionality, Multi-Granularity Text Embeddings Through Self-Knowledge Distillation",
            "url": "https://www.semanticscholar.org/paper/4d5735c186ddb2430ac9689ccf61fdcbbfc23abc",
            "venue": "ACL",
            "year": 2024
        },
        {
            "arxivId": "2312.15503",
            "authors": [
                {
                    "authorId": "2223752606",
                    "name": "Chaofan Li"
                },
                {
                    "authorId": "2240687341",
                    "name": "Zheng Liu"
                },
                {
                    "authorId": "2051175765",
                    "name": "Shitao Xiao"
                },
                {
                    "authorId": "2276488152",
                    "name": "Yingxia Shao"
                }
            ],
            "doi": "10.48550/arXiv.2312.15503",
            "intent": [
                "methodology",
                "background"
            ],
            "isInfluential": false,
            "paperId": "d5d77b9c9e3312edd64a82f2384b328a65a2a0d3",
            "title": "Making Large Language Models A Better Foundation For Dense Retrieval",
            "url": "https://www.semanticscholar.org/paper/d5d77b9c9e3312edd64a82f2384b328a65a2a0d3",
            "venue": "ArXiv",
            "year": 2023
        },
        {
            "arxivId": "2106.09685",
            "authors": [
                {
                    "authorId": "2157840220",
                    "name": "J. E. Hu"
                },
                {
                    "authorId": "1752875",
                    "name": "Yelong Shen"
                },
                {
                    "authorId": "104100507",
                    "name": "Phillip Wallis"
                },
                {
                    "authorId": "1388725932",
                    "name": "Zeyuan Allen-Zhu"
                },
                {
                    "authorId": "2110486765",
                    "name": "Yuanzhi Li"
                },
                {
                    "authorId": "2135571585",
                    "name": "Shean Wang"
                },
                {
                    "authorId": "2109136147",
                    "name": "Weizhu Chen"
                }
            ],
            "doi": null,
            "intent": [
                "methodology"
            ],
            "isInfluential": false,
            "paperId": "a8ca46b171467ceb2d7652fbfb67fe701ad86092",
            "title": "LoRA: Low-Rank Adaptation of Large Language Models",
            "url": "https://www.semanticscholar.org/paper/a8ca46b171467ceb2d7652fbfb67fe701ad86092",
            "venue": "ICLR",
            "year": 2021
        },
        {
            "arxivId": "1809.08887",
            "authors": [
                {
                    "authorId": "48881008",
                    "name": "Tao Yu"
                },
                {
                    "authorId": "144142360",
                    "name": "Rui Zhang"
                },
                {
                    "authorId": "151083432",
                    "name": "Kai-Chou Yang"
                },
                {
                    "authorId": "19168196",
                    "name": "Michihiro Yasunaga"
                },
                {
                    "authorId": "2111236786",
                    "name": "Dongxu Wang"
                },
                {
                    "authorId": "2052868823",
                    "name": "Zifan Li"
                },
                {
                    "authorId": "2109970984",
                    "name": "James Ma"
                },
                {
                    "authorId": "47841931",
                    "name": "Irene Z Li"
                },
                {
                    "authorId": "2053125043",
                    "name": "Qingning Yao"
                },
                {
                    "authorId": "51448842",
                    "name": "Shanelle Roman"
                },
                {
                    "authorId": "2144370906",
                    "name": "Zilin Zhang"
                },
                {
                    "authorId": "9215251",
                    "name": "Dragomir R. Radev"
                }
            ],
            "doi": "10.18653/v1/D18-1425",
            "intent": [],
            "isInfluential": false,
            "paperId": "8e773b1840b894603c06b677a0f15ebcf0f26378",
            "title": "Spider: A Large-Scale Human-Labeled Dataset for Complex and Cross-Domain Semantic Parsing and Text-to-SQL Task",
            "url": "https://www.semanticscholar.org/paper/8e773b1840b894603c06b677a0f15ebcf0f26378",
            "venue": "EMNLP",
            "year": 2018
        },
        {
            "arxivId": null,
            "authors": [],
            "doi": null,
            "intent": [
                "background"
            ],
            "isInfluential": false,
            "paperId": "9d7c0a27e6750a8f8f265867d9301faf30032c24",
            "title": "The Twelfth International Conference on Learning Representations, ICLR 2024, Vienna, Austria, May 7-11, 2024",
            "url": "https://www.semanticscholar.org/paper/9d7c0a27e6750a8f8f265867d9301faf30032c24",
            "venue": "ICLR",
            "year": 2024
        },
        {
            "arxivId": null,
            "authors": [
                {
                    "authorId": "2051175765",
                    "name": "Shitao Xiao"
                },
                {
                    "authorId": "2240687341",
                    "name": "Zheng Liu"
                },
                {
                    "authorId": "2153419738",
                    "name": "Peitian Zhang"
                },
                {
                    "authorId": "2037383772",
                    "name": "Niklas Muennighoff"
                }
            ],
            "doi": "10.48550/arXiv.2309.07597",
            "intent": [],
            "isInfluential": false,
            "paperId": "2ff694e20f492a7acf7fd0646c5e1576f0b3c901",
            "title": "C-Pack: Packaged Resources To Advance General Chinese Embedding",
            "url": "https://www.semanticscholar.org/paper/2ff694e20f492a7acf7fd0646c5e1576f0b3c901",
            "venue": "ArXiv",
            "year": 2023
        }
    ],
    "s2FieldsOfStudy": [
        {
            "category": "Computer Science",
            "source": "external"
        },
        {
            "category": "Computer Science",
            "source": "s2-fos-model"
        }
    ],
    "title": "Winning Solution For Meta KDD Cup' 24",
    "topics": [],
    "url": "https://www.semanticscholar.org/paper/c7fce5730e8ff8bab266812c548ab9ff1c5c3fe4",
    "venue": "arXiv.org",
    "year": 2024
}